source	target	reference	reference_source
DED000001	2099	ATG_ERa_TRANS	ToxCast invitrodb v4.3
DED000002	4780	TOX21_ARE_BLA_Agonist_ratio	ToxCast invitrodb v4.3
DED000002	7157	TOX21_p53_BLA_p2_ratio|TOX21_p53_BLA_p3_ratio	ToxCast invitrodb v4.3
DED000002	8856	TOX21_PXR_LUC_Agonist	ToxCast invitrodb v4.3
DED000006	196	TOX21_AhR_LUC_Agonist	ToxCast invitrodb v4.3
DED000006	2353	TOX21_AP1_BLA_Agonist_ratio	ToxCast invitrodb v4.3
DED000006	3725	TOX21_AP1_BLA_Agonist_ratio	ToxCast invitrodb v4.3
DED000006	4780	TOX21_ARE_KS_LUC_Agonist	ToxCast invitrodb v4.3
DED000006	5914	TOX21_RAR_LUC_Agonist	ToxCast invitrodb v4.3
DED000006	7157	TOX21_p53_BLA_p2_ratio	ToxCast invitrodb v4.3
DED000011	2099	OT_ERa_GFPERaERE_0120	ToxCast invitrodb v4.3
DED000011	367	OT_AR_ARELUC_AG_1440|OT_AR_ARSRC1_0480	ToxCast invitrodb v4.3
DED000011	6714	OT_AR_ARSRC1_0480	ToxCast invitrodb v4.3
DED000012	10488	ATG_CRE_CIS	ToxCast invitrodb v4.3
DED000012	1244	LTEA_HepaRG_ABCC2	ToxCast invitrodb v4.3
DED000012	1555	CLD_CYP2B6_24hr|CLD_CYP2B6_48hr|CLD_CYP2B6_6hr|LTEA_HepaRG_CYP2B6	ToxCast invitrodb v4.3
DED000012	1576	CLD_CYP3A4_24hr|CLD_CYP3A4_48hr	ToxCast invitrodb v4.3
DED000012	1579	LTEA_HepaRG_CYP4A11	ToxCast invitrodb v4.3
DED000012	2168	LTEA_HepaRG_FABP1	ToxCast invitrodb v4.3
DED000012	23089	LTEA_HepaRG_PEG10	ToxCast invitrodb v4.3
DED000012	5243	LTEA_HepaRG_ABCB1	ToxCast invitrodb v4.3
DED000012	5451	ATG_Oct_MLP_CIS	ToxCast invitrodb v4.3
DED000012	5914	ATG_DR5_RAR_CIS	ToxCast invitrodb v4.3
DED000012	5915	ATG_DR5_RAR_CIS	ToxCast invitrodb v4.3
DED000012	5916	ATG_DR5_RAR_CIS	ToxCast invitrodb v4.3
DED000012	6256	TOX21_RXR_BLA_Agonist_ratio	ToxCast invitrodb v4.3
DED000012	6822	CLD_SULT2A_48hr	ToxCast invitrodb v4.3
DED000012	7253	TOX21_TSHR_HTRF_Agonist_ratio	ToxCast invitrodb v4.3
DED000017	1555	LTEA_HepaRG_CYP2B6	ToxCast invitrodb v4.3
DED000017	367	TOX21_AR_BLA_Agonist_ratio|TOX21_AR_LUC_MDAKB2_Agonist	ToxCast invitrodb v4.3
DED000018	1543	CLD_CYP1A1_24hr|CLD_CYP1A1_48hr|CLD_CYP1A1_6hr|LTEA_HepaRG_CYP1A1	ToxCast invitrodb v4.3
DED000018	1544	CLD_CYP1A2_24hr|CLD_CYP1A2_48hr|CLD_CYP1A2_6hr|LTEA_HepaRG_CYP1A2	ToxCast invitrodb v4.3
DED000018	1555	CLD_CYP2B6_24hr|CLD_CYP2B6_48hr|CLD_CYP2B6_6hr|LTEA_HepaRG_CYP2B6	ToxCast invitrodb v4.3
DED000018	1571	LTEA_HepaRG_CYP2E1	ToxCast invitrodb v4.3
DED000018	1576	CLD_CYP3A4_24hr|CLD_CYP3A4_48hr|CLD_CYP3A4_6hr|LTEA_HepaRG_CYP3A4	ToxCast invitrodb v4.3
DED000018	1581	LTEA_HepaRG_CYP7A1	ToxCast invitrodb v4.3
DED000018	196	TOX21_AhR_LUC_Agonist	ToxCast invitrodb v4.3
DED000018	2099	ATG_ERa_TRANS	ToxCast invitrodb v4.3
DED000018	3570	LTEA_HepaRG_IL6R	ToxCast invitrodb v4.3
DED000018	5241	CEETOX_H295R_PROG	ToxCast invitrodb v4.3
DED000018	54658	CLD_UGT1A1_24hr|CLD_UGT1A1_48hr	ToxCast invitrodb v4.3
DED000018	5468	ATG_PPARg_TRANS	ToxCast invitrodb v4.3
DED000018	6714	OT_FXR_FXRSRC1_0480|OT_FXR_FXRSRC1_1440	ToxCast invitrodb v4.3
DED000018	7157	TOX21_p53_BLA_ms_human_ratio|TOX21_p53_BLA_ms_rat_ratio|TOX21_p53_BLA_p2_ratio	ToxCast invitrodb v4.3
DED000018	8856	ATG_PXR_TRANS|TOX21_PXR_LUC_Agonist	ToxCast invitrodb v4.3
DED000018	9970	TOX21_CAR_LUC_Agonist	ToxCast invitrodb v4.3
DED000018	9971	OT_FXR_FXRSRC1_0480|OT_FXR_FXRSRC1_1440	ToxCast invitrodb v4.3
DED000019	2099	TOX21_ERa_LUC_VM7_Agonist_10nM_ICI182780	ToxCast invitrodb v4.3
DED000019	2100	TOX21_ERb_BLA_Agonist_ratio	ToxCast invitrodb v4.3
DED000021	2099	ATG_ERa_TRANS	ToxCast invitrodb v4.3
DED000021	367	ACEA_AR_agonist_80hr	ToxCast invitrodb v4.3
DED000021	7067	ATG_THRa1_TRANS	ToxCast invitrodb v4.3
DED000021	8856	ATG_PXR_TRANS	ToxCast invitrodb v4.3
DED000022	1543	CLD_CYP1A1_6hr	ToxCast invitrodb v4.3
DED000022	1551	LTEA_HepaRG_CYP3A7	ToxCast invitrodb v4.3
DED000022	1555	CLD_CYP2B6_6hr|LTEA_HepaRG_CYP2B6	ToxCast invitrodb v4.3
DED000022	1558	LTEA_HepaRG_CYP2C8	ToxCast invitrodb v4.3
DED000022	1571	LTEA_HepaRG_CYP2E1	ToxCast invitrodb v4.3
DED000022	1576	CLD_CYP3A4_6hr	ToxCast invitrodb v4.3
DED000022	1579	LTEA_HepaRG_CYP4A11	ToxCast invitrodb v4.3
DED000022	3158	CLD_HMGCS2_24hr	ToxCast invitrodb v4.3
DED000022	5166	LTEA_HepaRG_PDK4	ToxCast invitrodb v4.3
DED000023	132	LTEA_HepaRG_ADK	ToxCast invitrodb v4.3
DED000023	1543	LTEA_HepaRG_CYP1A1	ToxCast invitrodb v4.3
DED000023	1544	LTEA_HepaRG_CYP1A2	ToxCast invitrodb v4.3
DED000023	1579	LTEA_HepaRG_CYP4A11	ToxCast invitrodb v4.3
DED000023	2168	LTEA_HepaRG_FABP1	ToxCast invitrodb v4.3
DED000023	23089	LTEA_HepaRG_PEG10	ToxCast invitrodb v4.3
DED000023	6256	TOX21_RXR_BLA_Agonist_ratio	ToxCast invitrodb v4.3
DED000026	10062	ATG_LXRa_TRANS	ToxCast invitrodb v4.3
DED000026	2099	ATG_ERa_TRANS|OT_ER_ERaERb_0480|OT_ER_ERaERb_1440|TOX21_ERa_LUC_VM7_Agonist	ToxCast invitrodb v4.3
DED000026	2100	OT_ER_ERaERb_0480|OT_ER_ERaERb_1440|OT_ER_ERbERb_0480|OT_ER_ERbERb_1440	ToxCast invitrodb v4.3
DED000026	5914	TOX21_RAR_LUC_Agonist	ToxCast invitrodb v4.3
DED000026	6256	TOX21_RXR_BLA_Agonist_ratio	ToxCast invitrodb v4.3
DED000026	6714	OT_FXR_FXRSRC1_1440	ToxCast invitrodb v4.3
DED000026	9971	OT_FXR_FXRSRC1_1440	ToxCast invitrodb v4.3
DED000027	8856	ATG_PXRE_CIS|TOX21_PXR_LUC_Agonist	ToxCast invitrodb v4.3
DED000028	1543	CLD_CYP1A1_24hr|CLD_CYP1A1_48hr	ToxCast invitrodb v4.3
DED000028	1555	CLD_CYP2B6_24hr|CLD_CYP2B6_48hr|CLD_CYP2B6_6hr	ToxCast invitrodb v4.3
DED000028	1576	CLD_CYP3A4_6hr	ToxCast invitrodb v4.3
DED000028	4609	ATG_Myc_CIS	ToxCast invitrodb v4.3
DED000028	4780	ATG_NRF2_ARE_CIS|TOX21_ARE_BLA_Agonist_ratio	ToxCast invitrodb v4.3
DED000028	4929	OT_NURR1_NURR1RXRa_1440	ToxCast invitrodb v4.3
DED000028	5468	ATG_PPARg_TRANS	ToxCast invitrodb v4.3
DED000028	6256	OT_NURR1_NURR1RXRa_1440	ToxCast invitrodb v4.3
DED000028	6667	ATG_Sp1_CIS	ToxCast invitrodb v4.3
DED000028	7421	ATG_VDRE_CIS	ToxCast invitrodb v4.3
DED000028	8856	TOX21_PXR_LUC_Agonist	ToxCast invitrodb v4.3
DED000031	2099	TOX21_ERa_LUC_VM7_Agonist	ToxCast invitrodb v4.3
DED000031	367	OT_AR_ARELUC_AG_1440	ToxCast invitrodb v4.3
DED000031	51176	ATG_TCF_b_cat_CIS	ToxCast invitrodb v4.3
DED000031	6256	TOX21_RXR_BLA_Agonist_ratio	ToxCast invitrodb v4.3
DED000031	6932	ATG_TCF_b_cat_CIS	ToxCast invitrodb v4.3
DED000031	6934	ATG_TCF_b_cat_CIS	ToxCast invitrodb v4.3
DED000031	83439	ATG_TCF_b_cat_CIS	ToxCast invitrodb v4.3
DED000032	367	ACEA_AR_agonist_80hr	ToxCast invitrodb v4.3
DED000032	8856	ATG_PXRE_CIS	ToxCast invitrodb v4.3
DED000033	4780	TOX21_ARE_KS_LUC_Agonist	ToxCast invitrodb v4.3
DED000033	6720	ATG_SREBP_CIS	ToxCast invitrodb v4.3
DED000033	8856	ATG_PXRE_CIS	ToxCast invitrodb v4.3
DED000034	196	ATG_Ahr_CIS|ERF_US_NR_hAHR|TOX21_AhR_LUC_Agonist	ToxCast invitrodb v4.3
DED000034	2099	ATG_ERE_CIS|ATG_ERa_TRANS	ToxCast invitrodb v4.3
DED000034	2101	TOX21_ERR_LUC_Agonist|TOX21_PGC_ERR_LUC_Agonist	ToxCast invitrodb v4.3
DED000034	4780	ATG_NRF2_ARE_CIS|TOX21_ARE_BLA_Agonist_ratio|TOX21_ARE_KS_LUC_Agonist	ToxCast invitrodb v4.3
DED000034	5468	ATG_PPARg_TRANS	ToxCast invitrodb v4.3
DED000034	8856	ATG_PXRE_CIS|TOX21_PXR_LUC_Agonist	ToxCast invitrodb v4.3
DED000034	9970	TOX21_CAR_LUC_Agonist	ToxCast invitrodb v4.3
DED000035	2099	TOX21_ERa_LUC_VM7_Agonist	ToxCast invitrodb v4.3
DED000035	6256	TOX21_RXR_BLA_Agonist_ratio	ToxCast invitrodb v4.3
DED000035	64321	CCTE_Deisenroth_DEVTOX-GLR_Ecto_SOX17|CCTE_Deisenroth_DEVTOX-GLR_Endo_SOX17|CCTE_Deisenroth_DEVTOX-GLR_Meso_SOX17|CCTE_Deisenroth_DEVTOX-GLR_Pluri_SOX17|CCTE_Deisenroth_DEVTOX-GLR_legacy_Sox17	ToxCast invitrodb v4.3
DED000035	6657	CCTE_Deisenroth_DEVTOX-GLR_Ecto_SOX2|CCTE_Deisenroth_DEVTOX-GLR_Meso_SOX2|CCTE_Deisenroth_DEVTOX-GLR_Pluri_SOX2|CCTE_Deisenroth_DEVTOX-GLR_legacy_Sox2	ToxCast invitrodb v4.3
DED000035	6862	CCTE_Deisenroth_DEVTOX-GLR_Ecto_BRA|CCTE_Deisenroth_DEVTOX-GLR_Endo_BRA|CCTE_Deisenroth_DEVTOX-GLR_Pluri_BRA	ToxCast invitrodb v4.3
DED000036	4780	TOX21_ARE_BLA_Agonist_ratio	ToxCast invitrodb v4.3
DED000036	6862	CCTE_Deisenroth_DEVTOX-GLR_legacy_Bra	ToxCast invitrodb v4.3
DED000036	7253	TOX21_TSHR_HTRF_Agonist_ratio	ToxCast invitrodb v4.3
DED000036	8856	TOX21_PXR_LUC_Agonist	ToxCast invitrodb v4.3
DED000037	1551	LTEA_HepaRG_CYP3A7	ToxCast invitrodb v4.3
DED000037	1555	LTEA_HepaRG_CYP2B6	ToxCast invitrodb v4.3
DED000037	1571	LTEA_HepaRG_CYP2E1	ToxCast invitrodb v4.3
DED000037	1576	LTEA_HepaRG_CYP3A4	ToxCast invitrodb v4.3
DED000037	1647	LTEA_HepaRG_GADD45A	ToxCast invitrodb v4.3
DED000037	2099	CCTE_Deisenroth_AIME_384WELL_LUC_Active|CCTE_Deisenroth_AIME_384WELL_LUC_Inactive	ToxCast invitrodb v4.3
DED000037	2168	LTEA_HepaRG_FABP1	ToxCast invitrodb v4.3
DED000037	3158	LTEA_HepaRG_HMGCS2	ToxCast invitrodb v4.3
DED000037	4616	LTEA_HepaRG_GADD45B	ToxCast invitrodb v4.3
DED000037	5166	LTEA_HepaRG_PDK4	ToxCast invitrodb v4.3
DED000037	54658	LTEA_HepaRG_UGT1A1	ToxCast invitrodb v4.3
DED000037	6257	ATG_RXRb_TRANS	ToxCast invitrodb v4.3
DED000037	7157	TOX21_p53_BLA_ms_rat_ratio	ToxCast invitrodb v4.3
DED000037	8647	LTEA_HepaRG_ABCB11	ToxCast invitrodb v4.3
DED000037	8856	TOX21_PXR_LUC_Agonist	ToxCast invitrodb v4.3
DED000039	6256	TOX21_RXR_BLA_Agonist_ratio	ToxCast invitrodb v4.3
DED000041	4780	TOX21_ARE_BLA_Agonist_ratio|TOX21_ARE_KS_LUC_Agonist	ToxCast invitrodb v4.3
DED000041	8856	TOX21_PXR_LUC_Agonist	ToxCast invitrodb v4.3
DED000042	2353	ATG_AP_1_CIS	ToxCast invitrodb v4.3
DED000042	3725	ATG_AP_1_CIS	ToxCast invitrodb v4.3
DED000042	7157	TOX21_p53_BLA_ms_human_ratio	ToxCast invitrodb v4.3
DED000043	1244	LTEA_HepaRG_ABCC2	ToxCast invitrodb v4.3
DED000043	1555	LTEA_HepaRG_CYP2B6	ToxCast invitrodb v4.3
DED000043	1557	LTEA_HepaRG_CYP2C19	ToxCast invitrodb v4.3
DED000043	1649	LTEA_HepaRG_DDIT3	ToxCast invitrodb v4.3
DED000043	2099	ACEA_ER_80hr|CCTE_Deisenroth_AIME_384WELL_LUC_Active	ToxCast invitrodb v4.3
DED000043	2328	LTEA_HepaRG_FMO3	ToxCast invitrodb v4.3
DED000043	284541	LTEA_HepaRG_CYP4A22	ToxCast invitrodb v4.3
DED000043	2939	LTEA_HepaRG_GSTA2	ToxCast invitrodb v4.3
DED000043	3297	TOX21_HSE_BLA_Agonist_ratio	ToxCast invitrodb v4.3
DED000043	3990	LTEA_HepaRG_LIPC	ToxCast invitrodb v4.3
DED000043	4780	TOX21_ARE_KS_LUC_Agonist	ToxCast invitrodb v4.3
DED000043	5241	CEETOX_H295R_OHPREG	ToxCast invitrodb v4.3
DED000043	5915	ATG_RARb_TRANS	ToxCast invitrodb v4.3
DED000043	5916	ATG_RARg_TRANS	ToxCast invitrodb v4.3
DED000043	6257	ATG_RXRb_TRANS	ToxCast invitrodb v4.3
DED000043	7069	LTEA_HepaRG_THRSP	ToxCast invitrodb v4.3
DED000044	1555	LTEA_HepaRG_CYP2B6	ToxCast invitrodb v4.3
DED000044	2099	ATG_ERE_CIS|ATG_ERa_TRANS|CCTE_Deisenroth_AIME_384WELL_LUC_Active|CCTE_Deisenroth_AIME_384WELL_LUC_Inactive|CCTE_Deisenroth_AIME_384WELL_LUC_Shift|CCTE_Deisenroth_AIME_96WELL_LUC_Active|CCTE_Deisenroth_AIME_96WELL_LUC_Inactive|OT_ER_ERaERb_0480|OT_ER_ERaERb_1440|TOX21_ERa_LUC_VM7_Agonist	ToxCast invitrodb v4.3
DED000044	2100	OT_ER_ERaERb_0480|OT_ER_ERaERb_1440|OT_ER_ERbERb_0480	ToxCast invitrodb v4.3
DED000044	2168	LTEA_HepaRG_FABP1	ToxCast invitrodb v4.3
DED000044	367	TOX21_AR_LUC_MDAKB2_Agonist	ToxCast invitrodb v4.3
DED000044	4790	LTEA_HepaRG_NFKB1	ToxCast invitrodb v4.3
DED000044	7157	APR_HepG2_p53Act_72hr|ATG_p53_CIS|TOX21_p53_BLA_ms_human_ratio|TOX21_p53_BLA_ms_rat_ratio	ToxCast invitrodb v4.3
DED000044	8856	ATG_PXRE_CIS|ATG_PXR_TRANS	ToxCast invitrodb v4.3
DED000045	1543	CLD_CYP1A1_24hr|CLD_CYP1A1_48hr|CLD_CYP1A1_6hr|LTEA_HepaRG_CYP1A1	ToxCast invitrodb v4.3
DED000045	1544	CLD_CYP1A2_24hr|CLD_CYP1A2_48hr|CLD_CYP1A2_6hr|LTEA_HepaRG_CYP1A2	ToxCast invitrodb v4.3
DED000045	1555	CLD_CYP2B6_24hr|CLD_CYP2B6_48hr|CLD_CYP2B6_6hr	ToxCast invitrodb v4.3
DED000045	1557	LTEA_HepaRG_CYP2C19	ToxCast invitrodb v4.3
DED000045	1576	CLD_CYP3A4_24hr	ToxCast invitrodb v4.3
DED000045	1581	LTEA_HepaRG_CYP7A1	ToxCast invitrodb v4.3
DED000045	19016	ATG_mPPARg_XSP2	ToxCast invitrodb v4.3
DED000045	1958	ATG_EGR_CIS	ToxCast invitrodb v4.3
DED000045	196	ATG_Ahr_CIS|TOX21_AhR_LUC_Agonist	ToxCast invitrodb v4.3
DED000045	2099	ATG_hERa_XSP2	ToxCast invitrodb v4.3
DED000045	2194	LTEA_HepaRG_FASN	ToxCast invitrodb v4.3
DED000045	2309	LTEA_HepaRG_FOXO3	ToxCast invitrodb v4.3
DED000045	2353	ATG_AP_1_CIS	ToxCast invitrodb v4.3
DED000045	2729	LTEA_HepaRG_GCLC	ToxCast invitrodb v4.3
DED000045	3725	ATG_AP_1_CIS	ToxCast invitrodb v4.3
DED000045	3880	LTEA_HepaRG_KRT19	ToxCast invitrodb v4.3
DED000045	3990	LTEA_HepaRG_LIPC	ToxCast invitrodb v4.3
DED000045	4086	ATG_BRE_CIS	ToxCast invitrodb v4.3
DED000045	4520	ATG_MRE_CIS	ToxCast invitrodb v4.3
DED000045	5465	ATG_PPARa_TRANS	ToxCast invitrodb v4.3
DED000045	595	LTEA_HepaRG_CCND1	ToxCast invitrodb v4.3
DED000045	6095	ATG_RORE_CIS	ToxCast invitrodb v4.3
DED000045	6096	ATG_RORE_CIS	ToxCast invitrodb v4.3
DED000045	6097	ATG_RORE_CIS	ToxCast invitrodb v4.3
DED000045	6580	LTEA_HepaRG_SLC22A1	ToxCast invitrodb v4.3
DED000045	7421	ATG_VDRE_CIS	ToxCast invitrodb v4.3
DED000045	8856	ATG_PXRE_CIS|ATG_PXR_TRANS|ATG_mPXR_XSP2|TOX21_PXR_LUC_Agonist	ToxCast invitrodb v4.3
DED000045	9429	LTEA_HepaRG_ABCG2	ToxCast invitrodb v4.3
DED000045	9970	TOX21_CAR_LUC_Agonist	ToxCast invitrodb v4.3
DED000046	1543	LTEA_HepaRG_CYP1A1	ToxCast invitrodb v4.3
DED000046	367	OT_AR_ARSRC1_0480|OT_AR_ARSRC1_0960	ToxCast invitrodb v4.3
DED000046	4929	OT_NURR1_NURR1RXRa_0480	ToxCast invitrodb v4.3
DED000046	6256	OT_NURR1_NURR1RXRa_0480	ToxCast invitrodb v4.3
DED000046	6714	OT_AR_ARSRC1_0480|OT_AR_ARSRC1_0960|OT_FXR_FXRSRC1_0480	ToxCast invitrodb v4.3
DED000046	9971	OT_FXR_FXRSRC1_0480	ToxCast invitrodb v4.3
DED000048	10488	ATG_CRE_CIS	ToxCast invitrodb v4.3
DED000048	196	TOX21_AhR_LUC_Agonist	ToxCast invitrodb v4.3
DED000048	2099	ACEA_ER_80hr|ATG_ERE_CIS|ATG_ERa_TRANS|TOX21_ERa_BLA_Agonist_ratio|TOX21_ERa_LUC_VM7_Agonist|TOX21_ERa_LUC_VM7_Agonist_10nM_ICI182780	ToxCast invitrodb v4.3
DED000048	4086	ATG_BRE_CIS	ToxCast invitrodb v4.3
DED000048	4774	ATG_NFI_CIS	ToxCast invitrodb v4.3
DED000048	4780	ATG_NRF2_ARE_CIS	ToxCast invitrodb v4.3
DED000048	5468	ATG_PPARg_TRANS	ToxCast invitrodb v4.3
DED000048	6667	ATG_Sp1_CIS	ToxCast invitrodb v4.3
DED000048	7157	TOX21_p53_BLA_p2_ratio	ToxCast invitrodb v4.3
DED000048	8856	ATG_PXR_TRANS	ToxCast invitrodb v4.3
DED000049	1555	CLD_CYP2B6_24hr|CLD_CYP2B6_48hr|CLD_CYP2B6_6hr	ToxCast invitrodb v4.3
DED000049	1576	CLD_CYP3A4_48hr|CLD_CYP3A4_6hr	ToxCast invitrodb v4.3
DED000049	2099	ATG_ERa_TRANS|ATG_hERa_XSP1|ATG_hERa_XSP2|CCTE_Deisenroth_AIME_384WELL_LUC_Active|CCTE_Deisenroth_AIME_384WELL_LUC_Inactive|TOX21_ERa_BLA_Agonist_ratio|TOX21_ERa_LUC_VM7_Agonist	ToxCast invitrodb v4.3
DED000049	2100	OT_ER_ERbERb_0480	ToxCast invitrodb v4.3
DED000049	2353	TOX21_AP1_BLA_Agonist_ratio	ToxCast invitrodb v4.3
DED000049	3570	LTEA_HepaRG_IL6R	ToxCast invitrodb v4.3
DED000049	3725	TOX21_AP1_BLA_Agonist_ratio	ToxCast invitrodb v4.3
DED000049	7253	TOX21_TSHR_HTRF_Agonist_ratio	ToxCast invitrodb v4.3
DED000049	8856	ATG_mPXR_XSP1	ToxCast invitrodb v4.3
DED000054	2730	LTEA_HepaRG_GCLM	ToxCast invitrodb v4.3
DED000054	3659	ATG_ISRE_CIS	ToxCast invitrodb v4.3
DED000056	1244	LTEA_HepaRG_ABCC2	ToxCast invitrodb v4.3
DED000056	1557	LTEA_HepaRG_CYP2C19	ToxCast invitrodb v4.3
DED000056	1571	LTEA_HepaRG_CYP2E1	ToxCast invitrodb v4.3
DED000056	1576	LTEA_HepaRG_CYP3A4	ToxCast invitrodb v4.3
DED000056	4774	ATG_NFI_CIS	ToxCast invitrodb v4.3
DED000056	4780	LTEA_HepaRG_NFE2L2	ToxCast invitrodb v4.3
DED000056	6667	ATG_Sp1_CIS	ToxCast invitrodb v4.3
DED000056	6714	OT_FXR_FXRSRC1_0480	ToxCast invitrodb v4.3
DED000056	7157	LTEA_HepaRG_TP53	ToxCast invitrodb v4.3
DED000056	7253	TOX21_TSHR_HTRF_Agonist_ratio	ToxCast invitrodb v4.3
DED000056	8856	ATG_PXRE_CIS	ToxCast invitrodb v4.3
DED000056	9971	OT_FXR_FXRSRC1_0480	ToxCast invitrodb v4.3
DED000057	2099	CCTE_Deisenroth_AIME_384WELL_LUC_Active|CCTE_Deisenroth_AIME_384WELL_LUC_Inactive	ToxCast invitrodb v4.3
DED000057	3725	APR_HepG2_StressKinase_24hr	ToxCast invitrodb v4.3
DED000058	196	ATG_Ahr_CIS|TOX21_AhR_LUC_Agonist	ToxCast invitrodb v4.3
DED000058	2099	ATG_ERa_TRANS	ToxCast invitrodb v4.3
DED000058	3170	ATG_FoxA2_CIS	ToxCast invitrodb v4.3
DED000058	3297	ATG_HSE_CIS	ToxCast invitrodb v4.3
DED000058	3659	ATG_ISRE_CIS	ToxCast invitrodb v4.3
DED000058	4086	ATG_BRE_CIS	ToxCast invitrodb v4.3
DED000058	5080	ATG_Pax6_CIS	ToxCast invitrodb v4.3
DED000058	6095	ATG_RORE_CIS	ToxCast invitrodb v4.3
DED000058	6096	ATG_RORE_CIS	ToxCast invitrodb v4.3
DED000058	6097	ATG_RORE_CIS	ToxCast invitrodb v4.3
DED000058	7157	TOX21_p53_BLA_p2_ratio	ToxCast invitrodb v4.3
DED000058	7421	ATG_VDRE_CIS	ToxCast invitrodb v4.3
DED000058	8856	ATG_PXRE_CIS|ATG_PXR_TRANS	ToxCast invitrodb v4.3
DED000058	9970	ATG_PBREM_CIS	ToxCast invitrodb v4.3
DED000059	5468	ATG_PPARg_TRANS|OT_PPARg_PPARgSRC1_0480|OT_PPARg_PPARgSRC1_1440|TOX21_PPARg_BLA_Agonist_ratio	ToxCast invitrodb v4.3
DED000059	64321	CCTE_Deisenroth_DEVTOX-GLR_Pluri_SOX17|CCTE_Deisenroth_DEVTOX-GLR_legacy_Sox17	ToxCast invitrodb v4.3
DED000059	6657	CCTE_Deisenroth_DEVTOX-GLR_Endo_SOX2|CCTE_Deisenroth_DEVTOX-GLR_legacy_Sox2	ToxCast invitrodb v4.3
DED000059	6714	OT_PPARg_PPARgSRC1_0480|OT_PPARg_PPARgSRC1_1440	ToxCast invitrodb v4.3
DED000059	6862	CCTE_Deisenroth_DEVTOX-GLR_Endo_BRA|CCTE_Deisenroth_DEVTOX-GLR_Pluri_BRA|CCTE_Deisenroth_DEVTOX-GLR_legacy_Bra	ToxCast invitrodb v4.3
DED000062	1555	LTEA_HepaRG_CYP2B6	ToxCast invitrodb v4.3
DED000062	2099	ATG_ERE_CIS	ToxCast invitrodb v4.3
DED000064	2099	CEETOX_H295R_ESTRADIOL_noMTC	ToxCast invitrodb v4.3
DED000064	2100	CEETOX_H295R_ESTRADIOL_noMTC	ToxCast invitrodb v4.3
DED000065	1543	CLD_CYP1A1_6hr|LTEA_HepaRG_CYP1A1	ToxCast invitrodb v4.3
DED000065	1544	CLD_CYP1A2_24hr|CLD_CYP1A2_48hr|CLD_CYP1A2_6hr	ToxCast invitrodb v4.3
DED000065	2099	ATG_ERE_CIS	ToxCast invitrodb v4.3
DED000065	4780	ATG_NRF2_ARE_CIS|TOX21_ARE_BLA_Agonist_ratio	ToxCast invitrodb v4.3
DED000065	5468	ATG_PPARg_TRANS	ToxCast invitrodb v4.3
DED000065	8856	ATG_PXRE_CIS|ATG_PXR_TRANS	ToxCast invitrodb v4.3
DED000065	9970	TOX21_CAR_LUC_Agonist	ToxCast invitrodb v4.3
DED000066	7157	TOX21_p53_BLA_ms_human_ratio|TOX21_p53_BLA_ms_rat_ratio	ToxCast invitrodb v4.3
DED000067	1543	CLD_CYP1A1_24hr|CLD_CYP1A1_6hr	ToxCast invitrodb v4.3
DED000067	1544	CLD_CYP1A2_24hr|CLD_CYP1A2_48hr|CLD_CYP1A2_6hr	ToxCast invitrodb v4.3
DED000067	1555	CLD_CYP2B6_24hr|CLD_CYP2B6_48hr|CLD_CYP2B6_6hr	ToxCast invitrodb v4.3
DED000067	5241	CEETOX_H295R_OHPROG	ToxCast invitrodb v4.3
DED000067	54658	CLD_UGT1A1_48hr	ToxCast invitrodb v4.3
DED000067	7157	TOX21_p53_BLA_ms_rat_ratio	ToxCast invitrodb v4.3
DED000068	2099	ATG_ERE_CIS|ATG_ERa_TRANS|ATG_hERa_XSP2|CCTE_Deisenroth_AIME_384WELL_LUC_Active|CCTE_Deisenroth_AIME_384WELL_LUC_Inactive|OT_ER_ERaERa_0480|OT_ER_ERaERb_0480|OT_ERa_GFPERaERE_0120|OT_ERa_GFPERaERE_0480|TOX21_ERa_BLA_Agonist_ratio|TOX21_ERa_LUC_VM7_Agonist	ToxCast invitrodb v4.3
DED000068	2100	ATG_hERb_XSP2|OT_ER_ERaERb_0480|OT_ER_ERbERb_0480|OT_ER_ERbERb_1440	ToxCast invitrodb v4.3
DED000068	2353	TOX21_AP1_BLA_Agonist_ratio	ToxCast invitrodb v4.3
DED000068	3725	TOX21_AP1_BLA_Agonist_ratio	ToxCast invitrodb v4.3
DED000068	6257	ATG_RXRb_TRANS	ToxCast invitrodb v4.3
DED000068	7253	TOX21_TSHR_HTRF_Agonist_ratio	ToxCast invitrodb v4.3
DED000068	8856	ATG_PXRE_CIS|ATG_PXR_TRANS|ATG_mPXR_XSP2	ToxCast invitrodb v4.3
DED000068	9970	TOX21_CAR_LUC_Agonist	ToxCast invitrodb v4.3
DED000069	2099	OT_ER_ERaERb_0480|OT_ERa_GFPERaERE_0120	ToxCast invitrodb v4.3
DED000069	2100	OT_ER_ERaERb_0480	ToxCast invitrodb v4.3
DED000069	3091	ATG_HIF1a_CIS	ToxCast invitrodb v4.3
DED000069	6095	ATG_RORE_CIS	ToxCast invitrodb v4.3
DED000069	6096	ATG_RORE_CIS	ToxCast invitrodb v4.3
DED000069	6097	ATG_RORE_CIS	ToxCast invitrodb v4.3
DED000069	6667	ATG_Sp1_CIS	ToxCast invitrodb v4.3
DED000069	7421	ATG_VDRE_CIS	ToxCast invitrodb v4.3
DED000069	8856	ATG_PXRE_CIS|ATG_PXR_TRANS	ToxCast invitrodb v4.3
DED000072	2099	OT_ERa_GFPERaERE_0480	ToxCast invitrodb v4.3
DED000073	2099	ATG_ERE_CIS	ToxCast invitrodb v4.3
DED000073	367	ACEA_AR_agonist_80hr	ToxCast invitrodb v4.3
DED000073	9970	TOX21_CAR_LUC_Agonist	ToxCast invitrodb v4.3
DED000074	2099	TOX21_ERa_LUC_VM7_Agonist	ToxCast invitrodb v4.3
DED000075	10599	LTEA_HepaRG_SLCO1B1	ToxCast invitrodb v4.3
DED000075	10912	LTEA_HepaRG_GADD45G	ToxCast invitrodb v4.3
DED000075	1543	CLD_CYP1A1_24hr|CLD_CYP1A1_48hr|CLD_CYP1A1_6hr	ToxCast invitrodb v4.3
DED000075	1544	CLD_CYP1A2_24hr	ToxCast invitrodb v4.3
DED000075	1555	CLD_CYP2B6_24hr|CLD_CYP2B6_48hr|CLD_CYP2B6_6hr	ToxCast invitrodb v4.3
DED000075	1557	LTEA_HepaRG_CYP2C19	ToxCast invitrodb v4.3
DED000075	1559	LTEA_HepaRG_CYP2C9	ToxCast invitrodb v4.3
DED000075	1576	CLD_CYP3A4_24hr|CLD_CYP3A4_48hr|LTEA_HepaRG_CYP3A4	ToxCast invitrodb v4.3
DED000075	2099	CEETOX_H295R_ESTRONE	ToxCast invitrodb v4.3
DED000075	2100	CEETOX_H295R_ESTRONE	ToxCast invitrodb v4.3
DED000075	2168	LTEA_HepaRG_FABP1	ToxCast invitrodb v4.3
DED000075	2939	LTEA_HepaRG_GSTA2	ToxCast invitrodb v4.3
DED000075	3158	LTEA_HepaRG_HMGCS2	ToxCast invitrodb v4.3
DED000075	3479	LTEA_HepaRG_IGF1	ToxCast invitrodb v4.3
DED000075	3880	LTEA_HepaRG_KRT19	ToxCast invitrodb v4.3
DED000075	406906	LTEA_HepaRG_MIR122	ToxCast invitrodb v4.3
DED000075	4780	TOX21_ARE_BLA_Agonist_ratio	ToxCast invitrodb v4.3
DED000075	5468	ATG_PPARg_TRANS	ToxCast invitrodb v4.3
DED000075	5914	ATG_DR5_RAR_CIS	ToxCast invitrodb v4.3
DED000075	5915	ATG_DR5_RAR_CIS	ToxCast invitrodb v4.3
DED000075	5916	ATG_DR5_RAR_CIS	ToxCast invitrodb v4.3
DED000075	7069	LTEA_HepaRG_THRSP	ToxCast invitrodb v4.3
DED000075	7421	ATG_VDRE_CIS	ToxCast invitrodb v4.3
DED000075	847	LTEA_HepaRG_CAT	ToxCast invitrodb v4.3
DED000075	8647	LTEA_HepaRG_ABCB11	ToxCast invitrodb v4.3
DED000075	8856	ATG_PXR_TRANS|TOX21_PXR_LUC_Agonist	ToxCast invitrodb v4.3
DED000075	9970	TOX21_CAR_LUC_Agonist	ToxCast invitrodb v4.3
DED000076	1543	CLD_CYP1A1_24hr|CLD_CYP1A1_48hr	ToxCast invitrodb v4.3
DED000076	1544	CLD_CYP1A2_24hr|CLD_CYP1A2_48hr|CLD_CYP1A2_6hr	ToxCast invitrodb v4.3
DED000076	1555	CLD_CYP2B6_24hr|CLD_CYP2B6_48hr|CLD_CYP2B6_6hr	ToxCast invitrodb v4.3
DED000076	2908	CEETOX_H295R_CORTIC	ToxCast invitrodb v4.3
DED000076	367	CEETOX_H295R_TESTO	ToxCast invitrodb v4.3
DED000076	4306	CEETOX_H295R_CORTIC	ToxCast invitrodb v4.3
DED000076	7067	ATG_hTRa_XSP2	ToxCast invitrodb v4.3
DED000077	1244	LTEA_HepaRG_ABCC2	ToxCast invitrodb v4.3
DED000077	1543	CLD_CYP1A1_24hr|CLD_CYP1A1_6hr	ToxCast invitrodb v4.3
DED000077	1544	CLD_CYP1A2_24hr|CLD_CYP1A2_48hr|CLD_CYP1A2_6hr	ToxCast invitrodb v4.3
DED000077	1551	LTEA_HepaRG_CYP3A7	ToxCast invitrodb v4.3
DED000077	1555	CLD_CYP2B6_24hr|CLD_CYP2B6_48hr|CLD_CYP2B6_6hr	ToxCast invitrodb v4.3
DED000077	1557	LTEA_HepaRG_CYP2C19	ToxCast invitrodb v4.3
DED000077	1576	CLD_CYP3A4_24hr|CLD_CYP3A4_48hr|CLD_CYP3A4_6hr	ToxCast invitrodb v4.3
DED000077	2099	CEETOX_H295R_ESTRONE	ToxCast invitrodb v4.3
DED000077	2100	CEETOX_H295R_ESTRONE	ToxCast invitrodb v4.3
DED000077	3158	LTEA_HepaRG_HMGCS2	ToxCast invitrodb v4.3
DED000077	54658	CLD_UGT1A1_24hr|CLD_UGT1A1_48hr|LTEA_HepaRG_UGT1A1	ToxCast invitrodb v4.3
DED000077	8856	TOX21_PXR_LUC_Agonist	ToxCast invitrodb v4.3
DED000078	8856	TOX21_PXR_LUC_Agonist	ToxCast invitrodb v4.3
DED000080	1543	CLD_CYP1A1_24hr|CLD_CYP1A1_48hr|CLD_CYP1A1_6hr	ToxCast invitrodb v4.3
DED000080	1544	CLD_CYP1A2_24hr|CLD_CYP1A2_48hr|LTEA_HepaRG_CYP1A2	ToxCast invitrodb v4.3
DED000080	1555	CLD_CYP2B6_24hr|CLD_CYP2B6_48hr|LTEA_HepaRG_CYP2B6	ToxCast invitrodb v4.3
DED000080	6256	TOX21_RXR_BLA_Agonist_ratio	ToxCast invitrodb v4.3
DED000080	8856	ATG_PXRE_CIS|TOX21_PXR_LUC_Agonist	ToxCast invitrodb v4.3
DED000081	4780	TOX21_ARE_KS_LUC_Agonist	ToxCast invitrodb v4.3
DED000081	6256	TOX21_RXR_BLA_Agonist_ratio	ToxCast invitrodb v4.3
DED000083	1543	CLD_CYP1A1_24hr|CLD_CYP1A1_48hr	ToxCast invitrodb v4.3
DED000083	1544	CLD_CYP1A2_48hr	ToxCast invitrodb v4.3
DED000083	1555	LTEA_HepaRG_CYP2B6	ToxCast invitrodb v4.3
DED000083	2099	ACEA_ER_80hr|OT_ERa_GFPERaERE_0120|OT_ERa_GFPERaERE_0480	ToxCast invitrodb v4.3
DED000083	2798	TOX21_GNRHR_HEK293_Agonist	ToxCast invitrodb v4.3
DED000083	3091	TOX21_HRE_BLA_Agonist_ratio	ToxCast invitrodb v4.3
DED000083	3297	TOX21_HSE_BLA_Agonist_ratio	ToxCast invitrodb v4.3
DED000083	367	OT_AR_ARSRC1_0960|TOX21_AR_BLA_Agonist_ratio	ToxCast invitrodb v4.3
DED000083	6714	OT_AR_ARSRC1_0960	ToxCast invitrodb v4.3
DED000083	7157	TOX21_p53_BLA_p1_ratio|TOX21_p53_BLA_p2_ratio|TOX21_p53_BLA_p3_ratio|TOX21_p53_BLA_p5_ratio	ToxCast invitrodb v4.3
DED000083	7253	CCTE_Deisenroth_TSHR_2D_Antag_TG_PROT|TOX21_TSHR_HTRF_Agonist_ratio	ToxCast invitrodb v4.3
DED000083	836	TOX21_CASP3_HEPG2	ToxCast invitrodb v4.3
DED000084	1543	CLD_CYP1A1_24hr|CLD_CYP1A1_6hr	ToxCast invitrodb v4.3
DED000084	1544	CLD_CYP1A2_24hr|CLD_CYP1A2_48hr	ToxCast invitrodb v4.3
DED000084	1555	CLD_CYP2B6_24hr|CLD_CYP2B6_48hr|CLD_CYP2B6_6hr	ToxCast invitrodb v4.3
DED000084	1576	CLD_CYP3A4_24hr|CLD_CYP3A4_48hr	ToxCast invitrodb v4.3
DED000084	4780	ATG_NRF2_ARE_CIS	ToxCast invitrodb v4.3
DED000084	54658	CLD_UGT1A1_48hr	ToxCast invitrodb v4.3
DED000084	7253	TOX21_TSHR_HTRF_Agonist_ratio	ToxCast invitrodb v4.3
DED000084	8856	ATG_mPXR_XSP1|ATG_mPXR_XSP2	ToxCast invitrodb v4.3
DED000086	1551	LTEA_HepaRG_CYP3A7	ToxCast invitrodb v4.3
DED000086	2099	OT_ERa_GFPERaERE_0480	ToxCast invitrodb v4.3
DED000086	3091	ATG_HIF1a_CIS	ToxCast invitrodb v4.3
DED000086	7421	ATG_VDRE_CIS	ToxCast invitrodb v4.3
DED000086	8856	ATG_PXRE_CIS|ATG_PXR_TRANS	ToxCast invitrodb v4.3
DED000087	1026	LTEA_HepaRG_CDKN1A	ToxCast invitrodb v4.3
DED000087	10912	LTEA_HepaRG_GADD45G	ToxCast invitrodb v4.3
DED000087	116519	LTEA_HepaRG_APOA5	ToxCast invitrodb v4.3
DED000087	1544	LTEA_HepaRG_CYP1A2	ToxCast invitrodb v4.3
DED000087	1551	LTEA_HepaRG_CYP3A7	ToxCast invitrodb v4.3
DED000087	1555	LTEA_HepaRG_CYP2B6	ToxCast invitrodb v4.3
DED000087	1571	LTEA_HepaRG_CYP2E1	ToxCast invitrodb v4.3
DED000087	1647	LTEA_HepaRG_GADD45A	ToxCast invitrodb v4.3
DED000087	174	LTEA_HepaRG_AFP	ToxCast invitrodb v4.3
DED000087	19016	ATG_mPPARg_XSP2	ToxCast invitrodb v4.3
DED000087	2099	ATG_ERa_TRANS|ATG_hERa_XSP2|OT_ER_ERaERa_0480|OT_ER_ERaERa_1440|OT_ER_ERaERb_0480|OT_ER_ERaERb_1440|OT_ERa_GFPERaERE_0120	ToxCast invitrodb v4.3
DED000087	2100	OT_ER_ERaERb_0480|OT_ER_ERaERb_1440	ToxCast invitrodb v4.3
DED000087	2168	LTEA_HepaRG_FABP1	ToxCast invitrodb v4.3
DED000087	23089	LTEA_HepaRG_PEG10	ToxCast invitrodb v4.3
DED000087	2353	ATG_AP_1_CIS	ToxCast invitrodb v4.3
DED000087	250	LTEA_HepaRG_ALPP	ToxCast invitrodb v4.3
DED000087	3082	LTEA_HepaRG_HGF	ToxCast invitrodb v4.3
DED000087	3091	LTEA_HepaRG_HIF1A	ToxCast invitrodb v4.3
DED000087	3297	ATG_HSE_CIS	ToxCast invitrodb v4.3
DED000087	3383	LTEA_HepaRG_ICAM1	ToxCast invitrodb v4.3
DED000087	3479	LTEA_HepaRG_IGF1	ToxCast invitrodb v4.3
DED000087	3484	LTEA_HepaRG_IGFBP1	ToxCast invitrodb v4.3
DED000087	355	LTEA_HepaRG_FAS	ToxCast invitrodb v4.3
DED000087	3725	ATG_AP_1_CIS|LTEA_HepaRG_JUN	ToxCast invitrodb v4.3
DED000087	3775	LTEA_HepaRG_KCNK1	ToxCast invitrodb v4.3
DED000087	4086	ATG_BRE_CIS	ToxCast invitrodb v4.3
DED000087	4520	ATG_MRE_CIS	ToxCast invitrodb v4.3
DED000087	4609	LTEA_HepaRG_MYC	ToxCast invitrodb v4.3
DED000087	4780	LTEA_HepaRG_NFE2L2|TOX21_ARE_KS_LUC_Agonist	ToxCast invitrodb v4.3
DED000087	4790	LTEA_HepaRG_NFKB1	ToxCast invitrodb v4.3
DED000087	4929	ATG_NURR1_TRANS	ToxCast invitrodb v4.3
DED000087	51	LTEA_HepaRG_ACOX1	ToxCast invitrodb v4.3
DED000087	54578	LTEA_HepaRG_UGT1A6	ToxCast invitrodb v4.3
DED000087	54658	LTEA_HepaRG_UGT1A1	ToxCast invitrodb v4.3
DED000087	5468	ATG_PPARg_TRANS|ATG_hPPARg_XSP2	ToxCast invitrodb v4.3
DED000087	581	LTEA_HepaRG_BAX	ToxCast invitrodb v4.3
DED000087	596	LTEA_HepaRG_BCL2	ToxCast invitrodb v4.3
DED000087	6096	ATG_RORb_TRANS	ToxCast invitrodb v4.3
DED000087	6257	ATG_RXRb_TRANS	ToxCast invitrodb v4.3
DED000087	6822	LTEA_HepaRG_SULT2A1	ToxCast invitrodb v4.3
DED000087	7039	LTEA_HepaRG_TGFA	ToxCast invitrodb v4.3
DED000087	7040	LTEA_HepaRG_TGFB1	ToxCast invitrodb v4.3
DED000087	7067	ATG_THRa1_TRANS|ATG_hTRa_XSP2|TOX21_TRA_COA_Agonist_Followup_ratio|TOX21_TR_LUC_GH3_Agonist|TOX21_TR_LUC_GH3_Agonist_Followup	ToxCast invitrodb v4.3
DED000087	7068	ATG_hTRb_XSP2|TOX21_TRB_BLA_Agonist_Followup_ratio|TOX21_TRB_COA_Agonist_Followup_ratio|TOX21_TR_LUC_GH3_Agonist|TOX21_TR_LUC_GH3_Agonist_Followup	ToxCast invitrodb v4.3
DED000087	7069	LTEA_HepaRG_THRSP	ToxCast invitrodb v4.3
DED000087	7157	LTEA_HepaRG_TP53|TOX21_p53_BLA_p1_ratio|TOX21_p53_BLA_p2_ratio|TOX21_p53_BLA_p3_ratio|TOX21_p53_BLA_p4_ratio|TOX21_p53_BLA_p5_ratio	ToxCast invitrodb v4.3
DED000087	7494	LTEA_HepaRG_XBP1	ToxCast invitrodb v4.3
DED000087	9429	LTEA_HepaRG_ABCG2	ToxCast invitrodb v4.3
DED000088	2099	ACEA_ER_80hr	ToxCast invitrodb v4.3
DED000088	367	ACEA_AR_agonist_80hr|OT_AR_ARELUC_AG_1440|OT_AR_ARSRC1_0480|OT_AR_ARSRC1_0960|TOX21_AR_BLA_Agonist_ratio|TOX21_AR_LUC_MDAKB2_Agonist|TOX21_AR_LUC_MDAKB2_Agonist_3uM_Nilutamide|UPITT_HCI_U2OS_AR_TIF2_Nucleoli_Agonist|UPITT_HCI_U2OS_AR_TIF2_Nucleoli_Cytoplasm_Ratio_Agonist	ToxCast invitrodb v4.3
DED000088	4086	ATG_BRE_CIS	ToxCast invitrodb v4.3
DED000088	4790	ATG_NF_kB_CIS	ToxCast invitrodb v4.3
DED000088	5468	TOX21_PPARg_BLA_Agonist_ratio	ToxCast invitrodb v4.3
DED000088	6667	ATG_Sp1_CIS	ToxCast invitrodb v4.3
DED000088	6714	OT_AR_ARSRC1_0480|OT_AR_ARSRC1_0960	ToxCast invitrodb v4.3
DED000088	8856	ATG_PXRE_CIS|ATG_mPXR_XSP1|ATG_mPXR_XSP2	ToxCast invitrodb v4.3
DED000088	9971	ATG_IR1_CIS	ToxCast invitrodb v4.3
DED000089	2099	OT_ER_ERaERb_1440	ToxCast invitrodb v4.3
DED000089	2100	OT_ER_ERaERb_1440	ToxCast invitrodb v4.3
DED000089	250	LTEA_HepaRG_ALPP	ToxCast invitrodb v4.3
DED000089	367	TOX21_AR_BLA_Agonist_ratio	ToxCast invitrodb v4.3
DED000089	4780	TOX21_ARE_BLA_Agonist_ratio	ToxCast invitrodb v4.3
DED000089	54578	LTEA_HepaRG_UGT1A6	ToxCast invitrodb v4.3
DED000089	54658	CLD_UGT1A1_48hr	ToxCast invitrodb v4.3
DED000089	7132	LTEA_HepaRG_TNFRSF1A	ToxCast invitrodb v4.3
DED000089	7157	TOX21_p53_BLA_ms_human_ratio|TOX21_p53_BLA_ms_rat_ratio	ToxCast invitrodb v4.3
DED000090	196	TOX21_AhR_LUC_Agonist	ToxCast invitrodb v4.3
DED000090	22926	TOX21_ESRE_BLA_Agonist_ratio	ToxCast invitrodb v4.3
DED000090	4780	ATG_NRF2_ARE_CIS|TOX21_ARE_KS_LUC_Agonist	ToxCast invitrodb v4.3
DED000090	5914	TOX21_RAR_LUC_Agonist	ToxCast invitrodb v4.3
DED000090	9970	TOX21_CAR_LUC_Agonist	ToxCast invitrodb v4.3
DED000092	1543	LTEA_HepaRG_CYP1A1	ToxCast invitrodb v4.3
DED000092	1544	LTEA_HepaRG_CYP1A2	ToxCast invitrodb v4.3
DED000092	196	ATG_Ahr_CIS	ToxCast invitrodb v4.3
DED000092	2099	ATG_ERE_CIS|ATG_ERa_TRANS|CCTE_Deisenroth_AIME_384WELL_LUC_Active|CCTE_Deisenroth_AIME_384WELL_LUC_Inactive|OT_ER_ERaERb_1440|OT_ERa_GFPERaERE_0120|TOX21_ERa_BLA_Agonist_ratio|TOX21_ERa_LUC_VM7_Agonist	ToxCast invitrodb v4.3
DED000092	2100	OT_ER_ERaERb_1440	ToxCast invitrodb v4.3
DED000092	3020	APR_HepG2_MitoticArrest_24hr	ToxCast invitrodb v4.3
DED000092	3091	ATG_HIF1a_CIS	ToxCast invitrodb v4.3
DED000092	4780	ATG_NRF2_ARE_CIS	ToxCast invitrodb v4.3
DED000092	4929	OT_NURR1_NURR1RXRa_1440	ToxCast invitrodb v4.3
DED000092	5468	ATG_PPARg_TRANS	ToxCast invitrodb v4.3
DED000092	5914	TOX21_RAR_LUC_Agonist	ToxCast invitrodb v4.3
DED000092	6256	OT_NURR1_NURR1RXRa_1440	ToxCast invitrodb v4.3
DED000092	7391	ATG_E_Box_CIS	ToxCast invitrodb v4.3
DED000092	79915	TOX21_ELG1_LUC_Agonist	ToxCast invitrodb v4.3
DED000092	9971	ATG_IR1_CIS	ToxCast invitrodb v4.3
DED000093	7253	TOX21_TSHR_HTRF_Agonist_ratio	ToxCast invitrodb v4.3
DED000093	8856	TOX21_PXR_LUC_Agonist	ToxCast invitrodb v4.3
DED000093	9970	TOX21_CAR_LUC_Agonist	ToxCast invitrodb v4.3
DED000094	10062	ATG_DR4_LXR_CIS	ToxCast invitrodb v4.3
DED000094	10488	ATG_CRE_CIS	ToxCast invitrodb v4.3
DED000094	10599	LTEA_HepaRG_SLCO1B1	ToxCast invitrodb v4.3
DED000094	1543	LTEA_HepaRG_CYP1A1	ToxCast invitrodb v4.3
DED000094	1557	LTEA_HepaRG_CYP2C19	ToxCast invitrodb v4.3
DED000094	1571	LTEA_HepaRG_CYP2E1	ToxCast invitrodb v4.3
DED000094	1579	LTEA_HepaRG_CYP4A11	ToxCast invitrodb v4.3
DED000094	2099	ACEA_ER_80hr|ATG_ERE_CIS|ATG_ERa_TRANS|ATG_hERa_XSP2|CEETOX_H295R_ESTRADIOL|CEETOX_H295R_ESTRONE|OT_ER_ERaERa_1440|TOX21_ERa_BLA_Agonist_ratio|TOX21_ERa_LUC_VM7_Agonist|TOX21_ERa_LUC_VM7_Agonist_10nM_ICI182780	ToxCast invitrodb v4.3
DED000094	2100	CEETOX_H295R_ESTRADIOL|CEETOX_H295R_ESTRONE|OT_ER_ERbERb_0480|OT_ER_ERbERb_1440|TOX21_ERb_BLA_Agonist_ratio	ToxCast invitrodb v4.3
DED000094	23089	LTEA_HepaRG_PEG10	ToxCast invitrodb v4.3
DED000094	2353	TOX21_AP1_BLA_Agonist_ratio	ToxCast invitrodb v4.3
DED000094	2908	ATG_GRE_CIS	ToxCast invitrodb v4.3
DED000094	3175	ATG_HNF6_CIS	ToxCast invitrodb v4.3
DED000094	3297	ATG_HSE_CIS	ToxCast invitrodb v4.3
DED000094	367	ACEA_AR_agonist_80hr|ATG_AR_TRANS|OT_AR_ARELUC_AG_1440|OT_AR_ARSRC1_0480|OT_AR_ARSRC1_0960|TOX21_AR_BLA_Agonist_ratio|TOX21_AR_LUC_MDAKB2_Agonist|TOX21_AR_LUC_MDAKB2_Agonist_3uM_Nilutamide|UPITT_HCI_U2OS_AR_TIF2_Nucleoli_Agonist|UPITT_HCI_U2OS_AR_TIF2_Nucleoli_Cytoplasm_Ratio_Agonist	ToxCast invitrodb v4.3
DED000094	3725	TOX21_AP1_BLA_Agonist_ratio	ToxCast invitrodb v4.3
DED000094	4609	ATG_Myc_CIS	ToxCast invitrodb v4.3
DED000094	4616	LTEA_HepaRG_GADD45B	ToxCast invitrodb v4.3
DED000094	4780	ATG_NRF2_ARE_CIS	ToxCast invitrodb v4.3
DED000094	5241	CEETOX_H295R_OHPROG|CEETOX_H295R_PROG|TOX21_PR_BLA_Agonist_ratio|TOX21_PR_BLA_Followup_Agonist_ratio|TOX21_PR_LUC_Followup_Agonist	ToxCast invitrodb v4.3
DED000094	5451	ATG_Oct_MLP_CIS	ToxCast invitrodb v4.3
DED000094	6667	ATG_Sp1_CIS	ToxCast invitrodb v4.3
DED000094	6714	OT_AR_ARSRC1_0480|OT_AR_ARSRC1_0960	ToxCast invitrodb v4.3
DED000094	7068	ATG_hTRb_XSP2	ToxCast invitrodb v4.3
DED000094	7376	ATG_DR4_LXR_CIS|ATG_LXRb_TRANS	ToxCast invitrodb v4.3
DED000094	7846	APR_HepG2_MicrotubuleCSK_72hr	ToxCast invitrodb v4.3
DED000094	8856	ATG_PXRE_CIS	ToxCast invitrodb v4.3
DED000095	10062	ATG_DR4_LXR_CIS	ToxCast invitrodb v4.3
DED000095	196	TOX21_AhR_LUC_Agonist	ToxCast invitrodb v4.3
DED000095	2099	ATG_ERa_TRANS|ATG_hERa_XSP1|ATG_hERa_XSP2	ToxCast invitrodb v4.3
DED000095	2353	TOX21_AP1_BLA_Agonist_ratio	ToxCast invitrodb v4.3
DED000095	3725	TOX21_AP1_BLA_Agonist_ratio	ToxCast invitrodb v4.3
DED000095	4780	ATG_NRF2_ARE_CIS|TOX21_ARE_BLA_Agonist_ratio	ToxCast invitrodb v4.3
DED000095	5465	ATG_PPARa_TRANS	ToxCast invitrodb v4.3
DED000095	7157	APR_HepG2_p53Act_24hr|APR_HepG2_p53Act_72hr	ToxCast invitrodb v4.3
DED000095	7376	ATG_DR4_LXR_CIS	ToxCast invitrodb v4.3
DED000095	8856	ATG_PXRE_CIS|ATG_PXR_TRANS|ATG_mPXR_XSP1	ToxCast invitrodb v4.3
DED000095	9970	TOX21_CAR_LUC_Agonist	ToxCast invitrodb v4.3
DED000095	9971	ATG_IR1_CIS	ToxCast invitrodb v4.3
DED000096	1581	LTEA_HepaRG_CYP7A1	ToxCast invitrodb v4.3
DED000096	2099	ACEA_ER_80hr|ATG_ERE_CIS|ATG_ERa_TRANS|ATG_hERa_XSP1|ATG_hERa_XSP2|CCTE_Deisenroth_AIME_384WELL_LUC_Active|CCTE_Deisenroth_AIME_384WELL_LUC_Inactive|CEETOX_H295R_ESTRADIOL|TOX21_ERa_BLA_Agonist_ratio|TOX21_ERa_LUC_VM7_Agonist	ToxCast invitrodb v4.3
DED000096	2100	ATG_hERb_XSP1|ATG_hERb_XSP2|CEETOX_H295R_ESTRADIOL|TOX21_ERb_BLA_Agonist_ratio	ToxCast invitrodb v4.3
DED000096	23089	LTEA_HepaRG_PEG10	ToxCast invitrodb v4.3
DED000096	3014	TOX21_H2AX_HTRF_CHO_Agonist_ratio	ToxCast invitrodb v4.3
DED000096	367	ACEA_AR_agonist_80hr|ATG_AR_TRANS|ATG_hAR_XSP1|ATG_hAR_XSP2|OT_AR_ARELUC_AG_1440|OT_AR_ARSRC1_0480|OT_AR_ARSRC1_0960|TOX21_AR_BLA_Agonist_ratio|TOX21_AR_LUC_MDAKB2_Agonist|TOX21_AR_LUC_MDAKB2_Agonist_3uM_Nilutamide|UPITT_HCI_U2OS_AR_TIF2_Nucleoli_Agonist|UPITT_HCI_U2OS_AR_TIF2_Nucleoli_Cytoplasm_Ratio_Agonist	ToxCast invitrodb v4.3
DED000096	4314	LTEA_HepaRG_MMP3	ToxCast invitrodb v4.3
DED000096	4520	ATG_MRE_CIS	ToxCast invitrodb v4.3
DED000096	5241	TOX21_PR_BLA_Agonist_ratio|TOX21_PR_BLA_Followup_Agonist_ratio|TOX21_PR_LUC_Followup_Agonist	ToxCast invitrodb v4.3
DED000096	6714	OT_AR_ARSRC1_0480|OT_AR_ARSRC1_0960	ToxCast invitrodb v4.3
DED000096	7069	LTEA_HepaRG_THRSP	ToxCast invitrodb v4.3
DED000096	8647	LTEA_HepaRG_ABCB11	ToxCast invitrodb v4.3
DED000098	1543	CLD_CYP1A1_24hr|CLD_CYP1A1_48hr|CLD_CYP1A1_6hr	ToxCast invitrodb v4.3
DED000098	1544	CLD_CYP1A2_24hr|CLD_CYP1A2_48hr|CLD_CYP1A2_6hr	ToxCast invitrodb v4.3
DED000098	1555	CLD_CYP2B6_48hr	ToxCast invitrodb v4.3
DED000098	196	ATG_Ahr_CIS	ToxCast invitrodb v4.3
DED000098	3014	APR_HepG2_P-H2AX_24hr|TOX21_H2AX_HTRF_CHO_Agonist_ratio	ToxCast invitrodb v4.3
DED000098	894	LTEA_HepaRG_CCND2	ToxCast invitrodb v4.3
DED000099	2353	TOX21_AP1_BLA_Agonist_ratio	ToxCast invitrodb v4.3
DED000099	3158	LTEA_HepaRG_HMGCS2	ToxCast invitrodb v4.3
DED000099	3484	LTEA_HepaRG_IGFBP1	ToxCast invitrodb v4.3
DED000099	3570	LTEA_HepaRG_IL6R	ToxCast invitrodb v4.3
DED000099	367	TOX21_AR_BLA_Agonist_ratio	ToxCast invitrodb v4.3
DED000099	3725	TOX21_AP1_BLA_Agonist_ratio	ToxCast invitrodb v4.3
DED000099	4929	OT_NURR1_NURR1RXRa_0480|OT_NURR1_NURR1RXRa_1440	ToxCast invitrodb v4.3
DED000099	51176	ATG_TCF_b_cat_CIS	ToxCast invitrodb v4.3
DED000099	54578	LTEA_HepaRG_UGT1A6	ToxCast invitrodb v4.3
DED000099	6256	OT_NURR1_NURR1RXRa_0480|OT_NURR1_NURR1RXRa_1440	ToxCast invitrodb v4.3
DED000099	6932	ATG_TCF_b_cat_CIS	ToxCast invitrodb v4.3
DED000099	6934	ATG_TCF_b_cat_CIS	ToxCast invitrodb v4.3
DED000099	7157	ATG_p53_CIS	ToxCast invitrodb v4.3
DED000099	7494	LTEA_HepaRG_XBP1	ToxCast invitrodb v4.3
DED000099	83439	ATG_TCF_b_cat_CIS	ToxCast invitrodb v4.3
DED000100	10018	LTEA_HepaRG_BCL2L11	ToxCast invitrodb v4.3
DED000100	10062	ATG_DR4_LXR_CIS	ToxCast invitrodb v4.3
DED000100	10488	ATG_CRE_CIS	ToxCast invitrodb v4.3
DED000100	10599	LTEA_HepaRG_SLCO1B1	ToxCast invitrodb v4.3
DED000100	1244	LTEA_HepaRG_ABCC2	ToxCast invitrodb v4.3
DED000100	1543	LTEA_HepaRG_CYP1A1	ToxCast invitrodb v4.3
DED000100	1544	LTEA_HepaRG_CYP1A2	ToxCast invitrodb v4.3
DED000100	1551	LTEA_HepaRG_CYP3A7	ToxCast invitrodb v4.3
DED000100	1555	LTEA_HepaRG_CYP2B6	ToxCast invitrodb v4.3
DED000100	1558	LTEA_HepaRG_CYP2C8	ToxCast invitrodb v4.3
DED000100	1559	LTEA_HepaRG_CYP2C9	ToxCast invitrodb v4.3
DED000100	1571	LTEA_HepaRG_CYP2E1	ToxCast invitrodb v4.3
DED000100	1576	LTEA_HepaRG_CYP3A4	ToxCast invitrodb v4.3
DED000100	1577	LTEA_HepaRG_CYP3A5	ToxCast invitrodb v4.3
DED000100	1579	LTEA_HepaRG_CYP4A11	ToxCast invitrodb v4.3
DED000100	1647	LTEA_HepaRG_GADD45A	ToxCast invitrodb v4.3
DED000100	174	LTEA_HepaRG_AFP	ToxCast invitrodb v4.3
DED000100	2113	ATG_Ets_CIS	ToxCast invitrodb v4.3
DED000100	2168	LTEA_HepaRG_FABP1	ToxCast invitrodb v4.3
DED000100	2308	ATG_FoxO_CIS	ToxCast invitrodb v4.3
DED000100	2309	ATG_FoxO_CIS	ToxCast invitrodb v4.3
DED000100	250	LTEA_HepaRG_ALPP	ToxCast invitrodb v4.3
DED000100	2908	ATG_GRE_CIS|ATG_GR_TRANS	ToxCast invitrodb v4.3
DED000100	2939	LTEA_HepaRG_GSTA2	ToxCast invitrodb v4.3
DED000100	2947	LTEA_HepaRG_GSTM3	ToxCast invitrodb v4.3
DED000100	3091	ATG_HIF1a_CIS|LTEA_HepaRG_HIF1A	ToxCast invitrodb v4.3
DED000100	3158	LTEA_HepaRG_HMGCS2	ToxCast invitrodb v4.3
DED000100	3303	LTEA_HepaRG_HSPA1A	ToxCast invitrodb v4.3
DED000100	3659	ATG_ISRE_CIS	ToxCast invitrodb v4.3
DED000100	367	ACEA_AR_agonist_80hr	ToxCast invitrodb v4.3
DED000100	3880	LTEA_HepaRG_KRT19	ToxCast invitrodb v4.3
DED000100	3990	LTEA_HepaRG_LIPC	ToxCast invitrodb v4.3
DED000100	406906	LTEA_HepaRG_MIR122	ToxCast invitrodb v4.3
DED000100	4086	ATG_BRE_CIS	ToxCast invitrodb v4.3
DED000100	4314	LTEA_HepaRG_MMP3	ToxCast invitrodb v4.3
DED000100	4609	LTEA_HepaRG_MYC	ToxCast invitrodb v4.3
DED000100	4616	LTEA_HepaRG_GADD45B	ToxCast invitrodb v4.3
DED000100	4780	LTEA_HepaRG_NFE2L2	ToxCast invitrodb v4.3
DED000100	4790	ATG_NF_kB_CIS	ToxCast invitrodb v4.3
DED000100	51176	ATG_TCF_b_cat_CIS	ToxCast invitrodb v4.3
DED000100	5243	LTEA_HepaRG_ABCB1	ToxCast invitrodb v4.3
DED000100	54578	LTEA_HepaRG_UGT1A6	ToxCast invitrodb v4.3
DED000100	5465	ATG_PPRE_CIS	ToxCast invitrodb v4.3
DED000100	54658	LTEA_HepaRG_UGT1A1	ToxCast invitrodb v4.3
DED000100	5467	ATG_PPRE_CIS	ToxCast invitrodb v4.3
DED000100	5468	ATG_PPARg_TRANS|ATG_PPRE_CIS	ToxCast invitrodb v4.3
DED000100	5728	LTEA_HepaRG_PTEN	ToxCast invitrodb v4.3
DED000100	5914	ATG_DR5_RAR_CIS	ToxCast invitrodb v4.3
DED000100	5915	ATG_DR5_RAR_CIS	ToxCast invitrodb v4.3
DED000100	5916	ATG_DR5_RAR_CIS	ToxCast invitrodb v4.3
DED000100	595	LTEA_HepaRG_CCND1	ToxCast invitrodb v4.3
DED000100	637	LTEA_HepaRG_BID	ToxCast invitrodb v4.3
DED000100	6390	LTEA_HepaRG_SDHB	ToxCast invitrodb v4.3
DED000100	6716	CCTE_Deisenroth_5AR_NBTE_ratio	ToxCast invitrodb v4.3
DED000100	6774	LTEA_HepaRG_STAT3	ToxCast invitrodb v4.3
DED000100	6822	LTEA_HepaRG_SULT2A1	ToxCast invitrodb v4.3
DED000100	6932	ATG_TCF_b_cat_CIS	ToxCast invitrodb v4.3
DED000100	6934	ATG_TCF_b_cat_CIS	ToxCast invitrodb v4.3
DED000100	7039	LTEA_HepaRG_TGFA	ToxCast invitrodb v4.3
DED000100	7040	ATG_TGFb_CIS	ToxCast invitrodb v4.3
DED000100	7076	LTEA_HepaRG_TIMP1	ToxCast invitrodb v4.3
DED000100	7157	APR_HepG2_p53Act_24hr|APR_HepG2_p53Act_72hr|ATG_p53_CIS|TOX21_p53_BLA_p2_ratio	ToxCast invitrodb v4.3
DED000100	7376	ATG_DR4_LXR_CIS	ToxCast invitrodb v4.3
DED000100	7391	ATG_E_Box_CIS	ToxCast invitrodb v4.3
DED000100	7494	ATG_Xbp1_CIS	ToxCast invitrodb v4.3
DED000100	83439	ATG_TCF_b_cat_CIS	ToxCast invitrodb v4.3
DED000100	8647	LTEA_HepaRG_ABCB11	ToxCast invitrodb v4.3
DED000100	8856	ATG_PXRE_CIS	ToxCast invitrodb v4.3
DED000100	9429	LTEA_HepaRG_ABCG2	ToxCast invitrodb v4.3
DED000100	9970	ATG_PBREM_CIS	ToxCast invitrodb v4.3
DED000102	2908	ATG_GR_TRANS|TOX21_GR_BLA_Agonist_ratio	ToxCast invitrodb v4.3
DED000102	367	ATG_AR_TRANS|TOX21_AR_BLA_Agonist_ratio|TOX21_AR_LUC_MDAKB2_Agonist|TOX21_AR_LUC_MDAKB2_Agonist_3uM_Nilutamide|UPITT_HCI_U2OS_AR_TIF2_Nucleoli_Agonist|UPITT_HCI_U2OS_AR_TIF2_Nucleoli_Cytoplasm_Ratio_Agonist	ToxCast invitrodb v4.3
DED000102	5241	TOX21_PR_BLA_Agonist_ratio	ToxCast invitrodb v4.3
DED000102	6256	ATG_RXRa_TRANS	ToxCast invitrodb v4.3
DED000102	6257	ATG_RXRb_TRANS	ToxCast invitrodb v4.3
DED000102	8856	TOX21_PXR_LUC_Agonist	ToxCast invitrodb v4.3
DED000104	1555	LTEA_HepaRG_CYP2B6	ToxCast invitrodb v4.3
DED000104	1558	LTEA_HepaRG_CYP2C8	ToxCast invitrodb v4.3
DED000104	1576	LTEA_HepaRG_CYP3A4	ToxCast invitrodb v4.3
DED000104	2099	ATG_ERa_TRANS|ATG_hERa_XSP1|ATG_hERa_XSP2|OT_ERa_GFPERaERE_0120|OT_ERa_GFPERaERE_0480	ToxCast invitrodb v4.3
DED000104	54658	LTEA_HepaRG_UGT1A1	ToxCast invitrodb v4.3
DED000104	7421	ATG_VDRE_CIS	ToxCast invitrodb v4.3
DED000104	8856	ATG_PXR_TRANS|ATG_mPXR_XSP2	ToxCast invitrodb v4.3
DED000105	2099	TOX21_ERa_LUC_VM7_Agonist	ToxCast invitrodb v4.3
DED000107	1543	CLD_CYP1A1_6hr	ToxCast invitrodb v4.3
DED000107	1544	CLD_CYP1A2_24hr|CLD_CYP1A2_48hr	ToxCast invitrodb v4.3
DED000107	1551	LTEA_HepaRG_CYP3A7	ToxCast invitrodb v4.3
DED000107	1555	CLD_CYP2B6_24hr|CLD_CYP2B6_48hr|CLD_CYP2B6_6hr	ToxCast invitrodb v4.3
DED000107	1557	LTEA_HepaRG_CYP2C19	ToxCast invitrodb v4.3
DED000107	1576	CLD_CYP3A4_24hr|CLD_CYP3A4_48hr|CLD_CYP3A4_6hr|LTEA_HepaRG_CYP3A4	ToxCast invitrodb v4.3
DED000107	2194	LTEA_HepaRG_FASN	ToxCast invitrodb v4.3
DED000107	5241	CEETOX_H295R_OHPREG	ToxCast invitrodb v4.3
DED000107	5243	LTEA_HepaRG_ABCB1	ToxCast invitrodb v4.3
DED000107	54658	LTEA_HepaRG_UGT1A1	ToxCast invitrodb v4.3
DED000107	5914	ATG_RARa_TRANS	ToxCast invitrodb v4.3
DED000107	8856	ATG_PXRE_CIS	ToxCast invitrodb v4.3
DED000107	9429	LTEA_HepaRG_ABCG2	ToxCast invitrodb v4.3
DED000113	1543	LTEA_HepaRG_CYP1A1	ToxCast invitrodb v4.3
DED000113	6256	TOX21_RXR_BLA_Agonist_ratio	ToxCast invitrodb v4.3
DED000113	8856	ATG_PXRE_CIS	ToxCast invitrodb v4.3
DED000114	10062	ATG_DR4_LXR_CIS	ToxCast invitrodb v4.3
DED000114	1576	LTEA_HepaRG_CYP3A4	ToxCast invitrodb v4.3
DED000114	3659	ATG_ISRE_CIS	ToxCast invitrodb v4.3
DED000114	3725	APR_HepG2_StressKinase_72hr	ToxCast invitrodb v4.3
DED000114	4086	ATG_BRE_CIS	ToxCast invitrodb v4.3
DED000114	5468	ATG_PPARg_TRANS	ToxCast invitrodb v4.3
DED000114	6095	ATG_RORE_CIS	ToxCast invitrodb v4.3
DED000114	6096	ATG_RORE_CIS	ToxCast invitrodb v4.3
DED000114	6097	ATG_RORE_CIS	ToxCast invitrodb v4.3
DED000114	6714	OT_FXR_FXRSRC1_0480	ToxCast invitrodb v4.3
DED000114	7157	APR_HepG2_p53Act_24hr|APR_HepG2_p53Act_72hr	ToxCast invitrodb v4.3
DED000114	7376	ATG_DR4_LXR_CIS	ToxCast invitrodb v4.3
DED000114	7421	ATG_VDRE_CIS	ToxCast invitrodb v4.3
DED000114	8856	ATG_PXRE_CIS|ATG_PXR_TRANS|TOX21_PXR_LUC_Agonist	ToxCast invitrodb v4.3
DED000114	9970	ATG_PBREM_CIS|TOX21_CAR_LUC_Agonist	ToxCast invitrodb v4.3
DED000114	9971	OT_FXR_FXRSRC1_0480	ToxCast invitrodb v4.3
DED000117	2099	ACEA_ER_80hr	ToxCast invitrodb v4.3
DED000117	8856	TOX21_PXR_LUC_Agonist	ToxCast invitrodb v4.3
DED000118	7157	TOX21_p53_BLA_ms_human_ratio	ToxCast invitrodb v4.3
DED000119	4780	ATG_NRF2_ARE_CIS	ToxCast invitrodb v4.3
DED000119	5451	ATG_Oct_MLP_CIS	ToxCast invitrodb v4.3
DED000119	5465	ATG_PPRE_CIS	ToxCast invitrodb v4.3
DED000119	5467	ATG_PPRE_CIS	ToxCast invitrodb v4.3
DED000119	5468	ATG_PPRE_CIS	ToxCast invitrodb v4.3
DED000119	6256	ATG_RXRa_TRANS	ToxCast invitrodb v4.3
DED000119	6257	ATG_RXRb_TRANS	ToxCast invitrodb v4.3
DED000119	6862	CCTE_Deisenroth_DEVTOX-GLR_legacy_Bra	ToxCast invitrodb v4.3
DED000119	9971	ATG_IR1_CIS	ToxCast invitrodb v4.3
DED000120	2099	TOX21_ERa_LUC_VM7_Agonist	ToxCast invitrodb v4.3
DED000120	6256	TOX21_RXR_BLA_Agonist_ratio	ToxCast invitrodb v4.3
DED000121	10062	ATG_DR4_LXR_CIS	ToxCast invitrodb v4.3
DED000121	19016	ATG_mPPARg_XSP1|ATG_mPPARg_XSP2	ToxCast invitrodb v4.3
DED000121	2099	ATG_ERa_TRANS	ToxCast invitrodb v4.3
DED000121	5241	CEETOX_H295R_OHPROG|CEETOX_H295R_PROG	ToxCast invitrodb v4.3
DED000121	5465	ATG_PPRE_CIS	ToxCast invitrodb v4.3
DED000121	5467	ATG_PPRE_CIS	ToxCast invitrodb v4.3
DED000121	5468	ATG_PPARg_TRANS|ATG_PPRE_CIS|ATG_hPPARg_XSP1|ATG_hPPARg_XSP2	ToxCast invitrodb v4.3
DED000121	5914	ATG_DR5_RAR_CIS	ToxCast invitrodb v4.3
DED000121	5915	ATG_DR5_RAR_CIS	ToxCast invitrodb v4.3
DED000121	5916	ATG_DR5_RAR_CIS	ToxCast invitrodb v4.3
DED000121	7067	ATG_hTRa_XSP1	ToxCast invitrodb v4.3
DED000121	7376	ATG_DR4_LXR_CIS	ToxCast invitrodb v4.3
DED000121	8856	ATG_PXRE_CIS|ATG_PXR_TRANS	ToxCast invitrodb v4.3
DED000122	2099	ACEA_ER_80hr|ATG_ERE_CIS|ATG_ERa_TRANS|ATG_hERa_XSP2|CCTE_Deisenroth_AIME_384WELL_LUC_Active|CCTE_Deisenroth_AIME_384WELL_LUC_Inactive|OT_ER_ERaERa_0480|OT_ER_ERaERb_0480|OT_ER_ERaERb_1440|OT_ERa_GFPERaERE_0120|OT_ERa_GFPERaERE_0480	ToxCast invitrodb v4.3
DED000122	2100	ATG_hERb_XSP2|OT_ER_ERaERb_0480|OT_ER_ERaERb_1440|OT_ER_ERbERb_0480|OT_ER_ERbERb_1440	ToxCast invitrodb v4.3
DED000122	367	TOX21_AR_LUC_MDAKB2_Agonist_3uM_Nilutamide	ToxCast invitrodb v4.3
DED000122	5241	TOX21_PR_BLA_Agonist_ratio	ToxCast invitrodb v4.3
DED000122	6256	TOX21_RXR_BLA_Agonist_ratio	ToxCast invitrodb v4.3
DED000122	6257	ATG_RXRb_TRANS	ToxCast invitrodb v4.3
DED000122	8856	ATG_PXR_TRANS	ToxCast invitrodb v4.3
DED000126	2099	ATG_ERa_TRANS|CCTE_Deisenroth_AIME_96WELL_LUC_Inactive	ToxCast invitrodb v4.3
DED000126	2908	CEETOX_H295R_11DCORT_noMTC	ToxCast invitrodb v4.3
DED000126	4306	CEETOX_H295R_11DCORT_noMTC	ToxCast invitrodb v4.3
DED000126	5468	ATG_PPARg_TRANS	ToxCast invitrodb v4.3
DED000126	6257	ATG_RXRb_TRANS	ToxCast invitrodb v4.3
DED000126	7421	ATG_VDRE_CIS	ToxCast invitrodb v4.3
DED000126	8856	ATG_PXR_TRANS|CEETOX_H295R_OHPROG_noMTC|TOX21_PXR_LUC_Agonist	ToxCast invitrodb v4.3
DED000127	2099	OT_ERa_GFPERaERE_0120|OT_ERa_GFPERaERE_0480	ToxCast invitrodb v4.3
DED000127	6714	OT_FXR_FXRSRC1_0480	ToxCast invitrodb v4.3
DED000127	9971	OT_FXR_FXRSRC1_0480	ToxCast invitrodb v4.3
DED000128	2099	ATG_ERE_CIS	ToxCast invitrodb v4.3
DED000128	7421	ATG_VDRE_CIS	ToxCast invitrodb v4.3
DED000128	8856	ATG_PXRE_CIS|ATG_PXR_TRANS	ToxCast invitrodb v4.3
DED000129	2798	TOX21_GNRHR_HEK293_Agonist	ToxCast invitrodb v4.3
DED000129	6256	TOX21_RXR_BLA_Agonist_ratio	ToxCast invitrodb v4.3
DED000129	8856	TOX21_PXR_LUC_Agonist	ToxCast invitrodb v4.3
DED000130	7253	TOX21_TSHR_HTRF_Agonist_ratio	ToxCast invitrodb v4.3
DED000130	8856	TOX21_PXR_LUC_Agonist	ToxCast invitrodb v4.3
DED000131	5468	ATG_PPARg_TRANS	ToxCast invitrodb v4.3
DED000131	7421	ATG_VDRE_CIS	ToxCast invitrodb v4.3
DED000131	8856	ATG_PXR_TRANS	ToxCast invitrodb v4.3
DED000131	9970	TOX21_CAR_LUC_Agonist	ToxCast invitrodb v4.3
DED000135	10018	LTEA_HepaRG_BCL2L11	ToxCast invitrodb v4.3
DED000135	10599	LTEA_HepaRG_SLCO1B1	ToxCast invitrodb v4.3
DED000135	116519	LTEA_HepaRG_APOA5	ToxCast invitrodb v4.3
DED000135	1244	LTEA_HepaRG_ABCC2	ToxCast invitrodb v4.3
DED000135	132	LTEA_HepaRG_ADK	ToxCast invitrodb v4.3
DED000135	1543	LTEA_HepaRG_CYP1A1	ToxCast invitrodb v4.3
DED000135	1544	LTEA_HepaRG_CYP1A2	ToxCast invitrodb v4.3
DED000135	1551	LTEA_HepaRG_CYP3A7	ToxCast invitrodb v4.3
DED000135	1555	LTEA_HepaRG_CYP2B6	ToxCast invitrodb v4.3
DED000135	1559	LTEA_HepaRG_CYP2C9	ToxCast invitrodb v4.3
DED000135	1571	LTEA_HepaRG_CYP2E1	ToxCast invitrodb v4.3
DED000135	1576	LTEA_HepaRG_CYP3A4	ToxCast invitrodb v4.3
DED000135	1579	LTEA_HepaRG_CYP4A11	ToxCast invitrodb v4.3
DED000135	1581	LTEA_HepaRG_CYP7A1	ToxCast invitrodb v4.3
DED000135	1728	LTEA_HepaRG_NQO1	ToxCast invitrodb v4.3
DED000135	174	LTEA_HepaRG_AFP	ToxCast invitrodb v4.3
DED000135	2099	ATG_ERa_TRANS	ToxCast invitrodb v4.3
DED000135	2308	LTEA_HepaRG_FOXO1	ToxCast invitrodb v4.3
DED000135	23089	LTEA_HepaRG_PEG10	ToxCast invitrodb v4.3
DED000135	2309	LTEA_HepaRG_FOXO3	ToxCast invitrodb v4.3
DED000135	2328	LTEA_HepaRG_FMO3	ToxCast invitrodb v4.3
DED000135	250	LTEA_HepaRG_ALPP	ToxCast invitrodb v4.3
DED000135	2729	LTEA_HepaRG_GCLC	ToxCast invitrodb v4.3
DED000135	284541	LTEA_HepaRG_CYP4A22	ToxCast invitrodb v4.3
DED000135	2939	LTEA_HepaRG_GSTA2	ToxCast invitrodb v4.3
DED000135	2947	LTEA_HepaRG_GSTM3	ToxCast invitrodb v4.3
DED000135	3082	LTEA_HepaRG_HGF	ToxCast invitrodb v4.3
DED000135	3158	LTEA_HepaRG_HMGCS2	ToxCast invitrodb v4.3
DED000135	3569	LTEA_HepaRG_IL6	ToxCast invitrodb v4.3
DED000135	3880	LTEA_HepaRG_KRT19	ToxCast invitrodb v4.3
DED000135	3990	LTEA_HepaRG_LIPC	ToxCast invitrodb v4.3
DED000135	406906	LTEA_HepaRG_MIR122	ToxCast invitrodb v4.3
DED000135	4319	LTEA_HepaRG_MMP10	ToxCast invitrodb v4.3
DED000135	54578	LTEA_HepaRG_UGT1A6	ToxCast invitrodb v4.3
DED000135	54658	LTEA_HepaRG_UGT1A1	ToxCast invitrodb v4.3
DED000135	5524	LTEA_HepaRG_PPP2R4	ToxCast invitrodb v4.3
DED000135	637	LTEA_HepaRG_BID	ToxCast invitrodb v4.3
DED000135	6390	LTEA_HepaRG_SDHB	ToxCast invitrodb v4.3
DED000135	6580	LTEA_HepaRG_SLC22A1	ToxCast invitrodb v4.3
DED000135	6774	LTEA_HepaRG_STAT3	ToxCast invitrodb v4.3
DED000135	6822	LTEA_HepaRG_SULT2A1	ToxCast invitrodb v4.3
DED000135	7039	LTEA_HepaRG_TGFA	ToxCast invitrodb v4.3
DED000135	7076	LTEA_HepaRG_TIMP1	ToxCast invitrodb v4.3
DED000135	7157	LTEA_HepaRG_TP53|TOX21_p53_BLA_p2_ratio|TOX21_p53_BLA_p3_ratio|TOX21_p53_BLA_p4_ratio|TOX21_p53_BLA_p5_ratio	ToxCast invitrodb v4.3
DED000135	7430	LTEA_HepaRG_EZR	ToxCast invitrodb v4.3
DED000136	2099	ATG_ERa_TRANS	ToxCast invitrodb v4.3
DED000136	2100	OT_ER_ERbERb_0480	ToxCast invitrodb v4.3
DED000136	4780	TOX21_ARE_KS_LUC_Agonist	ToxCast invitrodb v4.3
DED000136	6257	ATG_RXRb_TRANS	ToxCast invitrodb v4.3
DED000136	6714	OT_FXR_FXRSRC1_0480	ToxCast invitrodb v4.3
DED000136	7157	TOX21_p53_BLA_p4_ratio|TOX21_p53_BLA_p5_ratio	ToxCast invitrodb v4.3
DED000136	8856	ATG_PXRE_CIS	ToxCast invitrodb v4.3
DED000136	9971	OT_FXR_FXRSRC1_0480	ToxCast invitrodb v4.3
DED000137	1543	CLD_CYP1A1_48hr	ToxCast invitrodb v4.3
DED000137	1544	CLD_CYP1A2_24hr|CLD_CYP1A2_48hr	ToxCast invitrodb v4.3
DED000137	1555	CLD_CYP2B6_24hr|CLD_CYP2B6_48hr	ToxCast invitrodb v4.3
DED000137	8856	ATG_PXRE_CIS	ToxCast invitrodb v4.3
DED000138	2099	TOX21_ERa_LUC_VM7_Agonist	ToxCast invitrodb v4.3
DED000138	4780	TOX21_ARE_BLA_Agonist_ratio	ToxCast invitrodb v4.3
DED000139	10062	ATG_DR4_LXR_CIS	ToxCast invitrodb v4.3
DED000139	10488	ATG_CRE_CIS	ToxCast invitrodb v4.3
DED000139	19016	ATG_mPPARg_XSP2	ToxCast invitrodb v4.3
DED000139	1958	ATG_EGR_CIS	ToxCast invitrodb v4.3
DED000139	2099	ACEA_ER_80hr|ATG_ERE_CIS|ATG_ERa_TRANS|ATG_hERa_XSP2|OT_ER_ERaERa_0480|OT_ER_ERaERa_1440|OT_ER_ERaERb_0480|OT_ER_ERaERb_1440|OT_ERa_GFPERaERE_0480|TOX21_ERa_BLA_Agonist_ratio|TOX21_ERa_LUC_VM7_Agonist|TOX21_ERa_LUC_VM7_Agonist_10nM_ICI182780	ToxCast invitrodb v4.3
DED000139	2100	ATG_hERb_XSP2|OT_ER_ERaERb_0480|OT_ER_ERaERb_1440|OT_ER_ERbERb_0480|OT_ER_ERbERb_1440	ToxCast invitrodb v4.3
DED000139	2353	ATG_AP_1_CIS	ToxCast invitrodb v4.3
DED000139	2908	CEETOX_H295R_11DCORT|CEETOX_H295R_CORTISOL	ToxCast invitrodb v4.3
DED000139	3091	ATG_HIF1a_CIS	ToxCast invitrodb v4.3
DED000139	3725	ATG_AP_1_CIS	ToxCast invitrodb v4.3
DED000139	4086	ATG_BRE_CIS	ToxCast invitrodb v4.3
DED000139	4306	CEETOX_H295R_11DCORT|CEETOX_H295R_CORTISOL	ToxCast invitrodb v4.3
DED000139	4780	ATG_NRF2_ARE_CIS	ToxCast invitrodb v4.3
DED000139	5080	ATG_Pax6_CIS	ToxCast invitrodb v4.3
DED000139	5465	ATG_PPRE_CIS	ToxCast invitrodb v4.3
DED000139	5467	ATG_PPRE_CIS	ToxCast invitrodb v4.3
DED000139	5468	ATG_PPARg_TRANS|ATG_PPRE_CIS|ATG_hPPARg_XSP2	ToxCast invitrodb v4.3
DED000139	5914	ATG_DR5_RAR_CIS	ToxCast invitrodb v4.3
DED000139	5915	ATG_DR5_RAR_CIS	ToxCast invitrodb v4.3
DED000139	5916	ATG_DR5_RAR_CIS	ToxCast invitrodb v4.3
DED000139	6095	ATG_RORE_CIS	ToxCast invitrodb v4.3
DED000139	6096	ATG_RORE_CIS	ToxCast invitrodb v4.3
DED000139	6097	ATG_RORE_CIS	ToxCast invitrodb v4.3
DED000139	6714	OT_FXR_FXRSRC1_1440	ToxCast invitrodb v4.3
DED000139	7068	ATG_hTRb_XSP2	ToxCast invitrodb v4.3
DED000139	7132	LTEA_HepaRG_TNFRSF1A	ToxCast invitrodb v4.3
DED000139	7376	ATG_DR4_LXR_CIS	ToxCast invitrodb v4.3
DED000139	7421	ATG_VDRE_CIS	ToxCast invitrodb v4.3
DED000139	7494	ATG_Xbp1_CIS	ToxCast invitrodb v4.3
DED000139	8856	ATG_PXRE_CIS|ATG_PXR_TRANS|TOX21_PXR_LUC_Agonist	ToxCast invitrodb v4.3
DED000139	9970	TOX21_CAR_LUC_Agonist	ToxCast invitrodb v4.3
DED000139	9971	OT_FXR_FXRSRC1_1440	ToxCast invitrodb v4.3
DED000140	2099	CCTE_Deisenroth_AIME_384WELL_LUC_Shift	ToxCast invitrodb v4.3
DED000140	5241	CEETOX_H295R_OHPROG	ToxCast invitrodb v4.3
DED000140	9971	ATG_IR1_CIS	ToxCast invitrodb v4.3
DED000141	2099	OT_ER_ERaERb_1440	ToxCast invitrodb v4.3
DED000141	2100	OT_ER_ERaERb_1440|OT_ER_ERbERb_1440	ToxCast invitrodb v4.3
DED000143	2099	ATG_hERa_XSP2	ToxCast invitrodb v4.3
DED000144	2099	CCTE_Deisenroth_AIME_384WELL_LUC_Active|CCTE_Deisenroth_AIME_384WELL_LUC_Inactive	ToxCast invitrodb v4.3
DED000144	367	OT_AR_ARELUC_AG_1440	ToxCast invitrodb v4.3
DED000145	10488	ATG_CRE_CIS	ToxCast invitrodb v4.3
DED000145	2099	ATG_ERE_CIS|ATG_ERa_TRANS	ToxCast invitrodb v4.3
DED000145	2101	ATG_ERRa_TRANS	ToxCast invitrodb v4.3
DED000145	3297	ATG_HSE_CIS	ToxCast invitrodb v4.3
DED000145	7421	ATG_VDRE_CIS	ToxCast invitrodb v4.3
DED000145	8856	ATG_PXRE_CIS|ATG_PXR_TRANS	ToxCast invitrodb v4.3
DED000146	2099	ACEA_ER_80hr|ATG_ERE_CIS|ATG_ERa_TRANS|ATG_hERa_XSP2|CCTE_Deisenroth_AIME_384WELL_LUC_Shift|OT_ERa_GFPERaERE_0120|OT_ERa_GFPERaERE_0480	ToxCast invitrodb v4.3
DED000146	2100	ATG_hERb_XSP2	ToxCast invitrodb v4.3
DED000146	8856	ATG_PXR_TRANS	ToxCast invitrodb v4.3
DED000147	1543	LTEA_HepaRG_CYP1A1	ToxCast invitrodb v4.3
DED000147	2099	ATG_ERE_CIS|ATG_ERa_TRANS	ToxCast invitrodb v4.3
DED000147	367	ACEA_AR_agonist_80hr	ToxCast invitrodb v4.3
DED000147	6257	ATG_RXRb_TRANS	ToxCast invitrodb v4.3
DED000148	2099	ACEA_ER_80hr|ATG_ERE_CIS|ATG_ERa_TRANS|ATG_hERa_XSP2|OT_ERa_GFPERaERE_0120	ToxCast invitrodb v4.3
DED000148	2100	ATG_hERb_XSP2	ToxCast invitrodb v4.3
DED000148	2729	LTEA_HepaRG_GCLC	ToxCast invitrodb v4.3
DED000149	196	TOX21_AhR_LUC_Agonist	ToxCast invitrodb v4.3
DED000149	2099	ATG_ERa_TRANS|OT_ER_ERaERb_0480|OT_ER_ERaERb_1440	ToxCast invitrodb v4.3
DED000149	2100	OT_ER_ERaERb_0480|OT_ER_ERaERb_1440|OT_ER_ERbERb_0480	ToxCast invitrodb v4.3
DED000149	4780	TOX21_ARE_BLA_Agonist_ratio	ToxCast invitrodb v4.3
DED000149	5241	CEETOX_H295R_OHPROG|CEETOX_H295R_PROG	ToxCast invitrodb v4.3
DED000149	6257	ATG_RXRb_TRANS	ToxCast invitrodb v4.3
DED000150	1244	LTEA_HepaRG_ABCC2	ToxCast invitrodb v4.3
DED000150	1576	LTEA_HepaRG_CYP3A4	ToxCast invitrodb v4.3
DED000150	1581	LTEA_HepaRG_CYP7A1	ToxCast invitrodb v4.3
DED000150	23089	LTEA_HepaRG_PEG10	ToxCast invitrodb v4.3
DED000150	5243	LTEA_HepaRG_ABCB1	ToxCast invitrodb v4.3
DED000151	2099	OT_ER_ERaERb_1440	ToxCast invitrodb v4.3
DED000151	2100	OT_ER_ERaERb_1440	ToxCast invitrodb v4.3
DED000151	367	ACEA_AR_agonist_80hr	ToxCast invitrodb v4.3
DED000152	6256	TOX21_RXR_BLA_Agonist_ratio	ToxCast invitrodb v4.3
DED000155	2099	TOX21_ERa_LUC_VM7_Agonist	ToxCast invitrodb v4.3
DED000156	1543	LTEA_HepaRG_CYP1A1	ToxCast invitrodb v4.3
DED000156	2099	TOX21_ERa_LUC_VM7_Agonist_10nM_ICI182780	ToxCast invitrodb v4.3
DED000157	6256	TOX21_RXR_BLA_Agonist_ratio	ToxCast invitrodb v4.3
DED000157	6862	CCTE_Deisenroth_DEVTOX-GLR_Endo_BRA	ToxCast invitrodb v4.3
DED000158	6257	ATG_RXRb_TRANS	ToxCast invitrodb v4.3
DED000159	2099	ATG_ERE_CIS	ToxCast invitrodb v4.3
DED000160	4780	ATG_NRF2_ARE_CIS|TOX21_ARE_BLA_Agonist_ratio	ToxCast invitrodb v4.3
DED000160	9970	TOX21_CAR_LUC_Agonist	ToxCast invitrodb v4.3
DED000161	1555	LTEA_HepaRG_CYP2B6	ToxCast invitrodb v4.3
DED000167	8856	ATG_PXRE_CIS	ToxCast invitrodb v4.3
DED000172	1543	LTEA_HepaRG_CYP1A1	ToxCast invitrodb v4.3
DED000173	1543	LTEA_HepaRG_CYP1A1	ToxCast invitrodb v4.3
DED000174	2099	ATG_ERE_CIS	ToxCast invitrodb v4.3
DED000177	116519	LTEA_HepaRG_APOA5	ToxCast invitrodb v4.3
DED000177	1555	CLD_CYP2B6_24hr|CLD_CYP2B6_6hr	ToxCast invitrodb v4.3
DED000177	1576	CLD_CYP3A4_24hr|CLD_CYP3A4_6hr	ToxCast invitrodb v4.3
DED000178	5468	ATG_PPARg_TRANS	ToxCast invitrodb v4.3
DED000178	7421	ATG_VDRE_CIS	ToxCast invitrodb v4.3
DED000178	8856	ATG_PXR_TRANS	ToxCast invitrodb v4.3
DED000179	2099	CCTE_Deisenroth_AIME_384WELL_LUC_Inactive|OT_ER_ERaERb_0480	ToxCast invitrodb v4.3
DED000179	2100	OT_ER_ERaERb_0480|OT_ER_ERbERb_0480	ToxCast invitrodb v4.3
DED000179	3297	TOX21_HSE_BLA_Agonist_ratio	ToxCast invitrodb v4.3
DED000179	367	TOX21_AR_LUC_MDAKB2_Agonist	ToxCast invitrodb v4.3
DED000180	196	ATG_Ahr_CIS	ToxCast invitrodb v4.3
DED000180	2099	ATG_ERa_TRANS|CCTE_Deisenroth_AIME_384WELL_LUC_Inactive|CCTE_Deisenroth_AIME_384WELL_LUC_Shift|OT_ER_ERaERa_0480|OT_ER_ERaERb_0480|OT_ER_ERaERb_1440|TOX21_ERa_LUC_VM7_Agonist	ToxCast invitrodb v4.3
DED000180	2100	OT_ER_ERaERb_0480|OT_ER_ERaERb_1440|OT_ER_ERbERb_0480|OT_ER_ERbERb_1440	ToxCast invitrodb v4.3
DED000180	2101	TOX21_ERR_LUC_Agonist	ToxCast invitrodb v4.3
DED000180	4086	ATG_BRE_CIS	ToxCast invitrodb v4.3
DED000180	4774	ATG_NFI_CIS	ToxCast invitrodb v4.3
DED000180	4780	TOX21_ARE_KS_LUC_Agonist	ToxCast invitrodb v4.3
DED000180	5468	ATG_PPARg_TRANS	ToxCast invitrodb v4.3
DED000180	5914	TOX21_RAR_LUC_Agonist	ToxCast invitrodb v4.3
DED000180	6257	ATG_RXRb_TRANS	ToxCast invitrodb v4.3
DED000180	6720	ATG_SREBP_CIS	ToxCast invitrodb v4.3
DED000180	7157	ATG_p53_CIS	ToxCast invitrodb v4.3
DED000180	8856	ATG_PXRE_CIS|ATG_PXR_TRANS	ToxCast invitrodb v4.3
DED000182	1051	ATG_C_EBP_CIS	ToxCast invitrodb v4.3
DED000182	2099	ACEA_ER_80hr|ATG_ERE_CIS|ATG_ERa_TRANS|CCTE_Deisenroth_AIME_96WELL_LUC_Inactive|OT_ER_ERaERa_0480|OT_ER_ERaERa_1440|OT_ER_ERaERb_0480|OT_ER_ERaERb_1440|TOX21_ERa_LUC_VM7_Agonist	ToxCast invitrodb v4.3
DED000182	2100	OT_ER_ERaERb_0480|OT_ER_ERaERb_1440|OT_ER_ERbERb_0480|OT_ER_ERbERb_1440	ToxCast invitrodb v4.3
DED000182	367	OT_AR_ARELUC_AG_1440	ToxCast invitrodb v4.3
DED000182	4086	ATG_BRE_CIS	ToxCast invitrodb v4.3
DED000182	5080	ATG_Pax6_CIS	ToxCast invitrodb v4.3
DED000182	5241	CEETOX_H295R_PROG	ToxCast invitrodb v4.3
DED000182	5451	ATG_Oct_MLP_CIS	ToxCast invitrodb v4.3
DED000182	5465	ATG_PPARa_TRANS|ATG_PPRE_CIS	ToxCast invitrodb v4.3
DED000182	5467	ATG_PPRE_CIS	ToxCast invitrodb v4.3
DED000182	5468	ATG_PPARg_TRANS|ATG_PPRE_CIS	ToxCast invitrodb v4.3
DED000182	6095	ATG_RORE_CIS	ToxCast invitrodb v4.3
DED000182	6096	ATG_RORE_CIS	ToxCast invitrodb v4.3
DED000182	6097	ATG_RORE_CIS	ToxCast invitrodb v4.3
DED000182	7391	ATG_E_Box_CIS	ToxCast invitrodb v4.3
DED000182	7421	ATG_VDRE_CIS	ToxCast invitrodb v4.3
DED000182	7494	ATG_Xbp1_CIS	ToxCast invitrodb v4.3
DED000183	2099	ATG_ERa_TRANS|OT_ER_ERaERb_0480	ToxCast invitrodb v4.3
DED000183	2100	OT_ER_ERaERb_0480|OT_ER_ERbERb_0480	ToxCast invitrodb v4.3
DED000183	4780	ATG_NRF2_ARE_CIS	ToxCast invitrodb v4.3
DED000183	637	LTEA_HepaRG_BID	ToxCast invitrodb v4.3
DED000183	8856	TOX21_PXR_LUC_Agonist	ToxCast invitrodb v4.3
DED000184	1544	LTEA_HepaRG_CYP1A2	ToxCast invitrodb v4.3
DED000184	1555	LTEA_HepaRG_CYP2B6	ToxCast invitrodb v4.3
DED000184	1557	LTEA_HepaRG_CYP2C19	ToxCast invitrodb v4.3
DED000184	1571	LTEA_HepaRG_CYP2E1	ToxCast invitrodb v4.3
DED000184	1576	LTEA_HepaRG_CYP3A4	ToxCast invitrodb v4.3
DED000184	196	ATG_Ahr_CIS	ToxCast invitrodb v4.3
DED000184	367	TOX21_AR_LUC_MDAKB2_Agonist_3uM_Nilutamide	ToxCast invitrodb v4.3
DED000184	54658	LTEA_HepaRG_UGT1A1	ToxCast invitrodb v4.3
DED000184	6256	TOX21_RXR_BLA_Agonist_ratio	ToxCast invitrodb v4.3
DED000184	8856	TOX21_PXR_LUC_Agonist	ToxCast invitrodb v4.3
DED000185	10062	ATG_DR4_LXR_CIS	ToxCast invitrodb v4.3
DED000185	5451	ATG_Oct_MLP_CIS	ToxCast invitrodb v4.3
DED000185	7376	ATG_DR4_LXR_CIS	ToxCast invitrodb v4.3
DED000185	8856	ATG_mPXR_XSP1	ToxCast invitrodb v4.3
DED000186	2101	TOX21_ERR_LUC_Agonist	ToxCast invitrodb v4.3
DED000188	196	TOX21_AhR_LUC_Agonist	ToxCast invitrodb v4.3
DED000188	2308	LTEA_HepaRG_FOXO1	ToxCast invitrodb v4.3
DED000188	3880	LTEA_HepaRG_KRT19	ToxCast invitrodb v4.3
DED000188	4023	LTEA_HepaRG_LPL	ToxCast invitrodb v4.3
DED000188	4609	LTEA_HepaRG_MYC	ToxCast invitrodb v4.3
DED000188	4780	TOX21_ARE_BLA_Agonist_ratio	ToxCast invitrodb v4.3
DED000188	4790	LTEA_HepaRG_NFKB1	ToxCast invitrodb v4.3
DED000188	7076	LTEA_HepaRG_TIMP1	ToxCast invitrodb v4.3
DED000189	1591	TOX21_VDR_BLA_Agonist_ratio	ToxCast invitrodb v4.3
DED000189	196	ERF_US_NR_hAHR|TOX21_AhR_LUC_Agonist	ToxCast invitrodb v4.3
DED000189	2099	TOX21_ERa_BLA_Agonist_ratio	ToxCast invitrodb v4.3
DED000189	2100	TOX21_ERb_BLA_Agonist_ratio	ToxCast invitrodb v4.3
DED000189	22926	TOX21_ESRE_BLA_Agonist_ratio	ToxCast invitrodb v4.3
DED000189	2353	TOX21_AP1_BLA_Agonist_ratio	ToxCast invitrodb v4.3
DED000189	2908	TOX21_GR_BLA_Agonist_ratio	ToxCast invitrodb v4.3
DED000189	3091	TOX21_HRE_BLA_Agonist_ratio	ToxCast invitrodb v4.3
DED000189	3297	TOX21_HSE_BLA_Agonist_ratio	ToxCast invitrodb v4.3
DED000189	367	TOX21_AR_BLA_Agonist_ratio	ToxCast invitrodb v4.3
DED000189	3725	TOX21_AP1_BLA_Agonist_ratio	ToxCast invitrodb v4.3
DED000189	4780	TOX21_ARE_BLA_Agonist_ratio|TOX21_ARE_KS_LUC_Agonist	ToxCast invitrodb v4.3
DED000189	4790	TOX21_NFkB_BLA_agonist_ratio	ToxCast invitrodb v4.3
DED000189	5241	TOX21_PR_BLA_Agonist_ratio	ToxCast invitrodb v4.3
DED000189	5467	TOX21_PPARd_BLA_Agonist_ratio	ToxCast invitrodb v4.3
DED000189	5468	TOX21_PPARg_BLA_Agonist_ratio	ToxCast invitrodb v4.3
DED000189	6256	TOX21_RXR_BLA_Agonist_ratio	ToxCast invitrodb v4.3
DED000189	7157	TOX21_p53_BLA_ms_human_ratio|TOX21_p53_BLA_ms_rat_ratio|TOX21_p53_BLA_p1_ratio|TOX21_p53_BLA_p2_ratio|TOX21_p53_BLA_p3_ratio|TOX21_p53_BLA_p4_ratio|TOX21_p53_BLA_p5_ratio|TOX21_p53_BLA_p7_ratio	ToxCast invitrodb v4.3
DED000189	7421	TOX21_VDR_BLA_Agonist_ratio	ToxCast invitrodb v4.3
DED000189	836	TOX21_CASP3_HEPG2	ToxCast invitrodb v4.3
DED000189	8856	TOX21_PXR_LUC_Agonist	ToxCast invitrodb v4.3
DED000189	9970	TOX21_CAR_LUC_Agonist	ToxCast invitrodb v4.3
DED000189	9971	TOX21_FXR_BLA_Agonist_ratio	ToxCast invitrodb v4.3
DED000193	1543	CLD_CYP1A1_24hr|CLD_CYP1A1_48hr|CLD_CYP1A1_6hr	ToxCast invitrodb v4.3
DED000193	1544	CLD_CYP1A2_24hr|CLD_CYP1A2_48hr|CLD_CYP1A2_6hr	ToxCast invitrodb v4.3
DED000193	1555	CLD_CYP2B6_24hr|CLD_CYP2B6_48hr|CLD_CYP2B6_6hr	ToxCast invitrodb v4.3
DED000193	2099	ATG_hERa_XSP1	ToxCast invitrodb v4.3
DED000193	2194	LTEA_HepaRG_FASN	ToxCast invitrodb v4.3
DED000193	367	CEETOX_H295R_ANDR	ToxCast invitrodb v4.3
DED000193	5468	ATG_hPPARg_XSP2	ToxCast invitrodb v4.3
DED000193	7067	ATG_THRa1_TRANS	ToxCast invitrodb v4.3
DED000193	7069	LTEA_HepaRG_THRSP	ToxCast invitrodb v4.3
DED000193	8856	ATG_PXR_TRANS|ATG_mPXR_XSP2	ToxCast invitrodb v4.3
DED000194	2353	ATG_AP_1_CIS	ToxCast invitrodb v4.3
DED000194	3725	ATG_AP_1_CIS	ToxCast invitrodb v4.3
DED000194	4780	ATG_NRF2_ARE_CIS	ToxCast invitrodb v4.3
DED000194	5465	ATG_PPRE_CIS	ToxCast invitrodb v4.3
DED000194	5467	ATG_PPRE_CIS	ToxCast invitrodb v4.3
DED000194	5468	ATG_PPARg_TRANS|ATG_PPRE_CIS	ToxCast invitrodb v4.3
DED000195	1869	ATG_E2F_CIS	ToxCast invitrodb v4.3
DED000195	2099	ACEA_ER_80hr|ATG_hERa_XSP1	ToxCast invitrodb v4.3
DED000195	2100	ATG_hERb_XSP1	ToxCast invitrodb v4.3
DED000195	2308	ATG_FoxO_CIS	ToxCast invitrodb v4.3
DED000195	2309	ATG_FoxO_CIS	ToxCast invitrodb v4.3
DED000195	2623	ATG_GATA_CIS	ToxCast invitrodb v4.3
DED000195	2908	CEETOX_H295R_11DCORT	ToxCast invitrodb v4.3
DED000195	3297	ATG_HSE_CIS	ToxCast invitrodb v4.3
DED000195	367	OT_AR_ARELUC_AG_1440|OT_AR_ARSRC1_0480|OT_AR_ARSRC1_0960|TOX21_AR_LUC_MDAKB2_Agonist|TOX21_AR_LUC_MDAKB2_Agonist_3uM_Nilutamide|UPITT_HCI_U2OS_AR_TIF2_Nucleoli_Agonist|UPITT_HCI_U2OS_AR_TIF2_Nucleoli_Cytoplasm_Ratio_Agonist	ToxCast invitrodb v4.3
DED000195	4306	CEETOX_H295R_11DCORT	ToxCast invitrodb v4.3
DED000195	4520	ATG_MRE_CIS	ToxCast invitrodb v4.3
DED000195	51176	ATG_TCF_b_cat_CIS	ToxCast invitrodb v4.3
DED000195	5241	CEETOX_H295R_OHPREG|TOX21_PR_BLA_Agonist_ratio	ToxCast invitrodb v4.3
DED000195	6667	ATG_Sp1_CIS	ToxCast invitrodb v4.3
DED000195	6714	OT_AR_ARSRC1_0480|OT_AR_ARSRC1_0960|OT_FXR_FXRSRC1_0480	ToxCast invitrodb v4.3
DED000195	6932	ATG_TCF_b_cat_CIS	ToxCast invitrodb v4.3
DED000195	6934	ATG_TCF_b_cat_CIS	ToxCast invitrodb v4.3
DED000195	7020	ATG_AP_2_CIS	ToxCast invitrodb v4.3
DED000195	7021	ATG_AP_2_CIS	ToxCast invitrodb v4.3
DED000195	7157	ATG_p53_CIS	ToxCast invitrodb v4.3
DED000195	7391	ATG_E_Box_CIS	ToxCast invitrodb v4.3
DED000195	7421	ATG_VDR_TRANS	ToxCast invitrodb v4.3
DED000195	83439	ATG_TCF_b_cat_CIS	ToxCast invitrodb v4.3
DED000195	83741	ATG_AP_2_CIS	ToxCast invitrodb v4.3
DED000195	8856	ATG_PXRE_CIS|ATG_mPXR_XSP1|ATG_mPXR_XSP2|TOX21_PXR_LUC_Agonist	ToxCast invitrodb v4.3
DED000195	894	LTEA_HepaRG_CCND2	ToxCast invitrodb v4.3
DED000195	9971	OT_FXR_FXRSRC1_0480	ToxCast invitrodb v4.3
DED000196	2908	CEETOX_H295R_11DCORT	ToxCast invitrodb v4.3
DED000196	4306	CEETOX_H295R_11DCORT	ToxCast invitrodb v4.3
DED000196	4780	ATG_NRF2_ARE_CIS	ToxCast invitrodb v4.3
DED000196	7157	TOX21_p53_BLA_ms_human_ratio|TOX21_p53_BLA_ms_rat_ratio	ToxCast invitrodb v4.3
DED000196	8856	ATG_PXR_TRANS	ToxCast invitrodb v4.3
DED000196	9970	ATG_PBREM_CIS	ToxCast invitrodb v4.3
DED000197	4780	TOX21_ARE_BLA_Agonist_ratio|TOX21_ARE_KS_LUC_Agonist	ToxCast invitrodb v4.3
DED000201	2908	TOX21_GR_BLA_Agonist_ratio	ToxCast invitrodb v4.3
DED000201	367	TOX21_AR_BLA_Agonist_ratio|TOX21_AR_LUC_MDAKB2_Agonist|TOX21_AR_LUC_MDAKB2_Agonist_3uM_Nilutamide	ToxCast invitrodb v4.3
DED000201	5241	TOX21_PR_BLA_Agonist_ratio	ToxCast invitrodb v4.3
DED000205	2099	ATG_ERa_TRANS	ToxCast invitrodb v4.3
DED000205	6257	ATG_RXRb_TRANS	ToxCast invitrodb v4.3
DED000205	8856	ATG_PXRE_CIS|ATG_PXR_TRANS	ToxCast invitrodb v4.3
DED000206	7391	ATG_E_Box_CIS	ToxCast invitrodb v4.3
DED000207	2099	TOX21_ERa_LUC_VM7_Agonist	ToxCast invitrodb v4.3
DED000207	367	ATG_AR_TRANS|TOX21_AR_BLA_Agonist_ratio|TOX21_AR_LUC_MDAKB2_Agonist|TOX21_AR_LUC_MDAKB2_Agonist_3uM_Nilutamide|UPITT_HCI_U2OS_AR_TIF2_Nucleoli_Agonist|UPITT_HCI_U2OS_AR_TIF2_Nucleoli_Cytoplasm_Ratio_Agonist	ToxCast invitrodb v4.3
DED000209	196	ERF_US_NR_hAHR	ToxCast invitrodb v4.3
DED000211	2099	ATG_ERa_TRANS	ToxCast invitrodb v4.3
DED000212	2099	ATG_ERa_TRANS	ToxCast invitrodb v4.3
DED000212	6257	ATG_RXRb_TRANS	ToxCast invitrodb v4.3
DED000212	7040	ATG_TGFb_CIS	ToxCast invitrodb v4.3
DED000212	8856	ATG_PXR_TRANS	ToxCast invitrodb v4.3
DED000213	7157	TOX21_p53_BLA_ms_rat_ratio	ToxCast invitrodb v4.3
DED000214	4780	TOX21_ARE_BLA_Agonist_ratio	ToxCast invitrodb v4.3
DED000215	2099	OT_ERa_GFPERaERE_0120|TOX21_ERa_BLA_Agonist_ratio	ToxCast invitrodb v4.3
DED000215	2908	TOX21_GR_BLA_Agonist_ratio	ToxCast invitrodb v4.3
DED000215	3091	TOX21_HRE_BLA_Agonist_ratio	ToxCast invitrodb v4.3
DED000215	3297	TOX21_HSE_BLA_Agonist_ratio	ToxCast invitrodb v4.3
DED000215	367	OT_AR_ARSRC1_0480|OT_AR_ARSRC1_0960|TOX21_AR_BLA_Agonist_ratio	ToxCast invitrodb v4.3
DED000215	5467	TOX21_PPARd_BLA_Agonist_ratio	ToxCast invitrodb v4.3
DED000215	5468	TOX21_PPARg_BLA_Agonist_ratio	ToxCast invitrodb v4.3
DED000215	5914	NVS_NR_hRARa_Agonist	ToxCast invitrodb v4.3
DED000215	6714	OT_AR_ARSRC1_0480|OT_AR_ARSRC1_0960	ToxCast invitrodb v4.3
DED000215	7157	TOX21_p53_BLA_p1_ratio|TOX21_p53_BLA_p2_ratio|TOX21_p53_BLA_p3_ratio|TOX21_p53_BLA_p4_ratio|TOX21_p53_BLA_p5_ratio|TOX21_p53_BLA_p7_ratio	ToxCast invitrodb v4.3
DED000216	1543	CLD_CYP1A1_24hr|CLD_CYP1A1_48hr|CLD_CYP1A1_6hr|LTEA_HepaRG_CYP1A1	ToxCast invitrodb v4.3
DED000216	1544	CLD_CYP1A2_24hr	ToxCast invitrodb v4.3
DED000216	1555	CLD_CYP2B6_24hr|CLD_CYP2B6_48hr|CLD_CYP2B6_6hr	ToxCast invitrodb v4.3
DED000216	1576	CLD_CYP3A4_24hr|CLD_CYP3A4_48hr|CLD_CYP3A4_6hr	ToxCast invitrodb v4.3
DED000216	1579	LTEA_HepaRG_CYP4A11	ToxCast invitrodb v4.3
DED000216	1581	LTEA_HepaRG_CYP7A1	ToxCast invitrodb v4.3
DED000216	174	LTEA_HepaRG_AFP	ToxCast invitrodb v4.3
DED000216	2168	LTEA_HepaRG_FABP1	ToxCast invitrodb v4.3
DED000216	23089	LTEA_HepaRG_PEG10	ToxCast invitrodb v4.3
DED000216	250	LTEA_HepaRG_ALPP	ToxCast invitrodb v4.3
DED000216	3158	LTEA_HepaRG_HMGCS2	ToxCast invitrodb v4.3
DED000216	3479	LTEA_HepaRG_IGF1	ToxCast invitrodb v4.3
DED000216	3570	LTEA_HepaRG_IL6R	ToxCast invitrodb v4.3
DED000216	5243	LTEA_HepaRG_ABCB1	ToxCast invitrodb v4.3
DED000216	6256	TOX21_RXR_BLA_Agonist_ratio	ToxCast invitrodb v4.3
DED000216	8647	LTEA_HepaRG_ABCB11	ToxCast invitrodb v4.3
DED000216	8856	TOX21_PXR_LUC_Agonist	ToxCast invitrodb v4.3
DED000216	9970	TOX21_CAR_LUC_Agonist	ToxCast invitrodb v4.3
DED000217	1543	LTEA_HepaRG_CYP1A1	ToxCast invitrodb v4.3
DED000217	1544	LTEA_HepaRG_CYP1A2	ToxCast invitrodb v4.3
DED000217	5914	TOX21_RAR_LUC_Agonist	ToxCast invitrodb v4.3
DED000217	6256	TOX21_RXR_BLA_Agonist_ratio	ToxCast invitrodb v4.3
DED000217	6257	ATG_RXRb_TRANS	ToxCast invitrodb v4.3
DED000218	196	ATG_Ahr_CIS	ToxCast invitrodb v4.3
DED000218	4780	TOX21_ARE_BLA_Agonist_ratio	ToxCast invitrodb v4.3
DED000218	5468	ATG_PPARg_TRANS	ToxCast invitrodb v4.3
DED000219	7157	TOX21_p53_BLA_p2_ratio	ToxCast invitrodb v4.3
DED000221	2099	TOX21_ERa_BLA_Agonist_ratio|TOX21_ERa_LUC_VM7_Agonist	ToxCast invitrodb v4.3
DED000221	367	TOX21_AR_LUC_MDAKB2_Agonist	ToxCast invitrodb v4.3
DED000222	2099	TOX21_ERa_BLA_Agonist_ratio|TOX21_ERa_LUC_VM7_Agonist	ToxCast invitrodb v4.3
DED000222	367	TOX21_AR_BLA_Agonist_ratio|TOX21_AR_LUC_MDAKB2_Agonist	ToxCast invitrodb v4.3
DED000227	2099	TOX21_ERa_BLA_Agonist_ratio|TOX21_ERa_LUC_VM7_Agonist|TOX21_ERa_LUC_VM7_Agonist_10nM_ICI182780	ToxCast invitrodb v4.3
DED000227	8856	TOX21_PXR_LUC_Agonist	ToxCast invitrodb v4.3
DED000227	9970	TOX21_CAR_LUC_Agonist	ToxCast invitrodb v4.3
DED000229	2099	ATG_ERa_TRANS|OT_ER_ERaERb_0480|OT_ER_ERaERb_1440	ToxCast invitrodb v4.3
DED000229	2100	OT_ER_ERaERb_0480|OT_ER_ERaERb_1440|OT_ER_ERbERb_0480|OT_ER_ERbERb_1440	ToxCast invitrodb v4.3
DED000229	4780	ATG_NRF2_ARE_CIS	ToxCast invitrodb v4.3
DED000229	6257	ATG_RXRb_TRANS	ToxCast invitrodb v4.3
DED000234	1543	CLD_CYP1A1_24hr|LTEA_HepaRG_CYP1A1	ToxCast invitrodb v4.3
DED000234	1555	CLD_CYP2B6_24hr|CLD_CYP2B6_48hr|CLD_CYP2B6_6hr|LTEA_HepaRG_CYP2B6	ToxCast invitrodb v4.3
DED000234	1576	CLD_CYP3A4_24hr|CLD_CYP3A4_48hr	ToxCast invitrodb v4.3
DED000234	1581	LTEA_HepaRG_CYP7A1	ToxCast invitrodb v4.3
DED000234	2099	ATG_ERE_CIS	ToxCast invitrodb v4.3
DED000234	367	OT_AR_ARELUC_AG_1440	ToxCast invitrodb v4.3
DED000234	4780	ATG_NRF2_ARE_CIS|TOX21_ARE_BLA_Agonist_ratio|TOX21_ARE_KS_LUC_Agonist	ToxCast invitrodb v4.3
DED000234	5166	LTEA_HepaRG_PDK4	ToxCast invitrodb v4.3
DED000234	5465	ATG_PPRE_CIS	ToxCast invitrodb v4.3
DED000234	5467	ATG_PPRE_CIS	ToxCast invitrodb v4.3
DED000234	5468	ATG_PPARg_TRANS|ATG_PPRE_CIS	ToxCast invitrodb v4.3
DED000234	7157	TOX21_p53_BLA_ms_human_ratio|TOX21_p53_BLA_ms_rat_ratio	ToxCast invitrodb v4.3
DED000235	2099	TOX21_ERa_LUC_VM7_Agonist	ToxCast invitrodb v4.3
DED000235	2101	TOX21_ERR_LUC_Agonist	ToxCast invitrodb v4.3
DED000235	4780	TOX21_ARE_KS_LUC_Agonist	ToxCast invitrodb v4.3
DED000235	5914	TOX21_RAR_LUC_Agonist	ToxCast invitrodb v4.3
DED000236	2730	LTEA_HepaRG_GCLM	ToxCast invitrodb v4.3
DED000236	367	TOX21_AR_LUC_MDAKB2_Agonist	ToxCast invitrodb v4.3
DED000236	4314	LTEA_HepaRG_MMP3	ToxCast invitrodb v4.3
DED000236	4790	LTEA_HepaRG_NFKB1	ToxCast invitrodb v4.3
DED000236	6774	LTEA_HepaRG_STAT3	ToxCast invitrodb v4.3
DED000236	7157	TOX21_p53_BLA_p1_ratio|TOX21_p53_BLA_p4_ratio	ToxCast invitrodb v4.3
DED000238	1551	LTEA_HepaRG_CYP3A7	ToxCast invitrodb v4.3
DED000238	1576	LTEA_HepaRG_CYP3A4	ToxCast invitrodb v4.3
DED000238	5166	LTEA_HepaRG_PDK4	ToxCast invitrodb v4.3
DED000238	54658	LTEA_HepaRG_UGT1A1	ToxCast invitrodb v4.3
DED000238	5468	ATG_hPPARg_XSP2	ToxCast invitrodb v4.3
DED000238	8856	ATG_PXR_TRANS|ATG_mPXR_XSP2	ToxCast invitrodb v4.3
DED000242	10488	ATG_CRE_CIS	ToxCast invitrodb v4.3
DED000242	1958	ATG_EGR_CIS	ToxCast invitrodb v4.3
DED000242	196	ATG_Ahr_CIS	ToxCast invitrodb v4.3
DED000242	2099	CCTE_Deisenroth_AIME_384WELL_LUC_Active|CCTE_Deisenroth_AIME_384WELL_LUC_Inactive	ToxCast invitrodb v4.3
DED000242	3014	TOX21_H2AX_HTRF_CHO_Agonist_ratio	ToxCast invitrodb v4.3
DED000242	4780	TOX21_ARE_BLA_Agonist_ratio	ToxCast invitrodb v4.3
DED000242	51176	ATG_TCF_b_cat_CIS	ToxCast invitrodb v4.3
DED000242	6932	ATG_TCF_b_cat_CIS	ToxCast invitrodb v4.3
DED000242	6934	ATG_TCF_b_cat_CIS	ToxCast invitrodb v4.3
DED000242	83439	ATG_TCF_b_cat_CIS	ToxCast invitrodb v4.3
DED000242	8856	ATG_PXRE_CIS|ATG_PXR_TRANS	ToxCast invitrodb v4.3
DED000243	2099	ATG_ERa_TRANS	ToxCast invitrodb v4.3
DED000244	1551	LTEA_HepaRG_CYP3A7	ToxCast invitrodb v4.3
DED000244	1555	LTEA_HepaRG_CYP2B6	ToxCast invitrodb v4.3
DED000244	1558	LTEA_HepaRG_CYP2C8	ToxCast invitrodb v4.3
DED000244	1576	LTEA_HepaRG_CYP3A4	ToxCast invitrodb v4.3
DED000244	2099	ATG_ERE_CIS|ATG_ERa_TRANS	ToxCast invitrodb v4.3
DED000244	2908	CEETOX_H295R_CORTISOL	ToxCast invitrodb v4.3
DED000244	4306	CEETOX_H295R_CORTISOL	ToxCast invitrodb v4.3
DED000244	5243	LTEA_HepaRG_ABCB1	ToxCast invitrodb v4.3
DED000244	6714	OT_FXR_FXRSRC1_1440	ToxCast invitrodb v4.3
DED000244	7157	TOX21_p53_BLA_ms_rat_ratio	ToxCast invitrodb v4.3
DED000244	8856	ATG_PXR_TRANS	ToxCast invitrodb v4.3
DED000244	9971	OT_FXR_FXRSRC1_1440	ToxCast invitrodb v4.3
DED000245	1555	CLD_CYP2B6_24hr|CLD_CYP2B6_48hr|CLD_CYP2B6_6hr|LTEA_HepaRG_CYP2B6	ToxCast invitrodb v4.3
DED000245	1576	CLD_CYP3A4_24hr|CLD_CYP3A4_48hr|LTEA_HepaRG_CYP3A4	ToxCast invitrodb v4.3
DED000245	4790	LTEA_HepaRG_NFKB1	ToxCast invitrodb v4.3
DED000245	7157	TOX21_p53_BLA_ms_rat_ratio	ToxCast invitrodb v4.3
DED000245	8856	ATG_PXR_TRANS	ToxCast invitrodb v4.3
DED000247	1543	LTEA_HepaRG_CYP1A1	ToxCast invitrodb v4.3
DED000247	1551	LTEA_HepaRG_CYP3A7	ToxCast invitrodb v4.3
DED000247	1555	LTEA_HepaRG_CYP2B6	ToxCast invitrodb v4.3
DED000247	1557	LTEA_HepaRG_CYP2C19	ToxCast invitrodb v4.3
DED000247	1576	LTEA_HepaRG_CYP3A4	ToxCast invitrodb v4.3
DED000247	1579	LTEA_HepaRG_CYP4A11	ToxCast invitrodb v4.3
DED000247	2168	LTEA_HepaRG_FABP1	ToxCast invitrodb v4.3
DED000247	2194	LTEA_HepaRG_FASN	ToxCast invitrodb v4.3
DED000247	47	LTEA_HepaRG_ACLY	ToxCast invitrodb v4.3
DED000247	5166	LTEA_HepaRG_PDK4	ToxCast invitrodb v4.3
DED000247	6554	LTEA_HepaRG_SLC10A1	ToxCast invitrodb v4.3
DED000247	8856	ATG_PXRE_CIS	ToxCast invitrodb v4.3
DED000250	2099	TOX21_ERa_LUC_VM7_Agonist	ToxCast invitrodb v4.3
DED000251	5241	TOX21_PR_BLA_Agonist_ratio	ToxCast invitrodb v4.3
DED000252	6257	ATG_RXRb_TRANS	ToxCast invitrodb v4.3
DED000252	8856	ATG_PXR_TRANS	ToxCast invitrodb v4.3
DED000254	3020	APR_HepG2_MitoticArrest_72hr	ToxCast invitrodb v4.3
DED000254	367	OT_AR_ARELUC_AG_1440	ToxCast invitrodb v4.3
DED000254	4780	ATG_NRF2_ARE_CIS|TOX21_ARE_BLA_Agonist_ratio|TOX21_ARE_KS_LUC_Agonist	ToxCast invitrodb v4.3
DED000254	7157	APR_HepG2_p53Act_72hr	ToxCast invitrodb v4.3
DED000255	367	TOX21_AR_LUC_MDAKB2_Agonist	ToxCast invitrodb v4.3
DED000260	196	TOX21_AhR_LUC_Agonist	ToxCast invitrodb v4.3
DED000260	7157	TOX21_p53_BLA_p2_ratio|TOX21_p53_BLA_p3_ratio|TOX21_p53_BLA_p4_ratio|TOX21_p53_BLA_p5_ratio	ToxCast invitrodb v4.3
DED000261	1543	CLD_CYP1A1_24hr|CLD_CYP1A1_6hr	ToxCast invitrodb v4.3
DED000261	1544	CLD_CYP1A2_24hr|CLD_CYP1A2_48hr|CLD_CYP1A2_6hr	ToxCast invitrodb v4.3
DED000261	1555	CLD_CYP2B6_24hr|CLD_CYP2B6_48hr|CLD_CYP2B6_6hr	ToxCast invitrodb v4.3
DED000261	1576	CLD_CYP3A4_24hr	ToxCast invitrodb v4.3
DED000261	19016	ATG_mPPARg_XSP1|ATG_mPPARg_XSP2	ToxCast invitrodb v4.3
DED000261	54658	CLD_UGT1A1_48hr	ToxCast invitrodb v4.3
DED000261	5468	ATG_hPPARg_XSP1|ATG_hPPARg_XSP2	ToxCast invitrodb v4.3
DED000261	7157	TOX21_p53_BLA_ms_rat_ratio	ToxCast invitrodb v4.3
DED000261	8856	ATG_mPXR_XSP1	ToxCast invitrodb v4.3
DED000262	1244	LTEA_HepaRG_ABCC2	ToxCast invitrodb v4.3
DED000262	1543	LTEA_HepaRG_CYP1A1	ToxCast invitrodb v4.3
DED000262	1544	LTEA_HepaRG_CYP1A2	ToxCast invitrodb v4.3
DED000262	1555	LTEA_HepaRG_CYP2B6	ToxCast invitrodb v4.3
DED000262	1558	LTEA_HepaRG_CYP2C8	ToxCast invitrodb v4.3
DED000262	1571	LTEA_HepaRG_CYP2E1	ToxCast invitrodb v4.3
DED000262	2099	ACEA_ER_80hr|ATG_ERa_TRANS|TOX21_ERa_BLA_Agonist_ratio|TOX21_ERa_LUC_VM7_Agonist	ToxCast invitrodb v4.3
DED000262	2100	TOX21_ERb_BLA_Agonist_ratio	ToxCast invitrodb v4.3
DED000262	2168	LTEA_HepaRG_FABP1	ToxCast invitrodb v4.3
DED000262	250	LTEA_HepaRG_ALPP	ToxCast invitrodb v4.3
DED000262	284541	LTEA_HepaRG_CYP4A22	ToxCast invitrodb v4.3
DED000262	54658	LTEA_HepaRG_UGT1A1	ToxCast invitrodb v4.3
DED000262	6257	ATG_RXRb_TRANS	ToxCast invitrodb v4.3
DED000262	8856	ATG_PXRE_CIS|ATG_PXR_TRANS|TOX21_PXR_LUC_Agonist	ToxCast invitrodb v4.3
DED000270	1543	LTEA_HepaRG_CYP1A1	ToxCast invitrodb v4.3
DED000270	1544	LTEA_HepaRG_CYP1A2	ToxCast invitrodb v4.3
DED000270	2099	OT_ERa_GFPERaERE_0120|OT_ERa_GFPERaERE_0480|TOX21_ERa_BLA_Agonist_ratio	ToxCast invitrodb v4.3
DED000270	22926	TOX21_ESRE_BLA_Agonist_ratio	ToxCast invitrodb v4.3
DED000270	2353	TOX21_AP1_BLA_Agonist_ratio	ToxCast invitrodb v4.3
DED000270	2798	TOX21_GNRHR_HEK293_Agonist	ToxCast invitrodb v4.3
DED000270	2908	TOX21_GR_BLA_Agonist_ratio	ToxCast invitrodb v4.3
DED000270	3014	TOX21_H2AX_HTRF_CHO_Agonist_ratio	ToxCast invitrodb v4.3
DED000270	3020	APR_HepG2_MitoticArrest_24hr	ToxCast invitrodb v4.3
DED000270	3091	TOX21_HRE_BLA_Agonist_ratio	ToxCast invitrodb v4.3
DED000270	3297	TOX21_HSE_BLA_Agonist_ratio	ToxCast invitrodb v4.3
DED000270	367	OT_AR_ARSRC1_0480|OT_AR_ARSRC1_0960|TOX21_AR_BLA_Agonist_ratio|UPITT_HCI_U2OS_AR_TIF2_Nucleoli_Agonist	ToxCast invitrodb v4.3
DED000270	3725	APR_HepG2_StressKinase_24hr|TOX21_AP1_BLA_Agonist_ratio	ToxCast invitrodb v4.3
DED000270	4780	TOX21_ARE_BLA_Agonist_ratio|TOX21_ARE_KS_LUC_Agonist	ToxCast invitrodb v4.3
DED000270	4790	TOX21_NFkB_BLA_agonist_ratio	ToxCast invitrodb v4.3
DED000270	5468	TOX21_PPARg_BLA_Agonist_ratio	ToxCast invitrodb v4.3
DED000270	6714	OT_AR_ARSRC1_0480|OT_AR_ARSRC1_0960	ToxCast invitrodb v4.3
DED000270	6720	ATG_SREBP_CIS	ToxCast invitrodb v4.3
DED000270	7157	ATG_p53_CIS|TOX21_p53_BLA_p1_ratio|TOX21_p53_BLA_p2_ratio|TOX21_p53_BLA_p3_ratio|TOX21_p53_BLA_p4_ratio|TOX21_p53_BLA_p5_ratio	ToxCast invitrodb v4.3
DED000270	7201	TOX21_TRHR_HEK293_Agonist	ToxCast invitrodb v4.3
DED000270	7846	APR_HepG2_MicrotubuleCSK_24hr	ToxCast invitrodb v4.3
DED000270	84634	TOX21_KISS1R_HEK293_Agonist	ToxCast invitrodb v4.3
DED000270	8856	TOX21_PXR_LUC_Agonist	ToxCast invitrodb v4.3
DED000270	9971	TOX21_FXR_BLA_Agonist_ratio	ToxCast invitrodb v4.3
DED000274	1051	ATG_C_EBP_CIS	ToxCast invitrodb v4.3
DED000274	1958	ATG_EGR_CIS	ToxCast invitrodb v4.3
DED000274	22926	TOX21_ESRE_BLA_Agonist_ratio	ToxCast invitrodb v4.3
DED000274	2353	TOX21_AP1_BLA_Agonist_ratio	ToxCast invitrodb v4.3
DED000274	2908	TOX21_GR_BLA_Agonist_ratio	ToxCast invitrodb v4.3
DED000274	3091	TOX21_HRE_BLA_Agonist_ratio	ToxCast invitrodb v4.3
DED000274	3297	ATG_HSE_CIS|TOX21_HSE_BLA_Agonist_ratio	ToxCast invitrodb v4.3
DED000274	3659	ATG_ISRE_CIS	ToxCast invitrodb v4.3
DED000274	3725	TOX21_AP1_BLA_Agonist_ratio	ToxCast invitrodb v4.3
DED000274	4774	ATG_NFI_CIS	ToxCast invitrodb v4.3
DED000274	4780	ATG_NRF2_ARE_CIS	ToxCast invitrodb v4.3
DED000274	5080	ATG_Pax6_CIS	ToxCast invitrodb v4.3
DED000274	6656	ATG_Sox_CIS	ToxCast invitrodb v4.3
DED000274	6667	ATG_Sp1_CIS	ToxCast invitrodb v4.3
DED000274	7494	ATG_Xbp1_CIS	ToxCast invitrodb v4.3
DED000274	79915	TOX21_ELG1_LUC_Agonist	ToxCast invitrodb v4.3
DED000274	8856	ATG_PXRE_CIS|TOX21_PXR_LUC_Agonist	ToxCast invitrodb v4.3
DED000276	196	TOX21_AhR_LUC_Agonist	ToxCast invitrodb v4.3
DED000276	7157	TOX21_p53_BLA_ms_human_ratio	ToxCast invitrodb v4.3
DED000277	8856	ATG_PXR_TRANS|TOX21_PXR_LUC_Agonist	ToxCast invitrodb v4.3
DED000277	9970	TOX21_CAR_LUC_Agonist	ToxCast invitrodb v4.3
DED000278	132	LTEA_HepaRG_ADK	ToxCast invitrodb v4.3
DED000278	1551	LTEA_HepaRG_CYP3A7	ToxCast invitrodb v4.3
DED000278	2099	ATG_hERa_XSP1|ATG_hERa_XSP2	ToxCast invitrodb v4.3
DED000278	2353	TOX21_AP1_BLA_Agonist_ratio	ToxCast invitrodb v4.3
DED000278	250	LTEA_HepaRG_ALPP	ToxCast invitrodb v4.3
DED000278	3175	ATG_HNF6_CIS	ToxCast invitrodb v4.3
DED000278	355	LTEA_HepaRG_FAS	ToxCast invitrodb v4.3
DED000278	3725	TOX21_AP1_BLA_Agonist_ratio	ToxCast invitrodb v4.3
DED000278	4774	ATG_NFI_CIS	ToxCast invitrodb v4.3
DED000278	54578	LTEA_HepaRG_UGT1A6	ToxCast invitrodb v4.3
DED000278	637	LTEA_HepaRG_BID	ToxCast invitrodb v4.3
DED000278	7132	LTEA_HepaRG_TNFRSF1A	ToxCast invitrodb v4.3
DED000278	7421	ATG_VDRE_CIS	ToxCast invitrodb v4.3
DED000278	841	LTEA_HepaRG_CASP8	ToxCast invitrodb v4.3
DED000278	8856	ATG_PXR_TRANS|ATG_mPXR_XSP1|ATG_mPXR_XSP2	ToxCast invitrodb v4.3
DED000280	2099	ATG_ERE_CIS|ATG_ERa_TRANS	ToxCast invitrodb v4.3
DED000286	2099	TOX21_ERa_LUC_VM7_Agonist	ToxCast invitrodb v4.3
DED000286	4780	TOX21_ARE_KS_LUC_Agonist	ToxCast invitrodb v4.3
DED000286	8856	TOX21_PXR_LUC_Agonist	ToxCast invitrodb v4.3
DED000288	1544	CLD_CYP1A2_24hr|CLD_CYP1A2_48hr	ToxCast invitrodb v4.3
DED000288	1555	CLD_CYP2B6_24hr|CLD_CYP2B6_48hr|CLD_CYP2B6_6hr	ToxCast invitrodb v4.3
DED000288	1557	LTEA_HepaRG_CYP2C19	ToxCast invitrodb v4.3
DED000288	1571	LTEA_HepaRG_CYP2E1	ToxCast invitrodb v4.3
DED000288	1576	CLD_CYP3A4_24hr	ToxCast invitrodb v4.3
DED000289	10062	ATG_DR4_LXR_CIS	ToxCast invitrodb v4.3
DED000289	196	TOX21_AhR_LUC_Agonist	ToxCast invitrodb v4.3
DED000289	2099	ATG_ERE_CIS|ATG_ERa_TRANS|CCTE_Deisenroth_AIME_96WELL_LUC_Inactive	ToxCast invitrodb v4.3
DED000289	2353	ATG_AP_1_CIS	ToxCast invitrodb v4.3
DED000289	367	CEETOX_H295R_ANDR|OT_AR_ARSRC1_0960	ToxCast invitrodb v4.3
DED000289	3725	ATG_AP_1_CIS	ToxCast invitrodb v4.3
DED000289	4086	ATG_BRE_CIS	ToxCast invitrodb v4.3
DED000289	4780	ATG_NRF2_ARE_CIS|TOX21_ARE_KS_LUC_Agonist	ToxCast invitrodb v4.3
DED000289	4929	OT_NURR1_NURR1RXRa_0480|OT_NURR1_NURR1RXRa_1440	ToxCast invitrodb v4.3
DED000289	5241	CEETOX_H295R_OHPREG|CEETOX_H295R_OHPROG	ToxCast invitrodb v4.3
DED000289	5468	ATG_PPARg_TRANS	ToxCast invitrodb v4.3
DED000289	6256	OT_NURR1_NURR1RXRa_0480|OT_NURR1_NURR1RXRa_1440	ToxCast invitrodb v4.3
DED000289	6714	OT_AR_ARSRC1_0960|OT_FXR_FXRSRC1_0480|OT_FXR_FXRSRC1_1440	ToxCast invitrodb v4.3
DED000289	7376	ATG_DR4_LXR_CIS	ToxCast invitrodb v4.3
DED000289	8856	ATG_PXR_TRANS|TOX21_PXR_LUC_Agonist	ToxCast invitrodb v4.3
DED000289	9970	TOX21_CAR_LUC_Agonist	ToxCast invitrodb v4.3
DED000289	9971	OT_FXR_FXRSRC1_0480|OT_FXR_FXRSRC1_1440	ToxCast invitrodb v4.3
DED000290	1244	LTEA_HepaRG_ABCC2	ToxCast invitrodb v4.3
DED000290	1543	LTEA_HepaRG_CYP1A1	ToxCast invitrodb v4.3
DED000290	1551	LTEA_HepaRG_CYP3A7	ToxCast invitrodb v4.3
DED000290	1555	CLD_CYP2B6_24hr|CLD_CYP2B6_48hr|CLD_CYP2B6_6hr	ToxCast invitrodb v4.3
DED000290	1576	CLD_CYP3A4_24hr|CLD_CYP3A4_48hr	ToxCast invitrodb v4.3
DED000290	6256	TOX21_RXR_BLA_Agonist_ratio	ToxCast invitrodb v4.3
DED000290	8856	TOX21_PXR_LUC_Agonist	ToxCast invitrodb v4.3
DED000291	1543	CLD_CYP1A1_24hr|CLD_CYP1A1_6hr	ToxCast invitrodb v4.3
DED000291	1544	CLD_CYP1A2_24hr|CLD_CYP1A2_48hr|CLD_CYP1A2_6hr	ToxCast invitrodb v4.3
DED000291	1555	CLD_CYP2B6_24hr|CLD_CYP2B6_48hr|CLD_CYP2B6_6hr	ToxCast invitrodb v4.3
DED000291	1576	CLD_CYP3A4_24hr|CLD_CYP3A4_48hr	ToxCast invitrodb v4.3
DED000291	19016	ATG_mPPARg_XSP1	ToxCast invitrodb v4.3
DED000291	5241	CEETOX_H295R_PROG	ToxCast invitrodb v4.3
DED000291	54658	CLD_UGT1A1_48hr	ToxCast invitrodb v4.3
DED000291	7157	TOX21_p53_BLA_ms_rat_ratio	ToxCast invitrodb v4.3
DED000291	8856	ATG_mPXR_XSP2	ToxCast invitrodb v4.3
DED000292	1958	ATG_EGR_CIS	ToxCast invitrodb v4.3
DED000292	5468	ATG_PPARg_TRANS	ToxCast invitrodb v4.3
DED000292	8856	ATG_PXRE_CIS|ATG_PXR_TRANS|TOX21_PXR_LUC_Agonist	ToxCast invitrodb v4.3
DED000293	1557	LTEA_HepaRG_CYP2C19	ToxCast invitrodb v4.3
DED000293	1576	LTEA_HepaRG_CYP3A4	ToxCast invitrodb v4.3
DED000293	2099	ATG_hERa_XSP2	ToxCast invitrodb v4.3
DED000293	5468	ATG_hPPARg_EcoTox2	ToxCast invitrodb v4.3
DED000293	8856	ATG_PXR_TRANS|ATG_mPXR_XSP1|ATG_mPXR_XSP2	ToxCast invitrodb v4.3
DED000296	6256	TOX21_RXR_BLA_Agonist_ratio	ToxCast invitrodb v4.3
DED000296	8856	ATG_PXRE_CIS|ATG_mPXR_XSP2|TOX21_PXR_LUC_Agonist	ToxCast invitrodb v4.3
DED000305	1579	LTEA_HepaRG_CYP4A11	ToxCast invitrodb v4.3
DED000305	174	LTEA_HepaRG_AFP	ToxCast invitrodb v4.3
DED000305	19016	ATG_mPPARg_XSP1	ToxCast invitrodb v4.3
DED000305	2099	ATG_hERa_XSP2|OT_ERa_GFPERaERE_0120|OT_ERa_GFPERaERE_0480	ToxCast invitrodb v4.3
DED000305	2328	LTEA_HepaRG_FMO3	ToxCast invitrodb v4.3
DED000305	3158	LTEA_HepaRG_HMGCS2	ToxCast invitrodb v4.3
DED000305	4780	TOX21_ARE_BLA_Agonist_ratio	ToxCast invitrodb v4.3
DED000305	5241	CEETOX_H295R_OHPROG	ToxCast invitrodb v4.3
DED000305	54658	LTEA_HepaRG_UGT1A1	ToxCast invitrodb v4.3
DED000305	6714	OT_FXR_FXRSRC1_0480	ToxCast invitrodb v4.3
DED000305	7068	ATG_hTRb_XSP2	ToxCast invitrodb v4.3
DED000305	8856	ATG_PXRE_CIS|ATG_PXR_TRANS|ATG_mPXR_XSP1|ATG_mPXR_XSP2|TOX21_PXR_LUC_Agonist	ToxCast invitrodb v4.3
DED000305	9970	ATG_PBREM_CIS	ToxCast invitrodb v4.3
DED000305	9971	OT_FXR_FXRSRC1_0480	ToxCast invitrodb v4.3
DED000306	1543	CLD_CYP1A1_24hr|CLD_CYP1A1_48hr	ToxCast invitrodb v4.3
DED000306	1544	CLD_CYP1A2_48hr	ToxCast invitrodb v4.3
DED000306	3014	APR_HepG2_P-H2AX_24hr	ToxCast invitrodb v4.3
DED000309	10599	LTEA_HepaRG_SLCO1B1	ToxCast invitrodb v4.3
DED000309	116519	LTEA_HepaRG_APOA5	ToxCast invitrodb v4.3
DED000309	1543	CLD_CYP1A1_24hr|CLD_CYP1A1_48hr|CLD_CYP1A1_6hr	ToxCast invitrodb v4.3
DED000309	1544	CLD_CYP1A2_24hr|CLD_CYP1A2_48hr|CLD_CYP1A2_6hr	ToxCast invitrodb v4.3
DED000309	1555	CLD_CYP2B6_24hr|CLD_CYP2B6_48hr|CLD_CYP2B6_6hr|LTEA_HepaRG_CYP2B6	ToxCast invitrodb v4.3
DED000309	1576	CLD_CYP3A4_24hr|CLD_CYP3A4_48hr|LTEA_HepaRG_CYP3A4	ToxCast invitrodb v4.3
DED000309	1579	LTEA_HepaRG_CYP4A11	ToxCast invitrodb v4.3
DED000309	1581	LTEA_HepaRG_CYP7A1	ToxCast invitrodb v4.3
DED000309	19016	ATG_mPPARg_XSP1|ATG_mPPARg_XSP2	ToxCast invitrodb v4.3
DED000309	1950	LTEA_HepaRG_EGF	ToxCast invitrodb v4.3
DED000309	196	TOX21_AhR_LUC_Agonist	ToxCast invitrodb v4.3
DED000309	2099	ATG_ERE_CIS|ATG_hERa_XSP1	ToxCast invitrodb v4.3
DED000309	2100	ATG_hERb_XSP1	ToxCast invitrodb v4.3
DED000309	2168	LTEA_HepaRG_FABP1	ToxCast invitrodb v4.3
DED000309	2309	LTEA_HepaRG_FOXO3	ToxCast invitrodb v4.3
DED000309	2328	LTEA_HepaRG_FMO3	ToxCast invitrodb v4.3
DED000309	2730	LTEA_HepaRG_GCLM	ToxCast invitrodb v4.3
DED000309	3479	LTEA_HepaRG_IGF1	ToxCast invitrodb v4.3
DED000309	367	TOX21_AR_LUC_MDAKB2_Agonist_3uM_Nilutamide	ToxCast invitrodb v4.3
DED000309	3880	LTEA_HepaRG_KRT19	ToxCast invitrodb v4.3
DED000309	4780	ATG_NRF2_ARE_CIS|TOX21_ARE_BLA_Agonist_ratio	ToxCast invitrodb v4.3
DED000309	5465	ATG_PPRE_CIS	ToxCast invitrodb v4.3
DED000309	54658	LTEA_HepaRG_UGT1A1	ToxCast invitrodb v4.3
DED000309	5467	ATG_PPRE_CIS	ToxCast invitrodb v4.3
DED000309	5468	ATG_PPARg_TRANS|ATG_PPRE_CIS|ATG_hPPARg_XSP1|ATG_hPPARg_XSP2	ToxCast invitrodb v4.3
DED000309	5914	ATG_DR5_RAR_CIS|ATG_RARa_TRANS	ToxCast invitrodb v4.3
DED000309	5915	ATG_DR5_RAR_CIS	ToxCast invitrodb v4.3
DED000309	5916	ATG_DR5_RAR_CIS	ToxCast invitrodb v4.3
DED000309	595	LTEA_HepaRG_CCND1	ToxCast invitrodb v4.3
DED000309	7157	LTEA_HepaRG_TP53	ToxCast invitrodb v4.3
DED000309	7421	ATG_VDRE_CIS	ToxCast invitrodb v4.3
DED000309	847	LTEA_HepaRG_CAT	ToxCast invitrodb v4.3
DED000309	8837	LTEA_HepaRG_CFLAR	ToxCast invitrodb v4.3
DED000309	8856	ATG_PXRE_CIS|ATG_PXR_TRANS|ATG_mPXR_XSP1|ATG_mPXR_XSP2|TOX21_PXR_LUC_Agonist	ToxCast invitrodb v4.3
DED000309	9970	ATG_PBREM_CIS	ToxCast invitrodb v4.3
DED000309	9971	ATG_IR1_CIS	ToxCast invitrodb v4.3
DED000310	2101	TOX21_ERR_LUC_Agonist|TOX21_PGC_ERR_LUC_Agonist	ToxCast invitrodb v4.3
DED000321	1544	CLD_CYP1A2_48hr	ToxCast invitrodb v4.3
DED000321	1555	CLD_CYP2B6_24hr|CLD_CYP2B6_48hr|CLD_CYP2B6_6hr	ToxCast invitrodb v4.3
DED000321	2099	ATG_ERE_CIS|ATG_hERa_XSP2|CCTE_Deisenroth_AIME_384WELL_LUC_Inactive|OT_ERa_GFPERaERE_0120	ToxCast invitrodb v4.3
DED000321	2100	OT_ER_ERbERb_1440	ToxCast invitrodb v4.3
DED000321	8856	ATG_mPXR_XSP2	ToxCast invitrodb v4.3
DED000322	10488	ATG_CRE_CIS	ToxCast invitrodb v4.3
DED000322	1051	ATG_C_EBP_CIS	ToxCast invitrodb v4.3
DED000322	1544	CLD_CYP1A2_24hr|CLD_CYP1A2_48hr	ToxCast invitrodb v4.3
DED000322	1555	CLD_CYP2B6_24hr|CLD_CYP2B6_48hr|CLD_CYP2B6_6hr	ToxCast invitrodb v4.3
DED000322	1576	CLD_CYP3A4_6hr	ToxCast invitrodb v4.3
DED000322	4780	ATG_NRF2_ARE_CIS	ToxCast invitrodb v4.3
DED000322	7846	APR_HepG2_MicrotubuleCSK_24hr	ToxCast invitrodb v4.3
DED000325	1543	CLD_CYP1A1_48hr|CLD_CYP1A1_6hr	ToxCast invitrodb v4.3
DED000325	1555	CLD_CYP2B6_24hr|CLD_CYP2B6_48hr|CLD_CYP2B6_6hr|LTEA_HepaRG_CYP2B6	ToxCast invitrodb v4.3
DED000325	1576	CLD_CYP3A4_24hr|CLD_CYP3A4_48hr|CLD_CYP3A4_6hr	ToxCast invitrodb v4.3
DED000325	5243	LTEA_HepaRG_ABCB1	ToxCast invitrodb v4.3
DED000325	8856	ATG_PXRE_CIS	ToxCast invitrodb v4.3
DED000330	1544	CLD_CYP1A2_48hr	ToxCast invitrodb v4.3
DED000330	1555	CLD_CYP2B6_24hr|CLD_CYP2B6_48hr|CLD_CYP2B6_6hr	ToxCast invitrodb v4.3
DED000330	2099	ATG_hERa_XSP2	ToxCast invitrodb v4.3
DED000330	54658	CLD_UGT1A1_48hr	ToxCast invitrodb v4.3
DED000330	8856	ATG_mPXR_XSP1|ATG_mPXR_XSP2	ToxCast invitrodb v4.3
DED000330	9970	TOX21_CAR_LUC_Agonist	ToxCast invitrodb v4.3
DED000332	5468	ATG_PPARg_TRANS	ToxCast invitrodb v4.3
DED000332	7421	ATG_VDRE_CIS	ToxCast invitrodb v4.3
DED000332	8856	ATG_PXRE_CIS|ATG_PXR_TRANS|TOX21_PXR_LUC_Agonist	ToxCast invitrodb v4.3
DED000334	1051	ATG_C_EBP_CIS	ToxCast invitrodb v4.3
DED000334	1543	CLD_CYP1A1_24hr|CLD_CYP1A1_48hr|CLD_CYP1A1_6hr	ToxCast invitrodb v4.3
DED000334	1544	CLD_CYP1A2_24hr|CLD_CYP1A2_48hr	ToxCast invitrodb v4.3
DED000334	1551	LTEA_HepaRG_CYP3A7	ToxCast invitrodb v4.3
DED000334	1555	CLD_CYP2B6_24hr|CLD_CYP2B6_6hr|LTEA_HepaRG_CYP2B6	ToxCast invitrodb v4.3
DED000334	1557	LTEA_HepaRG_CYP2C19	ToxCast invitrodb v4.3
DED000334	1576	CLD_CYP3A4_24hr|CLD_CYP3A4_48hr|CLD_CYP3A4_6hr|LTEA_HepaRG_CYP3A4	ToxCast invitrodb v4.3
DED000334	1581	LTEA_HepaRG_CYP7A1	ToxCast invitrodb v4.3
DED000334	174	LTEA_HepaRG_AFP	ToxCast invitrodb v4.3
DED000334	2099	ATG_ERE_CIS	ToxCast invitrodb v4.3
DED000334	2908	CEETOX_H295R_CORTIC	ToxCast invitrodb v4.3
DED000334	4306	CEETOX_H295R_CORTIC	ToxCast invitrodb v4.3
DED000334	4780	LTEA_HepaRG_NFE2L2	ToxCast invitrodb v4.3
DED000334	51	LTEA_HepaRG_ACOX1	ToxCast invitrodb v4.3
DED000334	5241	CEETOX_H295R_OHPREG|CEETOX_H295R_OHPROG	ToxCast invitrodb v4.3
DED000334	5243	LTEA_HepaRG_ABCB1	ToxCast invitrodb v4.3
DED000334	54578	LTEA_HepaRG_UGT1A6	ToxCast invitrodb v4.3
DED000334	54658	CLD_UGT1A1_24hr|CLD_UGT1A1_48hr|LTEA_HepaRG_UGT1A1	ToxCast invitrodb v4.3
DED000334	5914	ATG_DR5_RAR_CIS	ToxCast invitrodb v4.3
DED000334	5915	ATG_DR5_RAR_CIS	ToxCast invitrodb v4.3
DED000334	5916	ATG_DR5_RAR_CIS	ToxCast invitrodb v4.3
DED000334	7157	LTEA_HepaRG_TP53	ToxCast invitrodb v4.3
DED000334	7421	ATG_VDRE_CIS	ToxCast invitrodb v4.3
DED000334	8856	ATG_PXRE_CIS|ATG_PXR_TRANS|TOX21_PXR_LUC_Agonist	ToxCast invitrodb v4.3
DED000334	9970	ATG_PBREM_CIS	ToxCast invitrodb v4.3
DED000335	22926	TOX21_ESRE_BLA_Agonist_ratio	ToxCast invitrodb v4.3
DED000335	4780	TOX21_ARE_BLA_Agonist_ratio	ToxCast invitrodb v4.3
DED000335	5241	CEETOX_H295R_PROG_noMTC	ToxCast invitrodb v4.3
DED000335	8856	CEETOX_H295R_OHPROG_noMTC	ToxCast invitrodb v4.3
DED000341	10599	LTEA_HepaRG_SLCO1B1	ToxCast invitrodb v4.3
DED000341	1543	CLD_CYP1A1_24hr	ToxCast invitrodb v4.3
DED000341	1555	CLD_CYP2B6_24hr|CLD_CYP2B6_48hr|CLD_CYP2B6_6hr	ToxCast invitrodb v4.3
DED000341	1558	LTEA_HepaRG_CYP2C8	ToxCast invitrodb v4.3
DED000341	1576	CLD_CYP3A4_24hr|CLD_CYP3A4_48hr	ToxCast invitrodb v4.3
DED000341	19016	ATG_mPPARg_XSP2	ToxCast invitrodb v4.3
DED000341	2099	ATG_ERE_CIS|ATG_ERa_TRANS|ATG_hERa_XSP1|ATG_hERa_XSP2|TOX21_ERa_LUC_VM7_Agonist	ToxCast invitrodb v4.3
DED000341	2100	ATG_hERb_XSP1	ToxCast invitrodb v4.3
DED000341	23089	LTEA_HepaRG_PEG10	ToxCast invitrodb v4.3
DED000341	2908	ATG_GRE_CIS	ToxCast invitrodb v4.3
DED000341	3020	APR_HepG2_MitoticArrest_24hr	ToxCast invitrodb v4.3
DED000341	3990	LTEA_HepaRG_LIPC	ToxCast invitrodb v4.3
DED000341	5241	CEETOX_H295R_PROG_noMTC	ToxCast invitrodb v4.3
DED000341	5468	ATG_hPPARg_XSP2	ToxCast invitrodb v4.3
DED000341	6580	LTEA_HepaRG_SLC22A1	ToxCast invitrodb v4.3
DED000341	7846	APR_HepG2_MicrotubuleCSK_24hr	ToxCast invitrodb v4.3
DED000341	8647	LTEA_HepaRG_ABCB11	ToxCast invitrodb v4.3
DED000341	8856	ATG_mPXR_XSP1|ATG_mPXR_XSP2	ToxCast invitrodb v4.3
DED000341	9970	TOX21_CAR_LUC_Agonist	ToxCast invitrodb v4.3
DED000342	1543	CLD_CYP1A1_24hr|CLD_CYP1A1_6hr	ToxCast invitrodb v4.3
DED000342	1544	CLD_CYP1A2_24hr|CLD_CYP1A2_48hr|CLD_CYP1A2_6hr	ToxCast invitrodb v4.3
DED000342	1555	CLD_CYP2B6_24hr|CLD_CYP2B6_48hr|CLD_CYP2B6_6hr	ToxCast invitrodb v4.3
DED000342	1571	LTEA_HepaRG_CYP2E1	ToxCast invitrodb v4.3
DED000342	1576	CLD_CYP3A4_24hr|CLD_CYP3A4_48hr	ToxCast invitrodb v4.3
DED000342	2099	ATG_hERa_XSP2	ToxCast invitrodb v4.3
DED000342	3880	LTEA_HepaRG_KRT19	ToxCast invitrodb v4.3
DED000342	47	LTEA_HepaRG_ACLY	ToxCast invitrodb v4.3
DED000342	5166	LTEA_HepaRG_PDK4	ToxCast invitrodb v4.3
DED000342	5451	ATG_Oct_MLP_CIS	ToxCast invitrodb v4.3
DED000342	5468	ATG_hPPARg_XSP1	ToxCast invitrodb v4.3
DED000342	8856	ATG_mPXR_XSP1|ATG_mPXR_XSP2|TOX21_PXR_LUC_Agonist	ToxCast invitrodb v4.3
DED000344	1543	CLD_CYP1A1_6hr	ToxCast invitrodb v4.3
DED000344	1544	CLD_CYP1A2_48hr	ToxCast invitrodb v4.3
DED000344	1555	CLD_CYP2B6_24hr|CLD_CYP2B6_48hr|CLD_CYP2B6_6hr	ToxCast invitrodb v4.3
DED000344	4780	ATG_NRF2_ARE_CIS	ToxCast invitrodb v4.3
DED000344	894	LTEA_HepaRG_CCND2	ToxCast invitrodb v4.3
DED000344	9429	CLD_ABCG2_48hr	ToxCast invitrodb v4.3
DED000345	10488	ATG_CRE_CIS	ToxCast invitrodb v4.3
DED000345	2099	ACEA_ER_80hr|ATG_ERE_CIS|ATG_ERa_TRANS|CEETOX_H295R_ESTRADIOL|OT_ERa_GFPERaERE_0480	ToxCast invitrodb v4.3
DED000345	2100	CEETOX_H295R_ESTRADIOL	ToxCast invitrodb v4.3
DED000345	2101	TOX21_PGC_ERR_LUC_Agonist	ToxCast invitrodb v4.3
DED000345	2798	TOX21_GNRHR_HEK293_Agonist	ToxCast invitrodb v4.3
DED000345	2908	CEETOX_H295R_CORTIC|CEETOX_H295R_CORTISOL|CEETOX_H295R_DOC	ToxCast invitrodb v4.3
DED000345	4306	CEETOX_H295R_CORTIC|CEETOX_H295R_CORTISOL|CEETOX_H295R_DOC	ToxCast invitrodb v4.3
DED000345	4780	ATG_NRF2_ARE_CIS	ToxCast invitrodb v4.3
DED000345	4929	OT_NURR1_NURR1RXRa_0480|OT_NURR1_NURR1RXRa_1440	ToxCast invitrodb v4.3
DED000345	5465	ATG_PPARa_TRANS	ToxCast invitrodb v4.3
DED000345	5468	ATG_PPARg_TRANS	ToxCast invitrodb v4.3
DED000345	6256	OT_NURR1_NURR1RXRa_0480|OT_NURR1_NURR1RXRa_1440	ToxCast invitrodb v4.3
DED000345	6257	ATG_RXRb_TRANS	ToxCast invitrodb v4.3
DED000345	6714	OT_FXR_FXRSRC1_0480|OT_FXR_FXRSRC1_1440	ToxCast invitrodb v4.3
DED000345	7157	ATG_p53_CIS	ToxCast invitrodb v4.3
DED000345	7253	CCTE_Deisenroth_TSHR_3D_Ag_T4_HORM|TOX21_TSHR_HTRF_Agonist_ratio|TOX21_TSHR_wt_HTRF_Agonist_ratio	ToxCast invitrodb v4.3
DED000345	7376	ATG_LXRb_TRANS	ToxCast invitrodb v4.3
DED000345	8856	ATG_PXR_TRANS|TOX21_PXR_LUC_Agonist	ToxCast invitrodb v4.3
DED000345	9970	ATG_PBREM_CIS	ToxCast invitrodb v4.3
DED000345	9971	OT_FXR_FXRSRC1_0480|OT_FXR_FXRSRC1_1440	ToxCast invitrodb v4.3
DED000348	2101	TOX21_ERR_LUC_Agonist	ToxCast invitrodb v4.3
DED000348	2908	CEETOX_H295R_11DCORT|CEETOX_H295R_CORTIC|TOX21_GR_BLA_Agonist_ratio	ToxCast invitrodb v4.3
DED000348	3014	APR_HepG2_P-H2AX_72hr	ToxCast invitrodb v4.3
DED000348	3020	APR_HepG2_MitoticArrest_72hr	ToxCast invitrodb v4.3
DED000348	3297	TOX21_HSE_BLA_Agonist_ratio	ToxCast invitrodb v4.3
DED000348	367	CEETOX_H295R_ANDR|CEETOX_H295R_TESTO	ToxCast invitrodb v4.3
DED000348	4306	CEETOX_H295R_11DCORT|CEETOX_H295R_CORTIC	ToxCast invitrodb v4.3
DED000348	4790	TOX21_NFkB_BLA_agonist_ratio	ToxCast invitrodb v4.3
DED000348	64321	CCTE_Deisenroth_DEVTOX-GLR_Pluri_SOX17	ToxCast invitrodb v4.3
DED000348	7157	APR_HepG2_p53Act_72hr|TOX21_p53_BLA_p1_ratio|TOX21_p53_BLA_p2_ratio|TOX21_p53_BLA_p4_ratio|TOX21_p53_BLA_p5_ratio	ToxCast invitrodb v4.3
DED000348	836	TOX21_CASP3_HEPG2	ToxCast invitrodb v4.3
DED000348	8856	ATG_PXRE_CIS|ATG_PXR_TRANS	ToxCast invitrodb v4.3
DED000349	2101	TOX21_ERR_LUC_Agonist	ToxCast invitrodb v4.3
DED000349	2194	LTEA_HepaRG_FASN	ToxCast invitrodb v4.3
DED000349	3020	APR_HepG2_MitoticArrest_72hr	ToxCast invitrodb v4.3
DED000349	3725	APR_HepG2_StressKinase_24hr|APR_HepG2_StressKinase_72hr	ToxCast invitrodb v4.3
DED000349	5241	CEETOX_H295R_OHPREG	ToxCast invitrodb v4.3
DED000349	8856	ATG_PXR_TRANS	ToxCast invitrodb v4.3
DED000350	10062	ATG_DR4_LXR_CIS	ToxCast invitrodb v4.3
DED000350	1244	LTEA_HepaRG_ABCC2	ToxCast invitrodb v4.3
DED000350	1551	LTEA_HepaRG_CYP3A7	ToxCast invitrodb v4.3
DED000350	1950	LTEA_HepaRG_EGF	ToxCast invitrodb v4.3
DED000350	1958	LTEA_HepaRG_EGR1	ToxCast invitrodb v4.3
DED000350	196	ATG_Ahr_CIS	ToxCast invitrodb v4.3
DED000350	2099	ACEA_ER_80hr|OT_ER_ERaERa_0480|OT_ER_ERaERa_1440|OT_ER_ERaERb_0480|OT_ER_ERaERb_1440|OT_ERa_GFPERaERE_0120|OT_ERa_GFPERaERE_0480	ToxCast invitrodb v4.3
DED000350	2100	OT_ER_ERaERb_0480|OT_ER_ERaERb_1440|OT_ER_ERbERb_0480|OT_ER_ERbERb_1440	ToxCast invitrodb v4.3
DED000350	2194	LTEA_HepaRG_FASN	ToxCast invitrodb v4.3
DED000350	2308	LTEA_HepaRG_FOXO1	ToxCast invitrodb v4.3
DED000350	3091	ATG_HIF1a_CIS	ToxCast invitrodb v4.3
DED000350	367	OT_AR_ARSRC1_0480|OT_AR_ARSRC1_0960|TOX21_AR_LUC_MDAKB2_Agonist|TOX21_AR_LUC_MDAKB2_Agonist_3uM_Nilutamide	ToxCast invitrodb v4.3
DED000350	4774	ATG_NFI_CIS	ToxCast invitrodb v4.3
DED000350	4929	OT_NURR1_NURR1RXRa_0480|OT_NURR1_NURR1RXRa_1440	ToxCast invitrodb v4.3
DED000350	5465	ATG_PPRE_CIS	ToxCast invitrodb v4.3
DED000350	5467	ATG_PPRE_CIS	ToxCast invitrodb v4.3
DED000350	5468	ATG_PPARg_TRANS|ATG_PPRE_CIS	ToxCast invitrodb v4.3
DED000350	5914	ATG_DR5_RAR_CIS	ToxCast invitrodb v4.3
DED000350	5915	ATG_DR5_RAR_CIS	ToxCast invitrodb v4.3
DED000350	5916	ATG_DR5_RAR_CIS	ToxCast invitrodb v4.3
DED000350	6095	ATG_RORE_CIS	ToxCast invitrodb v4.3
DED000350	6096	ATG_RORE_CIS	ToxCast invitrodb v4.3
DED000350	6097	ATG_RORE_CIS	ToxCast invitrodb v4.3
DED000350	6256	OT_NURR1_NURR1RXRa_0480|OT_NURR1_NURR1RXRa_1440	ToxCast invitrodb v4.3
DED000350	637	LTEA_HepaRG_BID	ToxCast invitrodb v4.3
DED000350	6667	ATG_Sp1_CIS	ToxCast invitrodb v4.3
DED000350	6714	OT_AR_ARSRC1_0480|OT_AR_ARSRC1_0960|OT_FXR_FXRSRC1_0480|OT_FXR_FXRSRC1_1440	ToxCast invitrodb v4.3
DED000350	7376	ATG_DR4_LXR_CIS	ToxCast invitrodb v4.3
DED000350	7421	ATG_VDRE_CIS	ToxCast invitrodb v4.3
DED000350	8856	ATG_PXR_TRANS	ToxCast invitrodb v4.3
DED000350	9970	ATG_PBREM_CIS	ToxCast invitrodb v4.3
DED000350	9971	OT_FXR_FXRSRC1_0480|OT_FXR_FXRSRC1_1440	ToxCast invitrodb v4.3
DED000352	1555	LTEA_HepaRG_CYP2B6	ToxCast invitrodb v4.3
DED000352	2099	ACEA_ER_80hr|OT_ER_ERaERa_0480|OT_ER_ERaERa_1440|OT_ER_ERaERb_0480|OT_ER_ERaERb_1440|OT_ERa_GFPERaERE_0120|OT_ERa_GFPERaERE_0480	ToxCast invitrodb v4.3
DED000352	2100	OT_ER_ERaERb_0480|OT_ER_ERaERb_1440|OT_ER_ERbERb_0480|OT_ER_ERbERb_1440	ToxCast invitrodb v4.3
DED000352	367	CEETOX_H295R_ANDR	ToxCast invitrodb v4.3
DED000352	4780	ATG_NRF2_ARE_CIS	ToxCast invitrodb v4.3
DED000352	5241	CEETOX_H295R_OHPREG|CEETOX_H295R_OHPROG	ToxCast invitrodb v4.3
DED000352	5451	ATG_Oct_MLP_CIS	ToxCast invitrodb v4.3
DED000352	6720	ATG_SREBP_CIS	ToxCast invitrodb v4.3
DED000352	7067	ATG_hTRa_XSP1	ToxCast invitrodb v4.3
DED000352	7068	ATG_hTRb_XSP1	ToxCast invitrodb v4.3
DED000352	7421	ATG_VDRE_CIS	ToxCast invitrodb v4.3
DED000352	8856	ATG_PXRE_CIS|ATG_PXR_TRANS|ATG_mPXR_XSP2	ToxCast invitrodb v4.3
DED000352	9971	ATG_IR1_CIS	ToxCast invitrodb v4.3
DED000353	2099	TOX21_ERa_LUC_VM7_Agonist	ToxCast invitrodb v4.3
DED000357	2099	ACEA_ER_80hr|ATG_ERE_CIS|ATG_ERa_TRANS|ATG_hERa_XSP2|CCTE_Deisenroth_AIME_384WELL_LUC_Active|CCTE_Deisenroth_AIME_384WELL_LUC_Inactive|OT_ER_ERaERa_0480|OT_ER_ERaERb_0480|OT_ER_ERaERb_1440|OT_ERa_GFPERaERE_0120|OT_ERa_GFPERaERE_0480|TOX21_ERa_BLA_Agonist_ratio|TOX21_ERa_LUC_VM7_Agonist	ToxCast invitrodb v4.3
DED000357	2100	OT_ER_ERaERb_0480|OT_ER_ERaERb_1440|OT_ER_ERbERb_0480|OT_ER_ERbERb_1440	ToxCast invitrodb v4.3
DED000357	6257	ATG_RXRb_TRANS	ToxCast invitrodb v4.3
DED000357	8856	ATG_PXRE_CIS|ATG_PXR_TRANS|ATG_mPXR_XSP2	ToxCast invitrodb v4.3
DED000360	2099	ACEA_ER_80hr	ToxCast invitrodb v4.3
DED000362	2099	ATG_ERE_CIS|ATG_ERa_TRANS	ToxCast invitrodb v4.3
DED000362	4780	ATG_NRF2_ARE_CIS	ToxCast invitrodb v4.3
DED000362	5465	ATG_PPARa_TRANS	ToxCast invitrodb v4.3
DED000362	5468	ATG_PPARg_TRANS	ToxCast invitrodb v4.3
DED000363	196	ATG_Ahr_CIS	ToxCast invitrodb v4.3
DED000365	2099	TOX21_ERa_BLA_Agonist_ratio|TOX21_ERa_LUC_VM7_Agonist|TOX21_ERa_LUC_VM7_Agonist_10nM_ICI182780	ToxCast invitrodb v4.3
DED000365	2100	TOX21_ERb_BLA_Agonist_ratio	ToxCast invitrodb v4.3
DED000365	2101	TOX21_ERR_LUC_Agonist	ToxCast invitrodb v4.3
DED000365	7157	TOX21_p53_BLA_p4_ratio	ToxCast invitrodb v4.3
DED000365	8856	TOX21_PXR_LUC_Agonist	ToxCast invitrodb v4.3
DED000368	1543	CLD_CYP1A1_24hr|CLD_CYP1A1_48hr|CLD_CYP1A1_6hr	ToxCast invitrodb v4.3
DED000368	1544	CLD_CYP1A2_24hr|CLD_CYP1A2_48hr|CLD_CYP1A2_6hr	ToxCast invitrodb v4.3
DED000368	1555	CLD_CYP2B6_24hr|CLD_CYP2B6_48hr|CLD_CYP2B6_6hr	ToxCast invitrodb v4.3
DED000368	1576	CLD_CYP3A4_24hr|CLD_CYP3A4_48hr	ToxCast invitrodb v4.3
DED000368	196	TOX21_AhR_LUC_Agonist	ToxCast invitrodb v4.3
DED000368	2908	CEETOX_H295R_CORTIC	ToxCast invitrodb v4.3
DED000368	3297	ATG_HSE_CIS	ToxCast invitrodb v4.3
DED000368	4306	CEETOX_H295R_CORTIC	ToxCast invitrodb v4.3
DED000368	4780	ATG_NRF2_ARE_CIS	ToxCast invitrodb v4.3
DED000368	5451	ATG_Oct_MLP_CIS	ToxCast invitrodb v4.3
DED000368	5914	ATG_DR5_RAR_CIS|ATG_RARa_TRANS	ToxCast invitrodb v4.3
DED000368	5915	ATG_DR5_RAR_CIS	ToxCast invitrodb v4.3
DED000368	5916	ATG_DR5_RAR_CIS	ToxCast invitrodb v4.3
DED000368	8856	ATG_PXR_TRANS|ATG_mPXR_XSP1|ATG_mPXR_XSP2|TOX21_PXR_LUC_Agonist	ToxCast invitrodb v4.3
DED000368	9429	LTEA_HepaRG_ABCG2	ToxCast invitrodb v4.3
DED000368	9970	ATG_PBREM_CIS	ToxCast invitrodb v4.3
DED000369	2099	ATG_ERE_CIS|ATG_ERa_TRANS|ATG_hERa_XSP1|ATG_hERa_XSP2|TOX21_ERa_LUC_VM7_Agonist|TOX21_ERa_LUC_VM7_Agonist_10nM_ICI182780	ToxCast invitrodb v4.3
DED000369	2100	ATG_hERb_XSP1|ATG_hERb_XSP2|TOX21_ERb_BLA_Agonist_ratio	ToxCast invitrodb v4.3
DED000371	1543	CLD_CYP1A1_6hr	ToxCast invitrodb v4.3
DED000371	2099	ACEA_ER_80hr|ATG_hERa_XSP1|ATG_hERa_XSP2|CCTE_Deisenroth_AIME_384WELL_LUC_Active|CCTE_Deisenroth_AIME_384WELL_LUC_Inactive|CCTE_Deisenroth_AIME_96WELL_LUC_Active|CCTE_Deisenroth_AIME_96WELL_LUC_Inactive|OT_ER_ERaERa_0480|OT_ER_ERaERa_1440|OT_ER_ERaERb_0480|OT_ER_ERaERb_1440|OT_ERa_GFPERaERE_0120|OT_ERa_GFPERaERE_0480|TOX21_ERa_LUC_VM7_Agonist|TOX21_ERa_LUC_VM7_Agonist_10nM_ICI182780	ToxCast invitrodb v4.3
DED000371	2100	OT_ER_ERaERb_0480|OT_ER_ERaERb_1440|OT_ER_ERbERb_0480|OT_ER_ERbERb_1440	ToxCast invitrodb v4.3
DED000371	2908	CEETOX_H295R_11DCORT|CEETOX_H295R_DOC	ToxCast invitrodb v4.3
DED000371	367	CEETOX_H295R_ANDR|UPITT_HCI_U2OS_AR_TIF2_Nucleoli_Agonist|UPITT_HCI_U2OS_AR_TIF2_Nucleoli_Cytoplasm_Ratio_Agonist	ToxCast invitrodb v4.3
DED000371	4306	CEETOX_H295R_11DCORT|CEETOX_H295R_DOC	ToxCast invitrodb v4.3
DED000371	4780	TOX21_ARE_BLA_Agonist_ratio	ToxCast invitrodb v4.3
DED000371	5241	CEETOX_H295R_OHPREG	ToxCast invitrodb v4.3
DED000371	7421	ATG_VDRE_CIS	ToxCast invitrodb v4.3
DED000371	8856	ATG_PXRE_CIS	ToxCast invitrodb v4.3
DED000371	9970	TOX21_CAR_LUC_Agonist	ToxCast invitrodb v4.3
DED000374	6257	ATG_RXRb_TRANS	ToxCast invitrodb v4.3
DED000375	1051	ATG_C_EBP_CIS	ToxCast invitrodb v4.3
DED000375	3014	APR_HepG2_P-H2AX_72hr	ToxCast invitrodb v4.3
DED000375	4602	ATG_Myb_CIS	ToxCast invitrodb v4.3
DED000375	4774	ATG_NFI_CIS	ToxCast invitrodb v4.3
DED000375	4790	ATG_NF_kB_CIS	ToxCast invitrodb v4.3
DED000375	4899	ATG_NRF1_CIS	ToxCast invitrodb v4.3
DED000375	5914	ATG_DR5_RAR_CIS	ToxCast invitrodb v4.3
DED000375	5915	ATG_DR5_RAR_CIS	ToxCast invitrodb v4.3
DED000375	5916	ATG_DR5_RAR_CIS	ToxCast invitrodb v4.3
DED000375	7040	ATG_TGFb_CIS	ToxCast invitrodb v4.3
DED000375	7157	APR_HepG2_p53Act_72hr	ToxCast invitrodb v4.3
DED000376	2099	TOX21_ERa_LUC_VM7_Agonist	ToxCast invitrodb v4.3
DED000376	2101	TOX21_ERR_LUC_Agonist|TOX21_PGC_ERR_LUC_Agonist	ToxCast invitrodb v4.3
DED000376	4780	TOX21_ARE_BLA_Agonist_ratio|TOX21_ARE_KS_LUC_Agonist	ToxCast invitrodb v4.3
DED000376	5914	TOX21_RAR_LUC_Agonist	ToxCast invitrodb v4.3
DED000377	2099	ATG_ERE_CIS|ATG_ERa_TRANS|TOX21_ERa_LUC_VM7_Agonist|TOX21_ERa_LUC_VM7_Agonist_10nM_ICI182780	ToxCast invitrodb v4.3
DED000377	2353	TOX21_AP1_BLA_Agonist_ratio	ToxCast invitrodb v4.3
DED000377	3725	TOX21_AP1_BLA_Agonist_ratio	ToxCast invitrodb v4.3
DED000377	4780	TOX21_ARE_BLA_Agonist_ratio	ToxCast invitrodb v4.3
DED000377	5468	ATG_PPARg_TRANS	ToxCast invitrodb v4.3
DED000377	7421	ATG_VDRE_CIS	ToxCast invitrodb v4.3
DED000377	7494	ATG_Xbp1_CIS	ToxCast invitrodb v4.3
DED000377	8856	ATG_PXR_TRANS|TOX21_PXR_LUC_Agonist	ToxCast invitrodb v4.3
DED000377	9971	ATG_FXR_TRANS	ToxCast invitrodb v4.3
DED000378	1555	CLD_CYP2B6_48hr|CLD_CYP2B6_6hr	ToxCast invitrodb v4.3
DED000378	1576	CLD_CYP3A4_24hr|CLD_CYP3A4_48hr	ToxCast invitrodb v4.3
DED000379	2353	TOX21_AP1_BLA_Agonist_ratio	ToxCast invitrodb v4.3
DED000379	3014	TOX21_H2AX_HTRF_CHO_Agonist_ratio	ToxCast invitrodb v4.3
DED000379	3725	TOX21_AP1_BLA_Agonist_ratio	ToxCast invitrodb v4.3
DED000379	4780	TOX21_ARE_BLA_Agonist_ratio|TOX21_ARE_KS_LUC_Agonist	ToxCast invitrodb v4.3
DED000379	7253	TOX21_TSHR_HTRF_Agonist_ratio	ToxCast invitrodb v4.3
DED000380	1543	CLD_CYP1A1_6hr	ToxCast invitrodb v4.3
DED000380	1544	CLD_CYP1A2_24hr|CLD_CYP1A2_48hr|CLD_CYP1A2_6hr	ToxCast invitrodb v4.3
DED000380	1555	CLD_CYP2B6_24hr|CLD_CYP2B6_48hr|CLD_CYP2B6_6hr|LTEA_HepaRG_CYP2B6	ToxCast invitrodb v4.3
DED000380	1559	CLD_CYP2C9_48hr	ToxCast invitrodb v4.3
DED000380	1576	CLD_CYP3A4_24hr|CLD_CYP3A4_48hr	ToxCast invitrodb v4.3
DED000380	2099	CEETOX_H295R_ESTRADIOL|CEETOX_H295R_ESTRONE	ToxCast invitrodb v4.3
DED000380	2100	CEETOX_H295R_ESTRADIOL|CEETOX_H295R_ESTRONE	ToxCast invitrodb v4.3
DED000380	5241	CEETOX_H295R_OHPREG|CEETOX_H295R_PROG	ToxCast invitrodb v4.3
DED000381	1543	CLD_CYP1A1_24hr|CLD_CYP1A1_48hr|CLD_CYP1A1_6hr	ToxCast invitrodb v4.3
DED000381	1544	CLD_CYP1A2_24hr|CLD_CYP1A2_48hr	ToxCast invitrodb v4.3
DED000381	1555	CLD_CYP2B6_24hr|CLD_CYP2B6_48hr|CLD_CYP2B6_6hr	ToxCast invitrodb v4.3
DED000381	1576	CLD_CYP3A4_24hr|CLD_CYP3A4_48hr	ToxCast invitrodb v4.3
DED000381	2798	TOX21_GNRHR_HEK293_Agonist	ToxCast invitrodb v4.3
DED000381	4780	ATG_NRF2_ARE_CIS	ToxCast invitrodb v4.3
DED000381	8856	ATG_PXRE_CIS	ToxCast invitrodb v4.3
DED000383	10599	LTEA_HepaRG_SLCO1B1	ToxCast invitrodb v4.3
DED000383	1543	CLD_CYP1A1_24hr|CLD_CYP1A1_6hr|LTEA_HepaRG_CYP1A1	ToxCast invitrodb v4.3
DED000383	1544	CLD_CYP1A2_24hr|CLD_CYP1A2_48hr|CLD_CYP1A2_6hr	ToxCast invitrodb v4.3
DED000383	1555	CLD_CYP2B6_24hr|CLD_CYP2B6_6hr	ToxCast invitrodb v4.3
DED000383	1557	LTEA_HepaRG_CYP2C19	ToxCast invitrodb v4.3
DED000383	1559	LTEA_HepaRG_CYP2C9	ToxCast invitrodb v4.3
DED000383	1579	LTEA_HepaRG_CYP4A11	ToxCast invitrodb v4.3
DED000383	1958	LTEA_HepaRG_EGR1	ToxCast invitrodb v4.3
DED000383	2099	ATG_ERa_TRANS|ATG_hERa_XSP2	ToxCast invitrodb v4.3
DED000383	2100	ATG_hERb_XSP2	ToxCast invitrodb v4.3
DED000383	2194	LTEA_HepaRG_FASN	ToxCast invitrodb v4.3
DED000383	23089	LTEA_HepaRG_PEG10	ToxCast invitrodb v4.3
DED000383	2328	LTEA_HepaRG_FMO3	ToxCast invitrodb v4.3
DED000383	2730	LTEA_HepaRG_GCLM	ToxCast invitrodb v4.3
DED000383	284541	LTEA_HepaRG_CYP4A22	ToxCast invitrodb v4.3
DED000383	2947	LTEA_HepaRG_GSTM3	ToxCast invitrodb v4.3
DED000383	3158	LTEA_HepaRG_HMGCS2	ToxCast invitrodb v4.3
DED000383	4780	LTEA_HepaRG_NFE2L2	ToxCast invitrodb v4.3
DED000383	6256	TOX21_RXR_BLA_Agonist_ratio	ToxCast invitrodb v4.3
DED000383	6257	ATG_RXRb_TRANS	ToxCast invitrodb v4.3
DED000383	6656	ATG_Sox_CIS	ToxCast invitrodb v4.3
DED000383	6822	LTEA_HepaRG_SULT2A1	ToxCast invitrodb v4.3
DED000383	7067	ATG_hTRa_XSP2	ToxCast invitrodb v4.3
DED000383	7157	LTEA_HepaRG_TP53	ToxCast invitrodb v4.3
DED000383	847	LTEA_HepaRG_CAT	ToxCast invitrodb v4.3
DED000384	1555	CLD_CYP2B6_24hr|CLD_CYP2B6_48hr	ToxCast invitrodb v4.3
DED000384	1576	CLD_CYP3A4_48hr	ToxCast invitrodb v4.3
DED000384	3020	APR_HepG2_MitoticArrest_72hr	ToxCast invitrodb v4.3
DED000387	196	TOX21_AhR_LUC_Agonist	ToxCast invitrodb v4.3
DED000387	7157	TOX21_p53_BLA_ms_human_ratio|TOX21_p53_BLA_ms_rat_ratio	ToxCast invitrodb v4.3
DED000387	8856	TOX21_PXR_LUC_Agonist	ToxCast invitrodb v4.3
DED000387	9970	TOX21_CAR_LUC_Agonist	ToxCast invitrodb v4.3
DED000388	2099	ATG_ERa_TRANS|TOX21_ERa_BLA_Agonist_ratio|TOX21_ERa_LUC_VM7_Agonist|TOX21_ERa_LUC_VM7_Agonist_10nM_ICI182780	ToxCast invitrodb v4.3
DED000388	4780	TOX21_ARE_KS_LUC_Agonist	ToxCast invitrodb v4.3
DED000388	8856	ATG_PXR_TRANS|TOX21_PXR_LUC_Agonist	ToxCast invitrodb v4.3
DED000388	9970	TOX21_CAR_LUC_Agonist	ToxCast invitrodb v4.3
DED000388	9971	ATG_FXR_TRANS	ToxCast invitrodb v4.3
DED000390	2099	ATG_ERa_TRANS	ToxCast invitrodb v4.3
DED000390	2623	ATG_GATA_CIS	ToxCast invitrodb v4.3
DED000390	4520	ATG_MRE_CIS	ToxCast invitrodb v4.3
DED000390	4790	ATG_NF_kB_CIS	ToxCast invitrodb v4.3
DED000390	5080	ATG_Pax6_CIS	ToxCast invitrodb v4.3
DED000390	5468	ATG_PPARg_TRANS	ToxCast invitrodb v4.3
DED000390	6257	ATG_RXRb_TRANS	ToxCast invitrodb v4.3
DED000390	6667	ATG_Sp1_CIS	ToxCast invitrodb v4.3
DED000390	6774	ATG_STAT3_CIS	ToxCast invitrodb v4.3
DED000390	7421	ATG_VDR_TRANS	ToxCast invitrodb v4.3
DED000390	7494	ATG_Xbp1_CIS	ToxCast invitrodb v4.3
DED000390	8856	ATG_PXR_TRANS	ToxCast invitrodb v4.3
DED000392	3014	TOX21_H2AX_HTRF_CHO_Agonist_ratio	ToxCast invitrodb v4.3
DED000392	367	CEETOX_H295R_ANDR	ToxCast invitrodb v4.3
DED000392	5241	CEETOX_H295R_OHPROG	ToxCast invitrodb v4.3
DED000392	8856	ATG_PXR_TRANS	ToxCast invitrodb v4.3
DED000395	1543	CLD_CYP1A1_24hr|CLD_CYP1A1_48hr|CLD_CYP1A1_6hr	ToxCast invitrodb v4.3
DED000395	1544	CLD_CYP1A2_24hr|CLD_CYP1A2_48hr|CLD_CYP1A2_6hr	ToxCast invitrodb v4.3
DED000395	1555	CLD_CYP2B6_6hr	ToxCast invitrodb v4.3
DED000395	1576	CLD_CYP3A4_24hr|CLD_CYP3A4_48hr	ToxCast invitrodb v4.3
DED000395	19016	ATG_mPPARg_XSP1|ATG_mPPARg_XSP2	ToxCast invitrodb v4.3
DED000395	4023	LTEA_HepaRG_LPL	ToxCast invitrodb v4.3
DED000395	4780	TOX21_ARE_BLA_Agonist_ratio|TOX21_ARE_KS_LUC_Agonist	ToxCast invitrodb v4.3
DED000395	5166	LTEA_HepaRG_PDK4	ToxCast invitrodb v4.3
DED000395	5465	ATG_PPRE_CIS	ToxCast invitrodb v4.3
DED000395	5467	ATG_PPRE_CIS	ToxCast invitrodb v4.3
DED000395	5468	ATG_PPARg_TRANS|ATG_PPRE_CIS|ATG_hPPARg_XSP1|ATG_hPPARg_XSP2	ToxCast invitrodb v4.3
DED000395	5914	ATG_RARa_TRANS	ToxCast invitrodb v4.3
DED000395	6714	OT_FXR_FXRSRC1_1440	ToxCast invitrodb v4.3
DED000395	6720	ATG_SREBP_CIS	ToxCast invitrodb v4.3
DED000395	8856	ATG_mPXR_XSP1|ATG_mPXR_XSP2	ToxCast invitrodb v4.3
DED000395	9971	OT_FXR_FXRSRC1_1440	ToxCast invitrodb v4.3
DED000396	2099	TOX21_ERa_BLA_Agonist_ratio|TOX21_ERa_LUC_VM7_Agonist	ToxCast invitrodb v4.3
DED000396	7253	CCTE_Deisenroth_TSHR_2D_Ag_TG_PROT|TOX21_TSHR_HTRF_Agonist_ratio	ToxCast invitrodb v4.3
DED000396	8856	TOX21_PXR_LUC_Agonist	ToxCast invitrodb v4.3
DED000396	9970	TOX21_CAR_LUC_Agonist	ToxCast invitrodb v4.3
DED000399	4780	TOX21_ARE_BLA_Agonist_ratio	ToxCast invitrodb v4.3
DED000411	8856	TOX21_PXR_LUC_Agonist	ToxCast invitrodb v4.3
DED000416	1555	CLD_CYP2B6_24hr|CLD_CYP2B6_48hr	ToxCast invitrodb v4.3
DED000416	1557	LTEA_HepaRG_CYP2C19	ToxCast invitrodb v4.3
DED000416	1576	CLD_CYP3A4_24hr|CLD_CYP3A4_48hr	ToxCast invitrodb v4.3
DED000416	2099	CEETOX_H295R_ESTRADIOL	ToxCast invitrodb v4.3
DED000416	2100	CEETOX_H295R_ESTRADIOL	ToxCast invitrodb v4.3
DED000416	6256	TOX21_RXR_BLA_Agonist_ratio	ToxCast invitrodb v4.3
DED000416	8856	TOX21_PXR_LUC_Agonist	ToxCast invitrodb v4.3
DED000417	2099	ACEA_ER_80hr	ToxCast invitrodb v4.3
DED000417	2908	ATG_GR_TRANS|TOX21_GR_BLA_Agonist_ratio	ToxCast invitrodb v4.3
DED000417	367	TOX21_AR_LUC_MDAKB2_Agonist|TOX21_AR_LUC_MDAKB2_Agonist_3uM_Nilutamide	ToxCast invitrodb v4.3
DED000417	5241	TOX21_PR_BLA_Agonist_ratio	ToxCast invitrodb v4.3
DED000417	8856	ATG_PXRE_CIS|TOX21_PXR_LUC_Agonist	ToxCast invitrodb v4.3
DED000429	196	TOX21_AhR_LUC_Agonist	ToxCast invitrodb v4.3
DED000429	8856	TOX21_PXR_LUC_Agonist	ToxCast invitrodb v4.3
DED000429	9970	TOX21_CAR_LUC_Agonist	ToxCast invitrodb v4.3
DED000433	2099	ACEA_ER_80hr|ATG_ERa_TRANS	ToxCast invitrodb v4.3
DED000433	367	CEETOX_H295R_TESTO	ToxCast invitrodb v4.3
DED000433	4780	ATG_NRF2_ARE_CIS	ToxCast invitrodb v4.3
DED000433	5241	CEETOX_H295R_OHPREG	ToxCast invitrodb v4.3
DED000433	8856	ATG_PXRE_CIS|ATG_PXR_TRANS	ToxCast invitrodb v4.3
DED000433	9970	ATG_PBREM_CIS	ToxCast invitrodb v4.3
DED000437	2099	ATG_ERa_TRANS	ToxCast invitrodb v4.3
DED000437	2308	ATG_FoxO_CIS	ToxCast invitrodb v4.3
DED000437	2309	ATG_FoxO_CIS	ToxCast invitrodb v4.3
DED000437	2908	ATG_GRE_CIS	ToxCast invitrodb v4.3
DED000437	8856	ATG_PXRE_CIS|ATG_PXR_TRANS	ToxCast invitrodb v4.3
DED000441	10062	ATG_LXRa_TRANS	ToxCast invitrodb v4.3
DED000441	2099	ACEA_ER_80hr|ATG_ERE_CIS|ATG_ERa_TRANS|ATG_hERa_XSP1|ATG_hERa_XSP2|OT_ER_ERaERa_1440|OT_ER_ERaERb_0480|OT_ER_ERaERb_1440|OT_ERa_GFPERaERE_0120|OT_ERa_GFPERaERE_0480|TOX21_ERa_BLA_Agonist_ratio|TOX21_ERa_LUC_VM7_Agonist	ToxCast invitrodb v4.3
DED000441	2100	ATG_hERb_XSP1|OT_ER_ERaERb_0480|OT_ER_ERaERb_1440|OT_ER_ERbERb_0480|OT_ER_ERbERb_1440	ToxCast invitrodb v4.3
DED000441	4780	ATG_NRF2_ARE_CIS	ToxCast invitrodb v4.3
DED000441	4790	ATG_NF_kB_CIS	ToxCast invitrodb v4.3
DED000441	4929	ATG_NURR1_TRANS	ToxCast invitrodb v4.3
DED000441	5465	ATG_PPRE_CIS	ToxCast invitrodb v4.3
DED000441	5467	ATG_PPRE_CIS	ToxCast invitrodb v4.3
DED000441	5468	ATG_PPARg_TRANS|ATG_PPRE_CIS	ToxCast invitrodb v4.3
DED000441	6256	ATG_RXRa_TRANS|TOX21_RXR_BLA_Agonist_ratio	ToxCast invitrodb v4.3
DED000441	6257	ATG_RXRb_TRANS	ToxCast invitrodb v4.3
DED000441	7421	ATG_VDRE_CIS	ToxCast invitrodb v4.3
DED000441	8856	ATG_PXRE_CIS|ATG_PXR_TRANS	ToxCast invitrodb v4.3
DED000441	9970	TOX21_CAR_LUC_Agonist	ToxCast invitrodb v4.3
DED000442	2099	TOX21_ERa_BLA_Agonist_ratio	ToxCast invitrodb v4.3
DED000442	3297	TOX21_HSE_BLA_Agonist_ratio	ToxCast invitrodb v4.3
DED000442	4780	TOX21_ARE_BLA_Agonist_ratio	ToxCast invitrodb v4.3
DED000442	5468	TOX21_PPARg_BLA_Agonist_ratio	ToxCast invitrodb v4.3
DED000442	7157	TOX21_p53_BLA_p3_ratio|TOX21_p53_BLA_p5_ratio	ToxCast invitrodb v4.3
DED000446	2099	CCTE_Deisenroth_AIME_96WELL_LUC_Active|CCTE_Deisenroth_AIME_96WELL_LUC_Inactive	ToxCast invitrodb v4.3
DED000446	4899	ATG_NRF1_CIS	ToxCast invitrodb v4.3
DED000446	5468	ATG_PPARg_TRANS	ToxCast invitrodb v4.3
DED000446	7020	ATG_AP_2_CIS	ToxCast invitrodb v4.3
DED000446	7021	ATG_AP_2_CIS	ToxCast invitrodb v4.3
DED000446	7421	ATG_VDRE_CIS	ToxCast invitrodb v4.3
DED000446	83741	ATG_AP_2_CIS	ToxCast invitrodb v4.3
DED000446	8856	ATG_PXR_TRANS	ToxCast invitrodb v4.3
DED000448	2099	CCTE_Deisenroth_AIME_96WELL_LUC_Active	ToxCast invitrodb v4.3
DED000448	2101	TOX21_ERR_LUC_Agonist|TOX21_PGC_ERR_LUC_Agonist	ToxCast invitrodb v4.3
DED000448	2113	ATG_Ets_CIS	ToxCast invitrodb v4.3
DED000448	367	TOX21_AR_LUC_MDAKB2_Agonist	ToxCast invitrodb v4.3
DED000448	4790	ATG_NF_kB_CIS	ToxCast invitrodb v4.3
DED000448	4899	ATG_NRF1_CIS	ToxCast invitrodb v4.3
DED000448	4929	ATG_NURR1_TRANS	ToxCast invitrodb v4.3
DED000448	79915	TOX21_ELG1_LUC_Agonist	ToxCast invitrodb v4.3
DED000448	9970	ATG_PBREM_CIS	ToxCast invitrodb v4.3
DED000451	2099	TOX21_ERa_LUC_VM7_Agonist	ToxCast invitrodb v4.3
DED000459	8856	TOX21_PXR_LUC_Agonist	ToxCast invitrodb v4.3
DED000459	9970	TOX21_CAR_LUC_Agonist	ToxCast invitrodb v4.3
DED000460	196	TOX21_AhR_LUC_Agonist	ToxCast invitrodb v4.3
DED000460	2099	TOX21_ERa_LUC_VM7_Agonist	ToxCast invitrodb v4.3
DED000460	4780	TOX21_ARE_KS_LUC_Agonist	ToxCast invitrodb v4.3
DED000460	8856	TOX21_PXR_LUC_Agonist	ToxCast invitrodb v4.3
DED000461	132	LTEA_HepaRG_ADK	ToxCast invitrodb v4.3
DED000461	1551	LTEA_HepaRG_CYP3A7	ToxCast invitrodb v4.3
DED000461	1557	LTEA_HepaRG_CYP2C19	ToxCast invitrodb v4.3
DED000461	1576	LTEA_HepaRG_CYP3A4	ToxCast invitrodb v4.3
DED000461	1581	LTEA_HepaRG_CYP7A1	ToxCast invitrodb v4.3
DED000461	2099	ACEA_ER_80hr|ATG_ERa_TRANS	ToxCast invitrodb v4.3
DED000461	2100	OT_ER_ERbERb_0480	ToxCast invitrodb v4.3
DED000461	2168	LTEA_HepaRG_FABP1	ToxCast invitrodb v4.3
DED000461	2309	LTEA_HepaRG_FOXO3	ToxCast invitrodb v4.3
DED000461	2353	TOX21_AP1_BLA_Agonist_ratio	ToxCast invitrodb v4.3
DED000461	3479	LTEA_HepaRG_IGF1	ToxCast invitrodb v4.3
DED000461	3725	TOX21_AP1_BLA_Agonist_ratio	ToxCast invitrodb v4.3
DED000461	5166	LTEA_HepaRG_PDK4	ToxCast invitrodb v4.3
DED000461	5728	LTEA_HepaRG_PTEN	ToxCast invitrodb v4.3
DED000461	5914	ATG_RARa_TRANS	ToxCast invitrodb v4.3
DED000461	5916	ATG_RARg_TRANS|ERF_TW_NR_COA_hRARG	ToxCast invitrodb v4.3
DED000461	64321	CCTE_Deisenroth_DEVTOX-GLR_Endo_SOX17	ToxCast invitrodb v4.3
DED000461	6714	OT_FXR_FXRSRC1_1440	ToxCast invitrodb v4.3
DED000461	6774	LTEA_HepaRG_STAT3	ToxCast invitrodb v4.3
DED000461	6862	CCTE_Deisenroth_DEVTOX-GLR_Endo_BRA	ToxCast invitrodb v4.3
DED000461	7201	TOX21_TRHR_HEK293_Agonist	ToxCast invitrodb v4.3
DED000461	7253	TOX21_TSHR_HTRF_Agonist_ratio	ToxCast invitrodb v4.3
DED000461	8856	ATG_PXR_TRANS	ToxCast invitrodb v4.3
DED000461	9971	OT_FXR_FXRSRC1_1440	ToxCast invitrodb v4.3
DED000463	10599	LTEA_HepaRG_SLCO1B1	ToxCast invitrodb v4.3
DED000463	2099	TOX21_ERa_LUC_VM7_Agonist_10nM_ICI182780	ToxCast invitrodb v4.3
DED000463	4780	TOX21_ARE_BLA_Agonist_ratio	ToxCast invitrodb v4.3
DED000463	7253	TOX21_TSHR_HTRF_Agonist_ratio	ToxCast invitrodb v4.3
DED000464	10062	ATG_DR4_LXR_CIS	ToxCast invitrodb v4.3
DED000464	2099	OT_ER_ERaERa_0480|OT_ER_ERaERa_1440|OT_ER_ERaERb_0480|OT_ER_ERaERb_1440|OT_ERa_GFPERaERE_0120|OT_ERa_GFPERaERE_0480	ToxCast invitrodb v4.3
DED000464	2100	OT_ER_ERaERb_0480|OT_ER_ERaERb_1440|OT_ER_ERbERb_0480|OT_ER_ERbERb_1440	ToxCast invitrodb v4.3
DED000464	2908	CEETOX_H295R_DOC	ToxCast invitrodb v4.3
DED000464	3020	APR_HepG2_MitoticArrest_24hr	ToxCast invitrodb v4.3
DED000464	4306	CEETOX_H295R_DOC	ToxCast invitrodb v4.3
DED000464	5241	CEETOX_H295R_PROG	ToxCast invitrodb v4.3
DED000464	6720	ATG_SREBP_CIS	ToxCast invitrodb v4.3
DED000464	7157	APR_HepG2_p53Act_72hr	ToxCast invitrodb v4.3
DED000464	7376	ATG_DR4_LXR_CIS	ToxCast invitrodb v4.3
DED000464	8856	ATG_PXRE_CIS|ATG_PXR_TRANS	ToxCast invitrodb v4.3
DED000465	10062	ATG_DR4_LXR_CIS	ToxCast invitrodb v4.3
DED000465	2099	ACEA_ER_80hr|CCTE_Deisenroth_AIME_96WELL_LUC_Active|CCTE_Deisenroth_AIME_96WELL_LUC_Inactive|OT_ER_ERaERa_0480|OT_ER_ERaERa_1440|OT_ER_ERaERb_0480|OT_ER_ERaERb_1440|OT_ERa_GFPERaERE_0120|OT_ERa_GFPERaERE_0480	ToxCast invitrodb v4.3
DED000465	2100	OT_ER_ERaERb_0480|OT_ER_ERaERb_1440|OT_ER_ERbERb_0480|OT_ER_ERbERb_1440	ToxCast invitrodb v4.3
DED000465	3020	APR_HepG2_MitoticArrest_24hr	ToxCast invitrodb v4.3
DED000465	4780	ATG_NRF2_ARE_CIS	ToxCast invitrodb v4.3
DED000465	6774	LTEA_HepaRG_STAT3	ToxCast invitrodb v4.3
DED000465	7376	ATG_DR4_LXR_CIS	ToxCast invitrodb v4.3
DED000465	8856	ATG_PXRE_CIS|ATG_PXR_TRANS	ToxCast invitrodb v4.3
DED000466	1555	LTEA_HepaRG_CYP2B6	ToxCast invitrodb v4.3
DED000466	1579	LTEA_HepaRG_CYP4A11	ToxCast invitrodb v4.3
DED000466	2168	LTEA_HepaRG_FABP1	ToxCast invitrodb v4.3
DED000466	284541	LTEA_HepaRG_CYP4A22	ToxCast invitrodb v4.3
DED000466	3158	LTEA_HepaRG_HMGCS2	ToxCast invitrodb v4.3
DED000466	5465	ATG_PPARa_TRANS|ERF_FR_NR_COA_hPPARA	ToxCast invitrodb v4.3
DED000467	2099	TOX21_ERa_BLA_Agonist_ratio|TOX21_ERa_LUC_VM7_Agonist|TOX21_ERa_LUC_VM7_Agonist_10nM_ICI182780	ToxCast invitrodb v4.3
DED000467	8856	TOX21_PXR_LUC_Agonist	ToxCast invitrodb v4.3
DED000470	1544	LTEA_HepaRG_CYP1A2	ToxCast invitrodb v4.3
DED000470	1555	LTEA_HepaRG_CYP2B6	ToxCast invitrodb v4.3
DED000470	1558	LTEA_HepaRG_CYP2C8	ToxCast invitrodb v4.3
DED000470	1559	LTEA_HepaRG_CYP2C9	ToxCast invitrodb v4.3
DED000470	23089	LTEA_HepaRG_PEG10	ToxCast invitrodb v4.3
DED000470	2939	LTEA_HepaRG_GSTA2	ToxCast invitrodb v4.3
DED000470	2947	LTEA_HepaRG_GSTM3	ToxCast invitrodb v4.3
DED000470	367	OT_AR_ARSRC1_0960	ToxCast invitrodb v4.3
DED000470	406906	LTEA_HepaRG_MIR122	ToxCast invitrodb v4.3
DED000470	47	LTEA_HepaRG_ACLY	ToxCast invitrodb v4.3
DED000470	4780	TOX21_ARE_BLA_Agonist_ratio	ToxCast invitrodb v4.3
DED000470	4929	OT_NURR1_NURR1RXRa_1440	ToxCast invitrodb v4.3
DED000470	51	LTEA_HepaRG_ACOX1	ToxCast invitrodb v4.3
DED000470	6256	OT_NURR1_NURR1RXRa_1440	ToxCast invitrodb v4.3
DED000470	6580	LTEA_HepaRG_SLC22A1	ToxCast invitrodb v4.3
DED000470	6714	OT_AR_ARSRC1_0960	ToxCast invitrodb v4.3
DED000470	7069	LTEA_HepaRG_THRSP	ToxCast invitrodb v4.3
DED000470	7846	APR_HepG2_MicrotubuleCSK_72hr	ToxCast invitrodb v4.3
DED000470	836	LTEA_HepaRG_CASP3	ToxCast invitrodb v4.3
DED000472	1555	CLD_CYP2B6_24hr|CLD_CYP2B6_6hr	ToxCast invitrodb v4.3
DED000472	1576	CLD_CYP3A4_24hr|CLD_CYP3A4_48hr	ToxCast invitrodb v4.3
DED000474	1026	LTEA_HepaRG_CDKN1A	ToxCast invitrodb v4.3
DED000474	10599	LTEA_HepaRG_SLCO1B1	ToxCast invitrodb v4.3
DED000474	116519	LTEA_HepaRG_APOA5	ToxCast invitrodb v4.3
DED000474	1244	LTEA_HepaRG_ABCC2	ToxCast invitrodb v4.3
DED000474	132	LTEA_HepaRG_ADK	ToxCast invitrodb v4.3
DED000474	1543	CLD_CYP1A1_48hr|CLD_CYP1A1_6hr	ToxCast invitrodb v4.3
DED000474	1544	CLD_CYP1A2_6hr|LTEA_HepaRG_CYP1A2	ToxCast invitrodb v4.3
DED000474	1551	LTEA_HepaRG_CYP3A7	ToxCast invitrodb v4.3
DED000474	1555	LTEA_HepaRG_CYP2B6	ToxCast invitrodb v4.3
DED000474	1558	LTEA_HepaRG_CYP2C8	ToxCast invitrodb v4.3
DED000474	1559	LTEA_HepaRG_CYP2C9	ToxCast invitrodb v4.3
DED000474	1571	LTEA_HepaRG_CYP2E1	ToxCast invitrodb v4.3
DED000474	1576	LTEA_HepaRG_CYP3A4	ToxCast invitrodb v4.3
DED000474	1577	LTEA_HepaRG_CYP3A5	ToxCast invitrodb v4.3
DED000474	1579	LTEA_HepaRG_CYP4A11	ToxCast invitrodb v4.3
DED000474	1581	LTEA_HepaRG_CYP7A1	ToxCast invitrodb v4.3
DED000474	1649	LTEA_HepaRG_DDIT3	ToxCast invitrodb v4.3
DED000474	1728	LTEA_HepaRG_NQO1	ToxCast invitrodb v4.3
DED000474	174	LTEA_HepaRG_AFP	ToxCast invitrodb v4.3
DED000474	1950	LTEA_HepaRG_EGF	ToxCast invitrodb v4.3
DED000474	196	ATG_Ahr_CIS	ToxCast invitrodb v4.3
DED000474	2099	ACEA_ER_80hr	ToxCast invitrodb v4.3
DED000474	2168	LTEA_HepaRG_FABP1	ToxCast invitrodb v4.3
DED000474	2194	LTEA_HepaRG_FASN	ToxCast invitrodb v4.3
DED000474	23089	LTEA_HepaRG_PEG10	ToxCast invitrodb v4.3
DED000474	24408	NVS_LGIC_rGluNMDA_MK801_Agonist	ToxCast invitrodb v4.3
DED000474	250	LTEA_HepaRG_ALPP	ToxCast invitrodb v4.3
DED000474	2730	LTEA_HepaRG_GCLM	ToxCast invitrodb v4.3
DED000474	2939	LTEA_HepaRG_GSTA2	ToxCast invitrodb v4.3
DED000474	2947	LTEA_HepaRG_GSTM3	ToxCast invitrodb v4.3
DED000474	3014	APR_HepG2_P-H2AX_24hr|APR_HepG2_P-H2AX_72hr	ToxCast invitrodb v4.3
DED000474	3020	APR_HepG2_MitoticArrest_24hr|APR_HepG2_MitoticArrest_72hr	ToxCast invitrodb v4.3
DED000474	3091	ATG_HIF1a_CIS	ToxCast invitrodb v4.3
DED000474	3158	LTEA_HepaRG_HMGCS2	ToxCast invitrodb v4.3
DED000474	3303	LTEA_HepaRG_HSPA1A	ToxCast invitrodb v4.3
DED000474	3484	LTEA_HepaRG_IGFBP1	ToxCast invitrodb v4.3
DED000474	355	LTEA_HepaRG_FAS	ToxCast invitrodb v4.3
DED000474	3569	LTEA_HepaRG_IL6	ToxCast invitrodb v4.3
DED000474	3570	LTEA_HepaRG_IL6R	ToxCast invitrodb v4.3
DED000474	3659	ATG_ISRE_CIS	ToxCast invitrodb v4.3
DED000474	367	ACEA_AR_agonist_80hr|OT_AR_ARSRC1_0480|OT_AR_ARSRC1_0960	ToxCast invitrodb v4.3
DED000474	3725	APR_HepG2_StressKinase_24hr|APR_HepG2_StressKinase_72hr	ToxCast invitrodb v4.3
DED000474	3990	LTEA_HepaRG_LIPC	ToxCast invitrodb v4.3
DED000474	406906	LTEA_HepaRG_MIR122	ToxCast invitrodb v4.3
DED000474	4520	ATG_MRE_CIS	ToxCast invitrodb v4.3
DED000474	47	LTEA_HepaRG_ACLY	ToxCast invitrodb v4.3
DED000474	4780	ATG_NRF2_ARE_CIS|TOX21_ARE_BLA_Agonist_ratio	ToxCast invitrodb v4.3
DED000474	4929	OT_NURR1_NURR1RXRa_1440	ToxCast invitrodb v4.3
DED000474	51	LTEA_HepaRG_ACOX1	ToxCast invitrodb v4.3
DED000474	51176	ATG_TCF_b_cat_CIS	ToxCast invitrodb v4.3
DED000474	5243	CLD_ABCB1_24hr|CLD_ABCB1_48hr|LTEA_HepaRG_ABCB1	ToxCast invitrodb v4.3
DED000474	5451	ATG_Oct_MLP_CIS	ToxCast invitrodb v4.3
DED000474	54578	LTEA_HepaRG_UGT1A6	ToxCast invitrodb v4.3
DED000474	54658	LTEA_HepaRG_UGT1A1	ToxCast invitrodb v4.3
DED000474	5468	ATG_PPARg_TRANS	ToxCast invitrodb v4.3
DED000474	5524	LTEA_HepaRG_PPP2R4	ToxCast invitrodb v4.3
DED000474	572	LTEA_HepaRG_BAD	ToxCast invitrodb v4.3
DED000474	5728	LTEA_HepaRG_PTEN	ToxCast invitrodb v4.3
DED000474	581	LTEA_HepaRG_BAX	ToxCast invitrodb v4.3
DED000474	596	LTEA_HepaRG_BCL2	ToxCast invitrodb v4.3
DED000474	6256	OT_NURR1_NURR1RXRa_1440	ToxCast invitrodb v4.3
DED000474	6390	LTEA_HepaRG_SDHB	ToxCast invitrodb v4.3
DED000474	6580	LTEA_HepaRG_SLC22A1	ToxCast invitrodb v4.3
DED000474	6714	OT_AR_ARSRC1_0480|OT_AR_ARSRC1_0960	ToxCast invitrodb v4.3
DED000474	6774	LTEA_HepaRG_STAT3	ToxCast invitrodb v4.3
DED000474	6822	LTEA_HepaRG_SULT2A1	ToxCast invitrodb v4.3
DED000474	6932	ATG_TCF_b_cat_CIS	ToxCast invitrodb v4.3
DED000474	6934	ATG_TCF_b_cat_CIS	ToxCast invitrodb v4.3
DED000474	7069	LTEA_HepaRG_THRSP	ToxCast invitrodb v4.3
DED000474	7132	LTEA_HepaRG_TNFRSF1A	ToxCast invitrodb v4.3
DED000474	7157	APR_HepG2_p53Act_24hr|APR_HepG2_p53Act_72hr	ToxCast invitrodb v4.3
DED000474	7391	ATG_E_Box_CIS	ToxCast invitrodb v4.3
DED000474	7421	ATG_VDRE_CIS	ToxCast invitrodb v4.3
DED000474	7494	ATG_Xbp1_CIS|LTEA_HepaRG_XBP1	ToxCast invitrodb v4.3
DED000474	83439	ATG_TCF_b_cat_CIS	ToxCast invitrodb v4.3
DED000474	836	LTEA_HepaRG_CASP3	ToxCast invitrodb v4.3
DED000474	841	LTEA_HepaRG_CASP8	ToxCast invitrodb v4.3
DED000474	847	LTEA_HepaRG_CAT	ToxCast invitrodb v4.3
DED000474	8647	LTEA_HepaRG_ABCB11	ToxCast invitrodb v4.3
DED000474	8714	LTEA_HepaRG_ABCC3	ToxCast invitrodb v4.3
DED000474	8837	LTEA_HepaRG_CFLAR	ToxCast invitrodb v4.3
DED000474	9429	LTEA_HepaRG_ABCG2	ToxCast invitrodb v4.3
DED000479	2099	CEETOX_H295R_ESTRADIOL	ToxCast invitrodb v4.3
DED000479	2100	CEETOX_H295R_ESTRADIOL	ToxCast invitrodb v4.3
DED000479	2908	CEETOX_H295R_11DCORT|CEETOX_H295R_DOC	ToxCast invitrodb v4.3
DED000479	367	CEETOX_H295R_ANDR	ToxCast invitrodb v4.3
DED000479	4306	CEETOX_H295R_11DCORT|CEETOX_H295R_DOC	ToxCast invitrodb v4.3
DED000479	5241	CEETOX_H295R_OHPROG	ToxCast invitrodb v4.3
DED000479	7421	ATG_VDRE_CIS	ToxCast invitrodb v4.3
DED000479	8856	ATG_PXRE_CIS|ATG_PXR_TRANS	ToxCast invitrodb v4.3
DED000482	1543	LTEA_HepaRG_CYP1A1	ToxCast invitrodb v4.3
DED000482	1544	LTEA_HepaRG_CYP1A2	ToxCast invitrodb v4.3
DED000482	196	ATG_Ahr_CIS	ToxCast invitrodb v4.3
DED000482	2099	CCTE_Deisenroth_AIME_384WELL_LUC_Inactive	ToxCast invitrodb v4.3
DED000482	2100	OT_ER_ERbERb_0480	ToxCast invitrodb v4.3
DED000482	54658	LTEA_HepaRG_UGT1A1	ToxCast invitrodb v4.3
DED000482	5914	TOX21_RAR_LUC_Agonist	ToxCast invitrodb v4.3
DED000483	196	TOX21_AhR_LUC_Agonist	ToxCast invitrodb v4.3
DED000483	2099	ACEA_ER_80hr|ATG_ERE_CIS|ATG_ERa_TRANS|ATG_hERa_XSP2|CCTE_Deisenroth_AIME_96WELL_LUC_Active|CCTE_Deisenroth_AIME_96WELL_LUC_Inactive|OT_ER_ERaERa_1440|OT_ER_ERaERb_0480|OT_ER_ERaERb_1440|OT_ERa_GFPERaERE_0120|OT_ERa_GFPERaERE_0480|TOX21_ERa_BLA_Agonist_ratio|TOX21_ERa_LUC_VM7_Agonist	ToxCast invitrodb v4.3
DED000483	2100	ATG_hERb_XSP2|OT_ER_ERaERb_0480|OT_ER_ERaERb_1440|OT_ER_ERbERb_0480|OT_ER_ERbERb_1440	ToxCast invitrodb v4.3
DED000483	2101	TOX21_ERR_LUC_Agonist|TOX21_PGC_ERR_LUC_Agonist	ToxCast invitrodb v4.3
DED000483	3297	ATG_HSE_CIS	ToxCast invitrodb v4.3
DED000483	4780	TOX21_ARE_BLA_Agonist_ratio|TOX21_ARE_KS_LUC_Agonist	ToxCast invitrodb v4.3
DED000483	5465	ATG_PPARa_TRANS	ToxCast invitrodb v4.3
DED000483	5914	TOX21_RAR_LUC_Agonist	ToxCast invitrodb v4.3
DED000483	79915	TOX21_ELG1_LUC_Agonist	ToxCast invitrodb v4.3
DED000483	8856	ATG_mPXR_XSP2	ToxCast invitrodb v4.3
DED000484	196	ATG_Ahr_CIS|TOX21_AhR_LUC_Agonist	ToxCast invitrodb v4.3
DED000484	2099	ATG_ERE_CIS|ATG_ERa_TRANS|CCTE_Deisenroth_AIME_96WELL_LUC_Active|CCTE_Deisenroth_AIME_96WELL_LUC_Inactive|TOX21_ERa_BLA_Agonist_ratio|TOX21_ERa_LUC_VM7_Agonist|TOX21_ERa_LUC_VM7_Agonist_10nM_ICI182780	ToxCast invitrodb v4.3
DED000484	2101	TOX21_ERR_LUC_Agonist|TOX21_PGC_ERR_LUC_Agonist	ToxCast invitrodb v4.3
DED000484	4780	TOX21_ARE_BLA_Agonist_ratio|TOX21_ARE_KS_LUC_Agonist	ToxCast invitrodb v4.3
DED000484	5914	TOX21_RAR_LUC_Agonist	ToxCast invitrodb v4.3
DED000484	79915	TOX21_ELG1_LUC_Agonist	ToxCast invitrodb v4.3
DED000484	8856	TOX21_PXR_LUC_Agonist	ToxCast invitrodb v4.3
DED000484	9970	TOX21_CAR_LUC_Agonist	ToxCast invitrodb v4.3
DED000486	2099	ACEA_ER_80hr	ToxCast invitrodb v4.3
DED000486	2908	ATG_GR_TRANS|ERF_US_NR_hGR|TOX21_GR_BLA_Agonist_ratio	ToxCast invitrodb v4.3
DED000486	367	TOX21_AR_BLA_Agonist_ratio|TOX21_AR_LUC_MDAKB2_Agonist|TOX21_AR_LUC_MDAKB2_Agonist_3uM_Nilutamide	ToxCast invitrodb v4.3
DED000486	5241	TOX21_PR_BLA_Agonist_ratio	ToxCast invitrodb v4.3
DED000486	7040	ATG_TGFb_CIS	ToxCast invitrodb v4.3
DED000486	8856	ATG_PXR_TRANS	ToxCast invitrodb v4.3
DED000490	2099	CCTE_Deisenroth_AIME_96WELL_LUC_Active|CCTE_Deisenroth_AIME_96WELL_LUC_Inactive|TOX21_ERa_LUC_VM7_Agonist|TOX21_ERa_LUC_VM7_Agonist_10nM_ICI182780	ToxCast invitrodb v4.3
DED000490	2100	TOX21_ERb_BLA_Agonist_ratio	ToxCast invitrodb v4.3
DED000490	4780	TOX21_ARE_KS_LUC_Agonist	ToxCast invitrodb v4.3
DED000496	5468	ATG_PPARg_TRANS	ToxCast invitrodb v4.3
DED000497	4780	TOX21_ARE_BLA_Agonist_ratio	ToxCast invitrodb v4.3
DED000497	5241	TOX21_PR_LUC_Followup_Agonist	ToxCast invitrodb v4.3
DED000497	7253	TOX21_TSHR_HTRF_Agonist_ratio	ToxCast invitrodb v4.3
DED000497	8856	TOX21_PXR_LUC_Agonist	ToxCast invitrodb v4.3
DED000497	9970	TOX21_CAR_LUC_Agonist	ToxCast invitrodb v4.3
DED000499	367	TOX21_AR_LUC_MDAKB2_Agonist	ToxCast invitrodb v4.3
DED000506	4780	TOX21_ARE_BLA_Agonist_ratio	ToxCast invitrodb v4.3
DED000507	367	OT_AR_ARELUC_AG_1440	ToxCast invitrodb v4.3
DED000507	4780	ATG_NRF2_ARE_CIS	ToxCast invitrodb v4.3
DED000510	1555	LTEA_HepaRG_CYP2B6	ToxCast invitrodb v4.3
DED000510	1576	LTEA_HepaRG_CYP3A4	ToxCast invitrodb v4.3
DED000510	7157	TOX21_p53_BLA_ms_human_ratio	ToxCast invitrodb v4.3
DED000512	2099	ATG_ERa_TRANS|OT_ER_ERaERb_1440|OT_ERa_GFPERaERE_0480	ToxCast invitrodb v4.3
DED000512	2100	OT_ER_ERaERb_1440|OT_ER_ERbERb_0480|OT_ER_ERbERb_1440	ToxCast invitrodb v4.3
DED000512	2908	CEETOX_H295R_DOC	ToxCast invitrodb v4.3
DED000512	4306	CEETOX_H295R_DOC	ToxCast invitrodb v4.3
DED000512	7253	TOX21_TSHR_HTRF_Agonist_ratio	ToxCast invitrodb v4.3
DED000512	7421	ATG_VDRE_CIS	ToxCast invitrodb v4.3
DED000512	8856	ATG_PXRE_CIS|ATG_PXR_TRANS	ToxCast invitrodb v4.3
DED000512	9970	TOX21_CAR_LUC_Agonist	ToxCast invitrodb v4.3
DED000513	10062	ATG_DR4_LXR_CIS	ToxCast invitrodb v4.3
DED000513	1555	CLD_CYP2B6_24hr	ToxCast invitrodb v4.3
DED000513	5243	CLD_ABCB1_48hr|LTEA_HepaRG_ABCB1	ToxCast invitrodb v4.3
DED000513	7040	LTEA_HepaRG_TGFB1	ToxCast invitrodb v4.3
DED000513	7376	ATG_DR4_LXR_CIS	ToxCast invitrodb v4.3
DED000513	8647	CLD_ABCB11_24hr|CLD_ABCB11_48hr|CLD_ABCB11_6hr	ToxCast invitrodb v4.3
DED000513	8856	ATG_PXRE_CIS	ToxCast invitrodb v4.3
DED000513	9429	CLD_ABCG2_24hr|CLD_ABCG2_48hr	ToxCast invitrodb v4.3
DED000516	5468	ATG_PPARg_TRANS	ToxCast invitrodb v4.3
DED000516	8856	ATG_PXR_TRANS|TOX21_PXR_LUC_Agonist	ToxCast invitrodb v4.3
DED000526	22926	TOX21_ESRE_BLA_Agonist_ratio	ToxCast invitrodb v4.3
DED000526	8856	ATG_PXRE_CIS|TOX21_PXR_LUC_Agonist	ToxCast invitrodb v4.3
DED000529	4780	TOX21_ARE_BLA_Agonist_ratio	ToxCast invitrodb v4.3
DED000529	8856	ATG_PXR_TRANS|TOX21_PXR_LUC_Agonist	ToxCast invitrodb v4.3
DED000536	1557	LTEA_HepaRG_CYP2C19	ToxCast invitrodb v4.3
DED000536	1576	LTEA_HepaRG_CYP3A4	ToxCast invitrodb v4.3
DED000536	2099	ATG_ERa_TRANS|TOX21_ERa_LUC_VM7_Agonist_10nM_ICI182780	ToxCast invitrodb v4.3
DED000536	2168	LTEA_HepaRG_FABP1	ToxCast invitrodb v4.3
DED000536	2730	LTEA_HepaRG_GCLM	ToxCast invitrodb v4.3
DED000536	5916	ATG_RARg_TRANS	ToxCast invitrodb v4.3
DED000536	6257	ATG_RXRb_TRANS	ToxCast invitrodb v4.3
DED000536	6580	LTEA_HepaRG_SLC22A1	ToxCast invitrodb v4.3
DED000536	7253	TOX21_TSHR_HTRF_Agonist_ratio	ToxCast invitrodb v4.3
DED000536	7421	ATG_VDRE_CIS	ToxCast invitrodb v4.3
DED000536	8856	ATG_PXRE_CIS|ATG_PXR_TRANS	ToxCast invitrodb v4.3
DED000537	3297	TOX21_HSE_BLA_Agonist_ratio	ToxCast invitrodb v4.3
DED000537	7040	ATG_TGFb_CIS	ToxCast invitrodb v4.3
DED000537	7157	TOX21_p53_BLA_p1_ratio|TOX21_p53_BLA_p2_ratio|TOX21_p53_BLA_p3_ratio|TOX21_p53_BLA_p4_ratio|TOX21_p53_BLA_p5_ratio	ToxCast invitrodb v4.3
DED000537	84634	TOX21_KISS1R_HEK293_Agonist|TOX21_KISS1R_HEK293_WT	ToxCast invitrodb v4.3
DED000542	4780	TOX21_ARE_BLA_Agonist_ratio	ToxCast invitrodb v4.3
DED000542	6256	TOX21_RXR_BLA_Agonist_ratio	ToxCast invitrodb v4.3
DED000542	836	TOX21_CASP3_HEPG2	ToxCast invitrodb v4.3
DED000542	8856	TOX21_PXR_LUC_Agonist	ToxCast invitrodb v4.3
DED000543	2099	TOX21_ERa_BLA_Agonist_ratio	ToxCast invitrodb v4.3
DED000543	22926	TOX21_ESRE_BLA_Agonist_ratio	ToxCast invitrodb v4.3
DED000543	2353	TOX21_AP1_BLA_Agonist_ratio	ToxCast invitrodb v4.3
DED000543	2798	TOX21_GNRHR_HEK293_Agonist	ToxCast invitrodb v4.3
DED000543	2908	TOX21_GR_BLA_Agonist_ratio	ToxCast invitrodb v4.3
DED000543	3091	TOX21_HRE_BLA_Agonist_ratio	ToxCast invitrodb v4.3
DED000543	3297	TOX21_HSE_BLA_Agonist_ratio	ToxCast invitrodb v4.3
DED000543	367	TOX21_AR_BLA_Agonist_ratio	ToxCast invitrodb v4.3
DED000543	3725	TOX21_AP1_BLA_Agonist_ratio	ToxCast invitrodb v4.3
DED000543	4790	TOX21_NFkB_BLA_agonist_ratio	ToxCast invitrodb v4.3
DED000543	5467	TOX21_PPARd_BLA_Agonist_ratio	ToxCast invitrodb v4.3
DED000543	5468	TOX21_PPARg_BLA_Agonist_ratio	ToxCast invitrodb v4.3
DED000543	6256	TOX21_RXR_BLA_Agonist_ratio	ToxCast invitrodb v4.3
DED000543	7157	TOX21_p53_BLA_p1_ratio|TOX21_p53_BLA_p2_ratio|TOX21_p53_BLA_p3_ratio|TOX21_p53_BLA_p4_ratio|TOX21_p53_BLA_p5_ratio|TOX21_p53_BLA_p7_ratio	ToxCast invitrodb v4.3
DED000543	7201	TOX21_TRHR_HEK293_Agonist	ToxCast invitrodb v4.3
DED000543	84634	TOX21_KISS1R_HEK293_Agonist|TOX21_KISS1R_HEK293_WT	ToxCast invitrodb v4.3
DED000543	9971	TOX21_FXR_BLA_Agonist_ratio	ToxCast invitrodb v4.3
DED000545	2099	TOX21_ERa_BLA_Agonist_ratio	ToxCast invitrodb v4.3
DED000545	22926	TOX21_ESRE_BLA_Agonist_ratio	ToxCast invitrodb v4.3
DED000545	2798	TOX21_GNRHR_HEK293_Agonist	ToxCast invitrodb v4.3
DED000545	2908	TOX21_GR_BLA_Agonist_ratio	ToxCast invitrodb v4.3
DED000545	367	TOX21_AR_BLA_Agonist_ratio	ToxCast invitrodb v4.3
DED000545	4780	TOX21_ARE_BLA_Agonist_ratio	ToxCast invitrodb v4.3
DED000545	5468	TOX21_PPARg_BLA_Agonist_ratio	ToxCast invitrodb v4.3
DED000545	7157	TOX21_p53_BLA_ms_human_ratio|TOX21_p53_BLA_p1_ratio|TOX21_p53_BLA_p3_ratio|TOX21_p53_BLA_p4_ratio|TOX21_p53_BLA_p5_ratio	ToxCast invitrodb v4.3
DED000545	7201	TOX21_TRHR_HEK293_Agonist	ToxCast invitrodb v4.3
DED000545	7253	TOX21_TSHR_wt_HTRF_Agonist_ratio	ToxCast invitrodb v4.3
DED000545	79915	TOX21_ELG1_LUC_Agonist	ToxCast invitrodb v4.3
DED000549	3020	APR_HepG2_MitoticArrest_24hr	ToxCast invitrodb v4.3
DED000549	3725	APR_HepG2_StressKinase_24hr	ToxCast invitrodb v4.3
DED000550	1958	LTEA_HepaRG_EGR1	ToxCast invitrodb v4.3
DED000550	2308	ATG_FoxO_CIS	ToxCast invitrodb v4.3
DED000550	2309	ATG_FoxO_CIS	ToxCast invitrodb v4.3
DED000550	2908	ATG_GRE_CIS	ToxCast invitrodb v4.3
DED000550	3659	ATG_ISRE_CIS	ToxCast invitrodb v4.3
DED000550	4086	ATG_BRE_CIS	ToxCast invitrodb v4.3
DED000555	2099	TOX21_ERa_LUC_VM7_Agonist	ToxCast invitrodb v4.3
DED000555	4780	TOX21_ARE_BLA_Agonist_ratio|TOX21_ARE_KS_LUC_Agonist	ToxCast invitrodb v4.3
DED000555	8856	ATG_PXRE_CIS	ToxCast invitrodb v4.3
DED000557	196	ATG_Ahr_CIS	ToxCast invitrodb v4.3
DED000557	4780	TOX21_ARE_BLA_Agonist_ratio|TOX21_ARE_KS_LUC_Agonist	ToxCast invitrodb v4.3
DED000557	4929	OT_NURR1_NURR1RXRa_0480|OT_NURR1_NURR1RXRa_1440	ToxCast invitrodb v4.3
DED000557	5914	NVS_NR_hRARa_Agonist	ToxCast invitrodb v4.3
DED000557	6256	OT_NURR1_NURR1RXRa_0480|OT_NURR1_NURR1RXRa_1440	ToxCast invitrodb v4.3
DED000557	8856	ATG_PXRE_CIS|TOX21_PXR_LUC_Agonist	ToxCast invitrodb v4.3
DED000563	1544	LTEA_HepaRG_CYP1A2	ToxCast invitrodb v4.3
DED000563	1558	LTEA_HepaRG_CYP2C8	ToxCast invitrodb v4.3
DED000563	1571	LTEA_HepaRG_CYP2E1	ToxCast invitrodb v4.3
DED000563	1576	LTEA_HepaRG_CYP3A4	ToxCast invitrodb v4.3
DED000563	1579	LTEA_HepaRG_CYP4A11	ToxCast invitrodb v4.3
DED000563	2168	LTEA_HepaRG_FABP1	ToxCast invitrodb v4.3
DED000563	3014	TOX21_H2AX_HTRF_CHO_Agonist_ratio	ToxCast invitrodb v4.3
DED000563	3479	LTEA_HepaRG_IGF1	ToxCast invitrodb v4.3
DED000563	5243	LTEA_HepaRG_ABCB1	ToxCast invitrodb v4.3
DED000563	64321	CCTE_Deisenroth_DEVTOX-GLR_Pluri_SOX17|CCTE_Deisenroth_DEVTOX-GLR_legacy_Sox17	ToxCast invitrodb v4.3
DED000563	6657	CCTE_Deisenroth_DEVTOX-GLR_Endo_SOX2	ToxCast invitrodb v4.3
DED000563	6862	CCTE_Deisenroth_DEVTOX-GLR_Endo_BRA|CCTE_Deisenroth_DEVTOX-GLR_Pluri_BRA|CCTE_Deisenroth_DEVTOX-GLR_legacy_Bra	ToxCast invitrodb v4.3
DED000563	8856	ATG_PXRE_CIS|ATG_PXR_TRANS|TOX21_PXR_LUC_Agonist	ToxCast invitrodb v4.3
DED000568	10062	ATG_DR4_LXR_CIS	ToxCast invitrodb v4.3
DED000568	1571	LTEA_HepaRG_CYP2E1	ToxCast invitrodb v4.3
DED000568	1869	ATG_E2F_CIS	ToxCast invitrodb v4.3
DED000568	1958	ATG_EGR_CIS	ToxCast invitrodb v4.3
DED000568	2099	ACEA_ER_80hr|ATG_ERE_CIS|ATG_ERa_TRANS|ATG_hERa_XSP1|ATG_hERa_XSP2|OT_ER_ERaERb_1440|OT_ERa_GFPERaERE_0480|TOX21_ERa_BLA_Agonist_ratio|TOX21_ERa_LUC_VM7_Agonist	ToxCast invitrodb v4.3
DED000568	2100	OT_ER_ERaERb_1440	ToxCast invitrodb v4.3
DED000568	2353	ATG_AP_1_CIS|TOX21_AP1_BLA_Agonist_ratio	ToxCast invitrodb v4.3
DED000568	3725	ATG_AP_1_CIS|TOX21_AP1_BLA_Agonist_ratio	ToxCast invitrodb v4.3
DED000568	4520	ATG_MRE_CIS	ToxCast invitrodb v4.3
DED000568	4780	ATG_NRF2_ARE_CIS|TOX21_ARE_BLA_Agonist_ratio	ToxCast invitrodb v4.3
DED000568	6257	ATG_RXRb_TRANS	ToxCast invitrodb v4.3
DED000568	6714	OT_FXR_FXRSRC1_0480|OT_FXR_FXRSRC1_1440	ToxCast invitrodb v4.3
DED000568	7067	ATG_THRa1_TRANS	ToxCast invitrodb v4.3
DED000568	7068	ATG_hTRb_XSP2	ToxCast invitrodb v4.3
DED000568	7069	LTEA_HepaRG_THRSP	ToxCast invitrodb v4.3
DED000568	7376	ATG_DR4_LXR_CIS	ToxCast invitrodb v4.3
DED000568	7391	ATG_E_Box_CIS	ToxCast invitrodb v4.3
DED000568	8856	ATG_PXRE_CIS|ATG_PXR_TRANS|TOX21_PXR_LUC_Agonist	ToxCast invitrodb v4.3
DED000568	9971	ATG_FXR_TRANS|ATG_IR1_CIS|OT_FXR_FXRSRC1_0480|OT_FXR_FXRSRC1_1440	ToxCast invitrodb v4.3
DED000569	1543	LTEA_HepaRG_CYP1A1	ToxCast invitrodb v4.3
DED000569	1571	LTEA_HepaRG_CYP2E1	ToxCast invitrodb v4.3
DED000569	1576	LTEA_HepaRG_CYP3A4	ToxCast invitrodb v4.3
DED000569	1591	TOX21_VDR_BLA_Agonist_ratio	ToxCast invitrodb v4.3
DED000569	2099	ACEA_ER_80hr|ATG_ERE_CIS|ATG_ERa_TRANS|CCTE_Deisenroth_AIME_384WELL_LUC_Active|CCTE_Deisenroth_AIME_384WELL_LUC_Inactive|TOX21_ERa_LUC_VM7_Agonist	ToxCast invitrodb v4.3
DED000569	2100	TOX21_ERb_BLA_Agonist_ratio	ToxCast invitrodb v4.3
DED000569	5467	TOX21_PPARd_BLA_Agonist_ratio	ToxCast invitrodb v4.3
DED000569	6256	TOX21_RXR_BLA_Agonist_ratio	ToxCast invitrodb v4.3
DED000569	7157	TOX21_p53_BLA_ms_human_ratio	ToxCast invitrodb v4.3
DED000569	7421	TOX21_VDR_BLA_Agonist_ratio	ToxCast invitrodb v4.3
DED000569	8856	ATG_PXR_TRANS	ToxCast invitrodb v4.3
DED000570	1543	LTEA_HepaRG_CYP1A1	ToxCast invitrodb v4.3
DED000570	1544	LTEA_HepaRG_CYP1A2	ToxCast invitrodb v4.3
DED000570	1551	LTEA_HepaRG_CYP3A7	ToxCast invitrodb v4.3
DED000570	1558	LTEA_HepaRG_CYP2C8	ToxCast invitrodb v4.3
DED000570	1576	LTEA_HepaRG_CYP3A4	ToxCast invitrodb v4.3
DED000570	1579	LTEA_HepaRG_CYP4A11	ToxCast invitrodb v4.3
DED000570	1728	LTEA_HepaRG_NQO1	ToxCast invitrodb v4.3
DED000570	196	ATG_Ahr_CIS|TOX21_AhR_LUC_Agonist	ToxCast invitrodb v4.3
DED000570	2353	ATG_AP_1_CIS	ToxCast invitrodb v4.3
DED000570	250	LTEA_HepaRG_ALPP	ToxCast invitrodb v4.3
DED000570	2729	LTEA_HepaRG_GCLC	ToxCast invitrodb v4.3
DED000570	3570	LTEA_HepaRG_IL6R	ToxCast invitrodb v4.3
DED000570	3725	ATG_AP_1_CIS	ToxCast invitrodb v4.3
DED000570	4314	LTEA_HepaRG_MMP3	ToxCast invitrodb v4.3
DED000570	47	LTEA_HepaRG_ACLY	ToxCast invitrodb v4.3
DED000570	4790	LTEA_HepaRG_NFKB1	ToxCast invitrodb v4.3
DED000570	51	LTEA_HepaRG_ACOX1	ToxCast invitrodb v4.3
DED000570	5243	LTEA_HepaRG_ABCB1	ToxCast invitrodb v4.3
DED000570	5465	ATG_PPRE_CIS	ToxCast invitrodb v4.3
DED000570	5467	ATG_PPRE_CIS	ToxCast invitrodb v4.3
DED000570	5468	ATG_PPARg_TRANS|ATG_PPRE_CIS	ToxCast invitrodb v4.3
DED000570	6095	ATG_RORE_CIS	ToxCast invitrodb v4.3
DED000570	6096	ATG_RORE_CIS	ToxCast invitrodb v4.3
DED000570	6097	ATG_RORE_CIS	ToxCast invitrodb v4.3
DED000570	6390	LTEA_HepaRG_SDHB	ToxCast invitrodb v4.3
DED000570	6774	LTEA_HepaRG_STAT3	ToxCast invitrodb v4.3
DED000570	7157	TOX21_p53_BLA_p1_ratio|TOX21_p53_BLA_p2_ratio|TOX21_p53_BLA_p3_ratio|TOX21_p53_BLA_p4_ratio|TOX21_p53_BLA_p5_ratio	ToxCast invitrodb v4.3
DED000570	7421	ATG_VDRE_CIS	ToxCast invitrodb v4.3
DED000570	847	LTEA_HepaRG_CAT	ToxCast invitrodb v4.3
DED000570	8837	LTEA_HepaRG_CFLAR	ToxCast invitrodb v4.3
DED000570	8856	ATG_PXR_TRANS	ToxCast invitrodb v4.3
DED000571	196	ERF_US_NR_hAHR|TOX21_AhR_LUC_Agonist	ToxCast invitrodb v4.3
DED000571	4780	TOX21_ARE_BLA_Agonist_ratio	ToxCast invitrodb v4.3
DED000572	2099	ATG_ERE_CIS|ATG_ERa_TRANS|TOX21_ERa_LUC_VM7_Agonist	ToxCast invitrodb v4.3
DED000572	2908	ATG_GRE_CIS	ToxCast invitrodb v4.3
DED000572	3091	ATG_HIF1a_CIS	ToxCast invitrodb v4.3
DED000572	3175	ATG_HNF6_CIS	ToxCast invitrodb v4.3
DED000572	4602	ATG_Myb_CIS	ToxCast invitrodb v4.3
DED000572	6774	ATG_STAT3_CIS	ToxCast invitrodb v4.3
DED000572	7421	ATG_VDRE_CIS	ToxCast invitrodb v4.3
DED000574	1543	CLD_CYP1A1_24hr|CLD_CYP1A1_48hr	ToxCast invitrodb v4.3
DED000574	1544	CLD_CYP1A2_24hr	ToxCast invitrodb v4.3
DED000574	1555	CLD_CYP2B6_24hr|CLD_CYP2B6_48hr|CLD_CYP2B6_6hr	ToxCast invitrodb v4.3
DED000574	1576	CLD_CYP3A4_24hr|CLD_CYP3A4_48hr|CLD_CYP3A4_6hr	ToxCast invitrodb v4.3
DED000574	19016	ATG_mPPARg_XSP1|ATG_mPPARg_XSP2	ToxCast invitrodb v4.3
DED000574	3014	TOX21_H2AX_HTRF_CHO_Agonist_ratio	ToxCast invitrodb v4.3
DED000574	4780	ATG_NRF2_ARE_CIS|TOX21_ARE_BLA_Agonist_ratio	ToxCast invitrodb v4.3
DED000574	4790	LTEA_HepaRG_NFKB1	ToxCast invitrodb v4.3
DED000574	4929	OT_NURR1_NURR1RXRa_0480	ToxCast invitrodb v4.3
DED000574	5468	ATG_PPARg_TRANS|ATG_hPPARg_XSP1|ATG_hPPARg_XSP2	ToxCast invitrodb v4.3
DED000574	6256	OT_NURR1_NURR1RXRa_0480	ToxCast invitrodb v4.3
DED000574	7421	ATG_VDRE_CIS	ToxCast invitrodb v4.3
DED000574	8856	ATG_mPXR_XSP1|ATG_mPXR_XSP2|TOX21_PXR_LUC_Agonist	ToxCast invitrodb v4.3
DED000575	1543	CLD_CYP1A1_24hr|CLD_CYP1A1_6hr|LTEA_HepaRG_CYP1A1	ToxCast invitrodb v4.3
DED000575	1544	CLD_CYP1A2_24hr|CLD_CYP1A2_48hr|CLD_CYP1A2_6hr|LTEA_HepaRG_CYP1A2	ToxCast invitrodb v4.3
DED000575	1555	CLD_CYP2B6_24hr|CLD_CYP2B6_48hr|CLD_CYP2B6_6hr	ToxCast invitrodb v4.3
DED000575	1557	LTEA_HepaRG_CYP2C19	ToxCast invitrodb v4.3
DED000575	1576	CLD_CYP3A4_24hr|CLD_CYP3A4_48hr|CLD_CYP3A4_6hr|LTEA_HepaRG_CYP3A4	ToxCast invitrodb v4.3
DED000575	2099	OT_ERa_GFPERaERE_0120	ToxCast invitrodb v4.3
DED000575	3479	LTEA_HepaRG_IGF1	ToxCast invitrodb v4.3
DED000575	3880	LTEA_HepaRG_KRT19	ToxCast invitrodb v4.3
DED000575	5243	LTEA_HepaRG_ABCB1	ToxCast invitrodb v4.3
DED000575	54658	CLD_UGT1A1_48hr	ToxCast invitrodb v4.3
DED000575	8856	ATG_PXRE_CIS|ATG_PXR_TRANS|TOX21_PXR_LUC_Agonist	ToxCast invitrodb v4.3
DED000576	1591	TOX21_VDR_BLA_Agonist_ratio	ToxCast invitrodb v4.3
DED000576	196	ERF_US_NR_hAHR|TOX21_AhR_LUC_Agonist	ToxCast invitrodb v4.3
DED000576	2099	TOX21_ERa_BLA_Agonist_ratio	ToxCast invitrodb v4.3
DED000576	22926	TOX21_ESRE_BLA_Agonist_ratio	ToxCast invitrodb v4.3
DED000576	2908	TOX21_GR_BLA_Agonist_ratio	ToxCast invitrodb v4.3
DED000576	3091	TOX21_HRE_BLA_Agonist_ratio	ToxCast invitrodb v4.3
DED000576	3297	TOX21_HSE_BLA_Agonist_ratio	ToxCast invitrodb v4.3
DED000576	367	TOX21_AR_BLA_Agonist_ratio	ToxCast invitrodb v4.3
DED000576	4780	TOX21_ARE_BLA_Agonist_ratio	ToxCast invitrodb v4.3
DED000576	5467	TOX21_PPARd_BLA_Agonist_ratio	ToxCast invitrodb v4.3
DED000576	5468	TOX21_PPARg_BLA_Agonist_ratio	ToxCast invitrodb v4.3
DED000576	7157	TOX21_p53_BLA_p1_ratio|TOX21_p53_BLA_p2_ratio|TOX21_p53_BLA_p3_ratio|TOX21_p53_BLA_p4_ratio|TOX21_p53_BLA_p5_ratio	ToxCast invitrodb v4.3
DED000576	7421	TOX21_VDR_BLA_Agonist_ratio	ToxCast invitrodb v4.3
DED000576	9971	TOX21_FXR_BLA_Agonist_ratio	ToxCast invitrodb v4.3
DED000577	19016	ATG_mPPARg_XSP2	ToxCast invitrodb v4.3
DED000577	7157	APR_HepG2_p53Act_72hr	ToxCast invitrodb v4.3
DED000577	8856	ATG_mPXR_XSP1	ToxCast invitrodb v4.3
DED000578	1555	LTEA_HepaRG_CYP2B6	ToxCast invitrodb v4.3
DED000578	196	ATG_Ahr_CIS|TOX21_AhR_LUC_Agonist	ToxCast invitrodb v4.3
DED000578	7157	TOX21_p53_BLA_ms_human_ratio|TOX21_p53_BLA_ms_rat_ratio	ToxCast invitrodb v4.3
DED000578	8856	ATG_PXRE_CIS|ATG_PXR_TRANS	ToxCast invitrodb v4.3
DED000579	1555	CLD_CYP2B6_6hr	ToxCast invitrodb v4.3
DED000579	1571	LTEA_HepaRG_CYP2E1	ToxCast invitrodb v4.3
DED000579	1576	CLD_CYP3A4_6hr	ToxCast invitrodb v4.3
DED000579	2099	ATG_hERa_XSP1|CCTE_Deisenroth_AIME_96WELL_LUC_Inactive	ToxCast invitrodb v4.3
DED000579	2100	ATG_hERb_XSP1	ToxCast invitrodb v4.3
DED000579	23089	LTEA_HepaRG_PEG10	ToxCast invitrodb v4.3
DED000579	4780	ATG_NRF2_ARE_CIS	ToxCast invitrodb v4.3
DED000579	8856	ATG_mPXR_XSP1|ATG_mPXR_XSP2	ToxCast invitrodb v4.3
DED000580	1543	CLD_CYP1A1_24hr|CLD_CYP1A1_48hr|CLD_CYP1A1_6hr	ToxCast invitrodb v4.3
DED000580	1544	CLD_CYP1A2_24hr|CLD_CYP1A2_48hr|CLD_CYP1A2_6hr|LTEA_HepaRG_CYP1A2	ToxCast invitrodb v4.3
DED000580	1555	CLD_CYP2B6_24hr|CLD_CYP2B6_48hr|CLD_CYP2B6_6hr|LTEA_HepaRG_CYP2B6	ToxCast invitrodb v4.3
DED000580	1571	LTEA_HepaRG_CYP2E1	ToxCast invitrodb v4.3
DED000580	1576	CLD_CYP3A4_24hr|CLD_CYP3A4_48hr|CLD_CYP3A4_6hr|LTEA_HepaRG_CYP3A4	ToxCast invitrodb v4.3
DED000580	196	TOX21_AhR_LUC_Agonist	ToxCast invitrodb v4.3
DED000580	2099	ATG_ERE_CIS|ATG_ERa_TRANS|OT_ER_ERaERa_0480|OT_ER_ERaERa_1440|OT_ER_ERaERb_0480|OT_ER_ERaERb_1440	ToxCast invitrodb v4.3
DED000580	2100	OT_ER_ERaERb_0480|OT_ER_ERaERb_1440|OT_ER_ERbERb_0480|OT_ER_ERbERb_1440	ToxCast invitrodb v4.3
DED000580	23089	LTEA_HepaRG_PEG10	ToxCast invitrodb v4.3
DED000580	2908	CEETOX_H295R_CORTISOL	ToxCast invitrodb v4.3
DED000580	3479	LTEA_HepaRG_IGF1	ToxCast invitrodb v4.3
DED000580	3484	LTEA_HepaRG_IGFBP1	ToxCast invitrodb v4.3
DED000580	4306	CEETOX_H295R_CORTISOL	ToxCast invitrodb v4.3
DED000580	5465	ATG_PPRE_CIS	ToxCast invitrodb v4.3
DED000580	54658	CLD_UGT1A1_24hr|LTEA_HepaRG_UGT1A1	ToxCast invitrodb v4.3
DED000580	5467	ATG_PPRE_CIS	ToxCast invitrodb v4.3
DED000580	5468	ATG_PPARg_TRANS|ATG_PPRE_CIS	ToxCast invitrodb v4.3
DED000580	6714	OT_FXR_FXRSRC1_0480	ToxCast invitrodb v4.3
DED000580	6720	ATG_SREBP_CIS	ToxCast invitrodb v4.3
DED000580	7069	LTEA_HepaRG_THRSP	ToxCast invitrodb v4.3
DED000580	7157	TOX21_p53_BLA_ms_rat_ratio|TOX21_p53_BLA_p3_ratio|TOX21_p53_BLA_p5_ratio	ToxCast invitrodb v4.3
DED000580	8856	ATG_PXRE_CIS|TOX21_PXR_LUC_Agonist	ToxCast invitrodb v4.3
DED000580	9970	ATG_PBREM_CIS|TOX21_CAR_LUC_Agonist	ToxCast invitrodb v4.3
DED000580	9971	OT_FXR_FXRSRC1_0480	ToxCast invitrodb v4.3
DED000581	1543	CLD_CYP1A1_6hr	ToxCast invitrodb v4.3
DED000581	1544	CLD_CYP1A2_24hr|CLD_CYP1A2_6hr	ToxCast invitrodb v4.3
DED000581	1555	CLD_CYP2B6_24hr	ToxCast invitrodb v4.3
DED000581	19016	ATG_mPPARg_XSP2	ToxCast invitrodb v4.3
DED000581	367	OT_AR_ARELUC_AG_1440	ToxCast invitrodb v4.3
DED000581	5468	ATG_hPPARg_XSP2	ToxCast invitrodb v4.3
DED000581	7067	ATG_THRa1_TRANS	ToxCast invitrodb v4.3
DED000581	7421	ATG_VDRE_CIS	ToxCast invitrodb v4.3
DED000582	1558	LTEA_HepaRG_CYP2C8	ToxCast invitrodb v4.3
DED000582	1647	LTEA_HepaRG_GADD45A	ToxCast invitrodb v4.3
DED000582	2099	ATG_ERE_CIS|ATG_ERa_TRANS|ATG_hERa_XSP1|ATG_hERa_XSP2|OT_ERa_GFPERaERE_0120	ToxCast invitrodb v4.3
DED000582	2100	OT_ER_ERbERb_0480	ToxCast invitrodb v4.3
DED000582	367	OT_AR_ARELUC_AG_1440	ToxCast invitrodb v4.3
DED000582	4780	TOX21_ARE_KS_LUC_Agonist	ToxCast invitrodb v4.3
DED000582	6257	ATG_RXRb_TRANS	ToxCast invitrodb v4.3
DED000582	8856	ATG_PXRE_CIS|ATG_PXR_TRANS	ToxCast invitrodb v4.3
DED000583	1559	LTEA_HepaRG_CYP2C9	ToxCast invitrodb v4.3
DED000583	2099	ATG_ERa_TRANS|ATG_hERa_XSP1|CCTE_Deisenroth_AIME_384WELL_LUC_Active|CCTE_Deisenroth_AIME_384WELL_LUC_Inactive|OT_ERa_GFPERaERE_0120|OT_ERa_GFPERaERE_0480|TOX21_ERa_LUC_VM7_Agonist	ToxCast invitrodb v4.3
DED000583	3014	TOX21_H2AX_HTRF_CHO_Agonist_ratio	ToxCast invitrodb v4.3
DED000583	8856	ATG_mPXR_XSP1|ATG_mPXR_XSP2	ToxCast invitrodb v4.3
DED000584	1555	CLD_CYP2B6_24hr|CLD_CYP2B6_48hr|CLD_CYP2B6_6hr	ToxCast invitrodb v4.3
DED000584	1576	CLD_CYP3A4_24hr|CLD_CYP3A4_48hr	ToxCast invitrodb v4.3
DED000584	2939	CLD_GSTA2_48hr	ToxCast invitrodb v4.3
DED000584	4780	ATG_NRF2_ARE_CIS|TOX21_ARE_BLA_Agonist_ratio	ToxCast invitrodb v4.3
DED000584	5243	CLD_ABCB1_48hr	ToxCast invitrodb v4.3
DED000584	6822	CLD_SULT2A_24hr	ToxCast invitrodb v4.3
DED000584	8856	ATG_PXRE_CIS|TOX21_PXR_LUC_Agonist	ToxCast invitrodb v4.3
DED000585	1543	LTEA_HepaRG_CYP1A1	ToxCast invitrodb v4.3
DED000585	3297	ATG_HSE_CIS	ToxCast invitrodb v4.3
DED000585	8856	ATG_PXRE_CIS	ToxCast invitrodb v4.3
DED000587	2099	ATG_ERa_TRANS|TOX21_ERa_LUC_VM7_Agonist	ToxCast invitrodb v4.3
DED000587	5465	ATG_PPARa_TRANS|ATG_PPRE_CIS	ToxCast invitrodb v4.3
DED000587	5467	ATG_PPARd_TRANS|ATG_PPRE_CIS	ToxCast invitrodb v4.3
DED000587	5468	ATG_PPARg_TRANS|ATG_PPRE_CIS	ToxCast invitrodb v4.3
DED000587	6862	CCTE_Deisenroth_DEVTOX-GLR_Endo_BRA|CCTE_Deisenroth_DEVTOX-GLR_legacy_Bra	ToxCast invitrodb v4.3
DED000588	10062	ATG_DR4_LXR_CIS	ToxCast invitrodb v4.3
DED000588	1544	CLD_CYP1A2_48hr	ToxCast invitrodb v4.3
DED000588	1555	CLD_CYP2B6_24hr|CLD_CYP2B6_48hr|CLD_CYP2B6_6hr	ToxCast invitrodb v4.3
DED000588	1558	LTEA_HepaRG_CYP2C8	ToxCast invitrodb v4.3
DED000588	1576	LTEA_HepaRG_CYP3A4	ToxCast invitrodb v4.3
DED000588	2099	ACEA_ER_80hr|ATG_ERE_CIS|ATG_ERa_TRANS|ATG_hERa_XSP1|ATG_hERa_XSP2|CCTE_Deisenroth_AIME_96WELL_LUC_Active|CCTE_Deisenroth_AIME_96WELL_LUC_Inactive|OT_ER_ERaERa_0480|OT_ER_ERaERb_0480|OT_ERa_GFPERaERE_0120|OT_ERa_GFPERaERE_0480|TOX21_ERa_LUC_VM7_Agonist	ToxCast invitrodb v4.3
DED000588	2100	OT_ER_ERaERb_0480|OT_ER_ERbERb_0480|OT_ER_ERbERb_1440	ToxCast invitrodb v4.3
DED000588	4520	ATG_MRE_CIS	ToxCast invitrodb v4.3
DED000588	54658	CLD_UGT1A1_48hr	ToxCast invitrodb v4.3
DED000588	7376	ATG_DR4_LXR_CIS	ToxCast invitrodb v4.3
DED000588	7421	ATG_VDRE_CIS	ToxCast invitrodb v4.3
DED000588	8856	ATG_PXRE_CIS|ATG_PXR_TRANS|ATG_mPXR_XSP1	ToxCast invitrodb v4.3
DED000588	9970	TOX21_CAR_LUC_Agonist	ToxCast invitrodb v4.3
DED000589	7157	TOX21_p53_BLA_p2_ratio	ToxCast invitrodb v4.3
DED000590	19016	ATG_mPPARg_XSP2	ToxCast invitrodb v4.3
DED000590	1958	ATG_EGR_CIS	ToxCast invitrodb v4.3
DED000590	196	TOX21_AhR_LUC_Agonist	ToxCast invitrodb v4.3
DED000590	2099	ATG_ERE_CIS|ATG_ERa_TRANS|ATG_hERa_XSP2|CCTE_Deisenroth_AIME_96WELL_LUC_Active|CCTE_Deisenroth_AIME_96WELL_LUC_Inactive|OT_ER_ERaERa_0480|OT_ER_ERaERa_1440|OT_ER_ERaERb_0480|OT_ER_ERaERb_1440|TOX21_ERa_BLA_Agonist_ratio|TOX21_ERa_LUC_VM7_Agonist	ToxCast invitrodb v4.3
DED000590	2100	ATG_hERb_XSP2|OT_ER_ERaERb_0480|OT_ER_ERaERb_1440|OT_ER_ERbERb_0480|OT_ER_ERbERb_1440	ToxCast invitrodb v4.3
DED000590	2353	ATG_AP_1_CIS	ToxCast invitrodb v4.3
DED000590	3725	ATG_AP_1_CIS	ToxCast invitrodb v4.3
DED000590	4086	ATG_BRE_CIS	ToxCast invitrodb v4.3
DED000590	4520	ATG_MRE_CIS	ToxCast invitrodb v4.3
DED000590	4780	TOX21_ARE_KS_LUC_Agonist	ToxCast invitrodb v4.3
DED000590	5468	ATG_PPARg_TRANS|ATG_hPPARg_XSP2	ToxCast invitrodb v4.3
DED000590	6095	ATG_RORE_CIS	ToxCast invitrodb v4.3
DED000590	6096	ATG_RORE_CIS	ToxCast invitrodb v4.3
DED000590	6097	ATG_RORE_CIS	ToxCast invitrodb v4.3
DED000590	6257	ATG_RXRb_TRANS	ToxCast invitrodb v4.3
DED000590	6862	CCTE_Deisenroth_DEVTOX-GLR_Endo_BRA	ToxCast invitrodb v4.3
DED000590	7040	ATG_TGFb_CIS	ToxCast invitrodb v4.3
DED000590	8856	ATG_PXR_TRANS|ATG_mPXR_XSP2|TOX21_PXR_LUC_Agonist	ToxCast invitrodb v4.3
DED000590	9970	ATG_PBREM_CIS|TOX21_CAR_LUC_Agonist	ToxCast invitrodb v4.3
DED000590	9971	ATG_IR1_CIS	ToxCast invitrodb v4.3
DED000592	10062	ATG_DR4_LXR_CIS	ToxCast invitrodb v4.3
DED000592	10488	ATG_CRE_CIS	ToxCast invitrodb v4.3
DED000592	19016	ATG_mPPARg_XSP1	ToxCast invitrodb v4.3
DED000592	2099	ATG_ERa_TRANS|ATG_hERa_XSP1|ATG_hERa_XSP2	ToxCast invitrodb v4.3
DED000592	2113	ATG_Ets_CIS	ToxCast invitrodb v4.3
DED000592	2353	ATG_AP_1_CIS	ToxCast invitrodb v4.3
DED000592	2908	ATG_GRE_CIS	ToxCast invitrodb v4.3
DED000592	3297	ATG_HSE_CIS	ToxCast invitrodb v4.3
DED000592	367	OT_AR_ARSRC1_0960	ToxCast invitrodb v4.3
DED000592	3725	ATG_AP_1_CIS	ToxCast invitrodb v4.3
DED000592	4086	ATG_BRE_CIS	ToxCast invitrodb v4.3
DED000592	4520	ATG_MRE_CIS	ToxCast invitrodb v4.3
DED000592	4774	ATG_NFI_CIS	ToxCast invitrodb v4.3
DED000592	4780	ATG_NRF2_ARE_CIS	ToxCast invitrodb v4.3
DED000592	4929	ATG_NURR1_TRANS	ToxCast invitrodb v4.3
DED000592	5451	ATG_Oct_MLP_CIS	ToxCast invitrodb v4.3
DED000592	5465	ATG_PPRE_CIS	ToxCast invitrodb v4.3
DED000592	5467	ATG_PPRE_CIS	ToxCast invitrodb v4.3
DED000592	5468	ATG_PPARg_TRANS|ATG_PPRE_CIS|ATG_hPPARg_XSP1|ATG_hPPARg_XSP2	ToxCast invitrodb v4.3
DED000592	6095	ATG_RORE_CIS	ToxCast invitrodb v4.3
DED000592	6096	ATG_RORE_CIS	ToxCast invitrodb v4.3
DED000592	6097	ATG_RORE_CIS	ToxCast invitrodb v4.3
DED000592	6257	ATG_RXRb_TRANS	ToxCast invitrodb v4.3
DED000592	6667	ATG_Sp1_CIS	ToxCast invitrodb v4.3
DED000592	6714	OT_AR_ARSRC1_0960	ToxCast invitrodb v4.3
DED000592	7067	ATG_hTRa_XSP1	ToxCast invitrodb v4.3
DED000592	7068	ATG_hTRb_XSP2	ToxCast invitrodb v4.3
DED000592	7076	LTEA_HepaRG_TIMP1	ToxCast invitrodb v4.3
DED000592	7132	LTEA_HepaRG_TNFRSF1A	ToxCast invitrodb v4.3
DED000592	7376	ATG_DR4_LXR_CIS	ToxCast invitrodb v4.3
DED000592	7421	ATG_VDRE_CIS	ToxCast invitrodb v4.3
DED000592	7494	ATG_Xbp1_CIS	ToxCast invitrodb v4.3
DED000592	8856	ATG_PXRE_CIS|ATG_PXR_TRANS|ATG_mPXR_XSP2	ToxCast invitrodb v4.3
DED000592	9970	ATG_PBREM_CIS	ToxCast invitrodb v4.3
DED000592	9971	ATG_FXR_TRANS	ToxCast invitrodb v4.3
DED000593	2908	TOX21_GR_BLA_Agonist_ratio	ToxCast invitrodb v4.3
DED000593	367	TOX21_AR_BLA_Agonist_ratio|TOX21_AR_LUC_MDAKB2_Agonist|TOX21_AR_LUC_MDAKB2_Agonist_3uM_Nilutamide	ToxCast invitrodb v4.3
DED000593	5241	TOX21_PR_BLA_Agonist_ratio	ToxCast invitrodb v4.3
DED000593	64321	CCTE_Deisenroth_DEVTOX-GLR_Endo_SOX17	ToxCast invitrodb v4.3
DED000593	6862	CCTE_Deisenroth_DEVTOX-GLR_Endo_BRA	ToxCast invitrodb v4.3
DED000593	8856	TOX21_PXR_LUC_Agonist	ToxCast invitrodb v4.3
DED000594	10062	ATG_DR4_LXR_CIS	ToxCast invitrodb v4.3
DED000594	1051	ATG_C_EBP_CIS	ToxCast invitrodb v4.3
DED000594	1958	ATG_EGR_CIS	ToxCast invitrodb v4.3
DED000594	2099	ACEA_ER_80hr|ATG_ERE_CIS|ATG_ERa_TRANS|ATG_hERa_XSP1|ATG_hERa_XSP2|CCTE_Deisenroth_AIME_384WELL_LUC_Active|CCTE_Deisenroth_AIME_384WELL_LUC_Inactive|CCTE_Deisenroth_AIME_96WELL_LUC_Active|CCTE_Deisenroth_AIME_96WELL_LUC_Inactive|OT_ER_ERaERa_0480|OT_ER_ERaERa_1440|OT_ER_ERaERb_0480|OT_ER_ERaERb_1440|OT_ERa_GFPERaERE_0120|OT_ERa_GFPERaERE_0480|TOX21_ERa_BLA_Agonist_ratio|TOX21_ERa_LUC_VM7_Agonist|TOX21_ERa_LUC_VM7_Agonist_10nM_ICI182780	ToxCast invitrodb v4.3
DED000594	2100	ATG_hERb_XSP1|ATG_hERb_XSP2|OT_ER_ERaERb_0480|OT_ER_ERaERb_1440|OT_ER_ERbERb_0480|OT_ER_ERbERb_1440|TOX21_ERb_BLA_Agonist_ratio	ToxCast invitrodb v4.3
DED000594	2113	ATG_Ets_CIS	ToxCast invitrodb v4.3
DED000594	2308	ATG_FoxO_CIS	ToxCast invitrodb v4.3
DED000594	2309	ATG_FoxO_CIS	ToxCast invitrodb v4.3
DED000594	2623	ATG_GATA_CIS	ToxCast invitrodb v4.3
DED000594	2735	ATG_GLI_CIS	ToxCast invitrodb v4.3
DED000594	2798	TOX21_GNRHR_HEK293_Agonist	ToxCast invitrodb v4.3
DED000594	3014	APR_HepG2_P-H2AX_72hr	ToxCast invitrodb v4.3
DED000594	3091	ATG_HIF1a_CIS	ToxCast invitrodb v4.3
DED000594	3297	TOX21_HSE_BLA_Agonist_ratio	ToxCast invitrodb v4.3
DED000594	367	ACEA_AR_agonist_80hr|OT_AR_ARELUC_AG_1440|OT_AR_ARSRC1_0480|OT_AR_ARSRC1_0960|TOX21_AR_BLA_Agonist_ratio	ToxCast invitrodb v4.3
DED000594	4520	ATG_MRE_CIS	ToxCast invitrodb v4.3
DED000594	4609	ATG_Myc_CIS	ToxCast invitrodb v4.3
DED000594	4780	ATG_NRF2_ARE_CIS	ToxCast invitrodb v4.3
DED000594	4899	ATG_NRF1_CIS	ToxCast invitrodb v4.3
DED000594	5241	TOX21_PR_BLA_Agonist_ratio	ToxCast invitrodb v4.3
DED000594	5914	ATG_DR5_RAR_CIS	ToxCast invitrodb v4.3
DED000594	5915	ATG_DR5_RAR_CIS	ToxCast invitrodb v4.3
DED000594	5916	ATG_DR5_RAR_CIS	ToxCast invitrodb v4.3
DED000594	6656	ATG_Sox_CIS	ToxCast invitrodb v4.3
DED000594	6714	OT_AR_ARSRC1_0480|OT_AR_ARSRC1_0960	ToxCast invitrodb v4.3
DED000594	6774	ATG_STAT3_CIS	ToxCast invitrodb v4.3
DED000594	7020	ATG_AP_2_CIS	ToxCast invitrodb v4.3
DED000594	7021	ATG_AP_2_CIS	ToxCast invitrodb v4.3
DED000594	7040	ATG_TGFb_CIS	ToxCast invitrodb v4.3
DED000594	7068	ATG_hTRb_XSP2	ToxCast invitrodb v4.3
DED000594	7157	APR_HepG2_p53Act_24hr	ToxCast invitrodb v4.3
DED000594	7376	ATG_DR4_LXR_CIS	ToxCast invitrodb v4.3
DED000594	7494	ATG_Xbp1_CIS	ToxCast invitrodb v4.3
DED000594	83741	ATG_AP_2_CIS	ToxCast invitrodb v4.3
DED000594	8856	ATG_PXRE_CIS|ATG_PXR_TRANS	ToxCast invitrodb v4.3
DED000594	9971	ATG_IR1_CIS	ToxCast invitrodb v4.3
DED000596	19016	ATG_mPPARg_XSP1|ATG_mPPARg_XSP2	ToxCast invitrodb v4.3
DED000596	2099	ATG_ERa_TRANS|ATG_hERa_XSP1|TOX21_ERa_BLA_Agonist_ratio	ToxCast invitrodb v4.3
DED000596	5468	ATG_PPARg_TRANS|ATG_hPPARg_XSP1|ATG_hPPARg_XSP2	ToxCast invitrodb v4.3
DED000596	8856	ATG_PXR_TRANS	ToxCast invitrodb v4.3
DED000597	1543	LTEA_HepaRG_CYP1A1	ToxCast invitrodb v4.3
DED000597	1555	CLD_CYP2B6_6hr	ToxCast invitrodb v4.3
DED000597	1576	CLD_CYP3A4_48hr	ToxCast invitrodb v4.3
DED000597	2099	ACEA_ER_80hr|ATG_ERE_CIS|ATG_ERa_TRANS|ATG_hERa_XSP1|ATG_hERa_XSP2|CCTE_Deisenroth_AIME_96WELL_LUC_Active|CCTE_Deisenroth_AIME_96WELL_LUC_Inactive|OT_ER_ERaERa_0480|OT_ER_ERaERa_1440|OT_ER_ERaERb_0480|OT_ER_ERaERb_1440|OT_ERa_GFPERaERE_0120|OT_ERa_GFPERaERE_0480|TOX21_ERa_BLA_Agonist_ratio|TOX21_ERa_LUC_VM7_Agonist|TOX21_ERa_LUC_VM7_Agonist_10nM_ICI182780	ToxCast invitrodb v4.3
DED000597	2100	ATG_hERb_XSP1|ATG_hERb_XSP2|OT_ER_ERaERb_0480|OT_ER_ERaERb_1440|OT_ER_ERbERb_0480|OT_ER_ERbERb_1440	ToxCast invitrodb v4.3
DED000597	2908	CEETOX_H295R_CORTIC	ToxCast invitrodb v4.3
DED000597	3297	ATG_HSE_CIS	ToxCast invitrodb v4.3
DED000597	3303	LTEA_HepaRG_HSPA1A	ToxCast invitrodb v4.3
DED000597	3659	ATG_ISRE_CIS	ToxCast invitrodb v4.3
DED000597	367	CEETOX_H295R_ANDR	ToxCast invitrodb v4.3
DED000597	4306	CEETOX_H295R_CORTIC	ToxCast invitrodb v4.3
DED000597	5914	ATG_DR5_RAR_CIS	ToxCast invitrodb v4.3
DED000597	5915	ATG_DR5_RAR_CIS	ToxCast invitrodb v4.3
DED000597	5916	ATG_DR5_RAR_CIS	ToxCast invitrodb v4.3
DED000597	6257	ATG_RXRb_TRANS	ToxCast invitrodb v4.3
DED000597	6390	LTEA_HepaRG_SDHB	ToxCast invitrodb v4.3
DED000597	64321	CCTE_Deisenroth_DEVTOX-GLR_Meso_SOX17	ToxCast invitrodb v4.3
DED000597	7421	ATG_VDRE_CIS	ToxCast invitrodb v4.3
DED000597	7494	ATG_Xbp1_CIS	ToxCast invitrodb v4.3
DED000597	8856	ATG_PXRE_CIS|ATG_PXR_TRANS	ToxCast invitrodb v4.3
DED000597	9970	ATG_PBREM_CIS	ToxCast invitrodb v4.3
DED000597	9971	ATG_IR1_CIS	ToxCast invitrodb v4.3
DED000598	19016	ATG_mPPARg_XSP2	ToxCast invitrodb v4.3
DED000598	2099	ACEA_ER_80hr|ATG_ERE_CIS|ATG_ERa_TRANS|ATG_hERa_XSP2|CEETOX_H295R_ESTRADIOL|OT_ER_ERaERa_0480|OT_ER_ERaERa_1440|OT_ER_ERaERb_0480|OT_ER_ERaERb_1440|OT_ERa_GFPERaERE_0120|OT_ERa_GFPERaERE_0480|TOX21_ERa_BLA_Agonist_ratio|TOX21_ERa_LUC_VM7_Agonist|TOX21_ERa_LUC_VM7_Agonist_10nM_ICI182780	ToxCast invitrodb v4.3
DED000598	2100	ATG_hERb_XSP2|CEETOX_H295R_ESTRADIOL|OT_ER_ERaERb_0480|OT_ER_ERaERb_1440|OT_ER_ERbERb_0480|OT_ER_ERbERb_1440|TOX21_ERb_BLA_Agonist_ratio	ToxCast invitrodb v4.3
DED000598	2798	TOX21_GNRHR_HEK293_Agonist	ToxCast invitrodb v4.3
DED000598	2908	CEETOX_H295R_11DCORT|CEETOX_H295R_CORTISOL|CEETOX_H295R_DOC	ToxCast invitrodb v4.3
DED000598	367	ATG_hAR_XSP2|CEETOX_H295R_ANDR	ToxCast invitrodb v4.3
DED000598	4306	CEETOX_H295R_11DCORT|CEETOX_H295R_CORTISOL|CEETOX_H295R_DOC	ToxCast invitrodb v4.3
DED000598	5241	CEETOX_H295R_OHPROG|CEETOX_H295R_PROG	ToxCast invitrodb v4.3
DED000598	5465	ATG_PPRE_CIS	ToxCast invitrodb v4.3
DED000598	5467	ATG_PPRE_CIS	ToxCast invitrodb v4.3
DED000598	5468	ATG_PPARg_TRANS|ATG_PPRE_CIS|ATG_hPPARg_XSP2	ToxCast invitrodb v4.3
DED000598	8856	ATG_PXRE_CIS|TOX21_PXR_LUC_Agonist	ToxCast invitrodb v4.3
DED000599	1544	LTEA_HepaRG_CYP1A2	ToxCast invitrodb v4.3
DED000599	2099	CEETOX_H295R_ESTRADIOL_noMTC|CEETOX_H295R_ESTRONE_noMTC	ToxCast invitrodb v4.3
DED000599	2100	CEETOX_H295R_ESTRADIOL_noMTC|CEETOX_H295R_ESTRONE_noMTC	ToxCast invitrodb v4.3
DED000600	1543	LTEA_HepaRG_CYP1A1	ToxCast invitrodb v4.3
DED000600	1544	LTEA_HepaRG_CYP1A2	ToxCast invitrodb v4.3
DED000600	2099	ACEA_ER_80hr|ATG_ERa_TRANS	ToxCast invitrodb v4.3
DED000600	3014	TOX21_H2AX_HTRF_CHO_Agonist_ratio	ToxCast invitrodb v4.3
DED000600	3091	ATG_HIF1a_CIS	ToxCast invitrodb v4.3
DED000600	4780	ATG_NRF2_ARE_CIS|TOX21_ARE_BLA_Agonist_ratio|TOX21_ARE_KS_LUC_Agonist	ToxCast invitrodb v4.3
DED000600	5241	CEETOX_H295R_OHPROG	ToxCast invitrodb v4.3
DED000600	5465	ATG_PPARa_TRANS	ToxCast invitrodb v4.3
DED000600	5468	ATG_PPARg_TRANS	ToxCast invitrodb v4.3
DED000600	6256	TOX21_RXR_BLA_Agonist_ratio	ToxCast invitrodb v4.3
DED000601	2099	ATG_ERa_TRANS|ATG_hERa_XSP2|OT_ER_ERaERb_0480|TOX21_ERa_LUC_VM7_Agonist	ToxCast invitrodb v4.3
DED000601	2100	ATG_hERb_XSP2|OT_ER_ERaERb_0480|OT_ER_ERbERb_1440	ToxCast invitrodb v4.3
DED000601	3297	ATG_HSE_CIS	ToxCast invitrodb v4.3
DED000601	3659	ATG_ISRE_CIS	ToxCast invitrodb v4.3
DED000601	367	OT_AR_ARELUC_AG_1440	ToxCast invitrodb v4.3
DED000601	4609	ATG_Myc_CIS	ToxCast invitrodb v4.3
DED000601	9970	ATG_PBREM_CIS	ToxCast invitrodb v4.3
DED000602	10062	ATG_DR4_LXR_CIS	ToxCast invitrodb v4.3
DED000602	2099	ACEA_ER_80hr|ATG_ERa_TRANS|CCTE_Deisenroth_AIME_384WELL_LUC_Inactive|OT_ER_ERaERb_0480|TOX21_ERa_LUC_VM7_Agonist	ToxCast invitrodb v4.3
DED000602	2100	OT_ER_ERaERb_0480|OT_ER_ERbERb_0480|OT_ER_ERbERb_1440	ToxCast invitrodb v4.3
DED000602	2735	ATG_GLI_CIS	ToxCast invitrodb v4.3
DED000602	3091	ATG_HIF1a_CIS	ToxCast invitrodb v4.3
DED000602	3297	ATG_HSE_CIS	ToxCast invitrodb v4.3
DED000602	3659	ATG_ISRE_CIS	ToxCast invitrodb v4.3
DED000602	4086	ATG_BRE_CIS	ToxCast invitrodb v4.3
DED000602	4520	ATG_MRE_CIS	ToxCast invitrodb v4.3
DED000602	5241	CEETOX_H295R_OHPROG	ToxCast invitrodb v4.3
DED000602	6657	CCTE_Deisenroth_DEVTOX-GLR_Endo_SOX2	ToxCast invitrodb v4.3
DED000602	6862	CCTE_Deisenroth_DEVTOX-GLR_Endo_BRA	ToxCast invitrodb v4.3
DED000602	7020	ATG_AP_2_CIS	ToxCast invitrodb v4.3
DED000602	7021	ATG_AP_2_CIS	ToxCast invitrodb v4.3
DED000602	7376	ATG_DR4_LXR_CIS	ToxCast invitrodb v4.3
DED000602	7391	ATG_E_Box_CIS	ToxCast invitrodb v4.3
DED000602	83741	ATG_AP_2_CIS	ToxCast invitrodb v4.3
DED000604	116519	LTEA_HepaRG_APOA5	ToxCast invitrodb v4.3
DED000604	132	LTEA_HepaRG_ADK	ToxCast invitrodb v4.3
DED000604	1543	LTEA_HepaRG_CYP1A1	ToxCast invitrodb v4.3
DED000604	1555	LTEA_HepaRG_CYP2B6	ToxCast invitrodb v4.3
DED000604	1557	LTEA_HepaRG_CYP2C19	ToxCast invitrodb v4.3
DED000604	2308	LTEA_HepaRG_FOXO1	ToxCast invitrodb v4.3
DED000604	23089	LTEA_HepaRG_PEG10	ToxCast invitrodb v4.3
DED000604	250	LTEA_HepaRG_ALPP	ToxCast invitrodb v4.3
DED000604	3158	LTEA_HepaRG_HMGCS2	ToxCast invitrodb v4.3
DED000604	3479	LTEA_HepaRG_IGF1	ToxCast invitrodb v4.3
DED000604	367	OT_AR_ARELUC_AG_1440|TOX21_AR_BLA_Agonist_ratio	ToxCast invitrodb v4.3
DED000604	3725	LTEA_HepaRG_JUN	ToxCast invitrodb v4.3
DED000604	4609	LTEA_HepaRG_MYC	ToxCast invitrodb v4.3
DED000604	5166	LTEA_HepaRG_PDK4	ToxCast invitrodb v4.3
DED000604	5241	CEETOX_H295R_OHPREG|CEETOX_H295R_PROG	ToxCast invitrodb v4.3
DED000604	5243	LTEA_HepaRG_ABCB1	ToxCast invitrodb v4.3
DED000604	7039	LTEA_HepaRG_TGFA	ToxCast invitrodb v4.3
DED000604	7040	LTEA_HepaRG_TGFB1	ToxCast invitrodb v4.3
DED000605	1543	LTEA_HepaRG_CYP1A1	ToxCast invitrodb v4.3
DED000605	1544	LTEA_HepaRG_CYP1A2	ToxCast invitrodb v4.3
DED000605	1551	LTEA_HepaRG_CYP3A7	ToxCast invitrodb v4.3
DED000605	1558	LTEA_HepaRG_CYP2C8	ToxCast invitrodb v4.3
DED000605	196	TOX21_AhR_LUC_Agonist	ToxCast invitrodb v4.3
DED000605	2099	ACEA_ER_80hr|ATG_ERa_TRANS|CCTE_Deisenroth_AIME_384WELL_LUC_Active|CCTE_Deisenroth_AIME_384WELL_LUC_Inactive	ToxCast invitrodb v4.3
DED000605	5241	CEETOX_H295R_OHPREG	ToxCast invitrodb v4.3
DED000605	8856	TOX21_PXR_LUC_Agonist	ToxCast invitrodb v4.3
DED000605	9970	TOX21_CAR_LUC_Agonist	ToxCast invitrodb v4.3
DED000606	1557	LTEA_HepaRG_CYP2C19	ToxCast invitrodb v4.3
DED000606	1576	LTEA_HepaRG_CYP3A4	ToxCast invitrodb v4.3
DED000606	19016	ATG_mPPARg_XSP1|ATG_mPPARg_XSP2	ToxCast invitrodb v4.3
DED000606	2099	ATG_hERa_EcoTox2|ATG_hERa_XSP1|ATG_hERa_XSP2|OT_ERa_GFPERaERE_0120|TOX21_ERa_LUC_VM7_Agonist	ToxCast invitrodb v4.3
DED000606	3479	LTEA_HepaRG_IGF1	ToxCast invitrodb v4.3
DED000606	3880	LTEA_HepaRG_KRT19	ToxCast invitrodb v4.3
DED000606	5241	CEETOX_H295R_OHPREG	ToxCast invitrodb v4.3
DED000606	5243	LTEA_HepaRG_ABCB1	ToxCast invitrodb v4.3
DED000606	54658	LTEA_HepaRG_UGT1A1	ToxCast invitrodb v4.3
DED000606	5468	ATG_PPARg_TRANS|ATG_hPPARg_EcoTox2|ATG_hPPARg_XSP1|ATG_hPPARg_XSP2	ToxCast invitrodb v4.3
DED000606	7157	TOX21_p53_BLA_ms_rat_ratio	ToxCast invitrodb v4.3
DED000606	8856	ATG_PXR_TRANS|ATG_mPXR_XSP1|ATG_mPXR_XSP2	ToxCast invitrodb v4.3
DED000607	1543	LTEA_HepaRG_CYP1A1	ToxCast invitrodb v4.3
DED000607	1571	LTEA_HepaRG_CYP2E1	ToxCast invitrodb v4.3
DED000607	3303	LTEA_HepaRG_HSPA1A	ToxCast invitrodb v4.3
DED000607	4314	LTEA_HepaRG_MMP3	ToxCast invitrodb v4.3
DED000607	8856	TOX21_PXR_LUC_Agonist	ToxCast invitrodb v4.3
DED000608	2099	OT_ER_ERaERa_1440|OT_ER_ERaERb_0480|OT_ER_ERaERb_1440	ToxCast invitrodb v4.3
DED000608	2100	OT_ER_ERaERb_0480|OT_ER_ERaERb_1440	ToxCast invitrodb v4.3
DED000608	5468	ATG_PPARg_TRANS|ATG_hPPARg_XSP2	ToxCast invitrodb v4.3
DED000608	7067	ATG_hTRa_XSP1	ToxCast invitrodb v4.3
DED000608	7068	ATG_hTRb_XSP1	ToxCast invitrodb v4.3
DED000608	8856	ATG_mPXR_XSP1|ATG_mPXR_XSP2	ToxCast invitrodb v4.3
DED000609	2353	TOX21_AP1_BLA_Agonist_ratio	ToxCast invitrodb v4.3
DED000609	3725	TOX21_AP1_BLA_Agonist_ratio	ToxCast invitrodb v4.3
DED000611	196	TOX21_AhR_LUC_Agonist	ToxCast invitrodb v4.3
DED000611	2099	ACEA_ER_80hr|ATG_ERE_CIS|ATG_ERa_TRANS|ATG_hERa_XSP1|ATG_hERa_XSP2|CCTE_Deisenroth_AIME_384WELL_LUC_Active|CCTE_Deisenroth_AIME_384WELL_LUC_Inactive|OT_ER_ERaERa_0480|OT_ER_ERaERa_1440|OT_ER_ERaERb_0480|OT_ER_ERaERb_1440|OT_ERa_GFPERaERE_0120|OT_ERa_GFPERaERE_0480|TOX21_ERa_BLA_Agonist_ratio|TOX21_ERa_LUC_VM7_Agonist|TOX21_ERa_LUC_VM7_Agonist_10nM_ICI182780	ToxCast invitrodb v4.3
DED000611	2100	ATG_hERb_XSP1|ATG_hERb_XSP2|OT_ER_ERaERb_0480|OT_ER_ERaERb_1440|OT_ER_ERbERb_0480|OT_ER_ERbERb_1440|TOX21_ERb_BLA_Agonist_ratio	ToxCast invitrodb v4.3
DED000611	2101	TOX21_PGC_ERR_LUC_Agonist	ToxCast invitrodb v4.3
DED000611	3297	ATG_HSE_CIS|TOX21_HSE_BLA_Agonist_ratio	ToxCast invitrodb v4.3
DED000611	3659	ATG_ISRE_CIS	ToxCast invitrodb v4.3
DED000611	367	ACEA_AR_agonist_80hr|OT_AR_ARELUC_AG_1440|OT_AR_ARSRC1_0480|OT_AR_ARSRC1_0960|TOX21_AR_LUC_MDAKB2_Agonist_3uM_Nilutamide	ToxCast invitrodb v4.3
DED000611	4780	TOX21_ARE_BLA_Agonist_ratio|TOX21_ARE_KS_LUC_Agonist	ToxCast invitrodb v4.3
DED000611	4899	ATG_NRF1_CIS	ToxCast invitrodb v4.3
DED000611	5465	ATG_PPRE_CIS	ToxCast invitrodb v4.3
DED000611	5467	ATG_PPRE_CIS	ToxCast invitrodb v4.3
DED000611	5468	ATG_PPARg_TRANS|ATG_PPRE_CIS	ToxCast invitrodb v4.3
DED000611	5914	NVS_NR_hRARa_Agonist	ToxCast invitrodb v4.3
DED000611	6714	OT_AR_ARSRC1_0480|OT_AR_ARSRC1_0960|OT_FXR_FXRSRC1_1440	ToxCast invitrodb v4.3
DED000611	7157	TOX21_p53_BLA_p2_ratio|TOX21_p53_BLA_p3_ratio|TOX21_p53_BLA_p5_ratio	ToxCast invitrodb v4.3
DED000611	8856	TOX21_PXR_LUC_Agonist	ToxCast invitrodb v4.3
DED000611	9971	OT_FXR_FXRSRC1_1440	ToxCast invitrodb v4.3
DED000612	2099	ACEA_ER_80hr|ATG_ERa_TRANS|ATG_hERa_XSP1|ATG_hERa_XSP2|OT_ER_ERaERb_0480|OT_ERa_GFPERaERE_0120|OT_ERa_GFPERaERE_0480|TOX21_ERa_LUC_VM7_Agonist	ToxCast invitrodb v4.3
DED000612	2100	ATG_hERb_XSP1|ATG_hERb_XSP2|OT_ER_ERaERb_0480|OT_ER_ERbERb_0480|OT_ER_ERbERb_1440	ToxCast invitrodb v4.3
DED000613	3170	ATG_FoxA2_CIS	ToxCast invitrodb v4.3
DED000614	1543	LTEA_HepaRG_CYP1A1	ToxCast invitrodb v4.3
DED000614	1555	LTEA_HepaRG_CYP2B6	ToxCast invitrodb v4.3
DED000614	1559	LTEA_HepaRG_CYP2C9	ToxCast invitrodb v4.3
DED000614	1647	LTEA_HepaRG_GADD45A	ToxCast invitrodb v4.3
DED000614	1649	LTEA_HepaRG_DDIT3	ToxCast invitrodb v4.3
DED000614	2099	OT_ERa_GFPERaERE_0480|TOX21_ERa_BLA_Agonist_ratio	ToxCast invitrodb v4.3
DED000614	2168	LTEA_HepaRG_FABP1	ToxCast invitrodb v4.3
DED000614	2194	LTEA_HepaRG_FASN	ToxCast invitrodb v4.3
DED000614	22926	TOX21_ESRE_BLA_Agonist_ratio	ToxCast invitrodb v4.3
DED000614	2308	LTEA_HepaRG_FOXO1	ToxCast invitrodb v4.3
DED000614	23089	LTEA_HepaRG_PEG10	ToxCast invitrodb v4.3
DED000614	2328	LTEA_HepaRG_FMO3	ToxCast invitrodb v4.3
DED000614	2729	LTEA_HepaRG_GCLC	ToxCast invitrodb v4.3
DED000614	2798	TOX21_GNRHR_HEK293_Agonist	ToxCast invitrodb v4.3
DED000614	2908	TOX21_GR_BLA_Agonist_ratio	ToxCast invitrodb v4.3
DED000614	3014	APR_HepG2_P-H2AX_72hr|TOX21_H2AX_HTRF_CHO_Agonist_ratio	ToxCast invitrodb v4.3
DED000614	3091	TOX21_HRE_BLA_Agonist_ratio	ToxCast invitrodb v4.3
DED000614	3158	LTEA_HepaRG_HMGCS2	ToxCast invitrodb v4.3
DED000614	3297	TOX21_HSE_BLA_Agonist_ratio	ToxCast invitrodb v4.3
DED000614	355	LTEA_HepaRG_FAS	ToxCast invitrodb v4.3
DED000614	3569	LTEA_HepaRG_IL6	ToxCast invitrodb v4.3
DED000614	3570	LTEA_HepaRG_IL6R	ToxCast invitrodb v4.3
DED000614	367	OT_AR_ARSRC1_0480|OT_AR_ARSRC1_0960|UPITT_HCI_U2OS_AR_TIF2_Nucleoli_Agonist|UPITT_HCI_U2OS_AR_TIF2_Nucleoli_Cytoplasm_Ratio_Agonist	ToxCast invitrodb v4.3
DED000614	3725	APR_HepG2_StressKinase_72hr	ToxCast invitrodb v4.3
DED000614	4023	LTEA_HepaRG_LPL	ToxCast invitrodb v4.3
DED000614	4314	LTEA_HepaRG_MMP3	ToxCast invitrodb v4.3
DED000614	4319	LTEA_HepaRG_MMP10	ToxCast invitrodb v4.3
DED000614	4616	LTEA_HepaRG_GADD45B	ToxCast invitrodb v4.3
DED000614	47	LTEA_HepaRG_ACLY	ToxCast invitrodb v4.3
DED000614	51	LTEA_HepaRG_ACOX1	ToxCast invitrodb v4.3
DED000614	5243	LTEA_HepaRG_ABCB1	ToxCast invitrodb v4.3
DED000614	54658	LTEA_HepaRG_UGT1A1	ToxCast invitrodb v4.3
DED000614	5467	TOX21_PPARd_BLA_Agonist_ratio	ToxCast invitrodb v4.3
DED000614	5524	LTEA_HepaRG_PPP2R4	ToxCast invitrodb v4.3
DED000614	5728	LTEA_HepaRG_PTEN	ToxCast invitrodb v4.3
DED000614	637	LTEA_HepaRG_BID	ToxCast invitrodb v4.3
DED000614	6390	LTEA_HepaRG_SDHB	ToxCast invitrodb v4.3
DED000614	6714	OT_AR_ARSRC1_0480|OT_AR_ARSRC1_0960	ToxCast invitrodb v4.3
DED000614	6774	LTEA_HepaRG_STAT3	ToxCast invitrodb v4.3
DED000614	6822	LTEA_HepaRG_SULT2A1	ToxCast invitrodb v4.3
DED000614	7157	LTEA_HepaRG_TP53|TOX21_p53_BLA_p1_ratio|TOX21_p53_BLA_p2_ratio|TOX21_p53_BLA_p3_ratio|TOX21_p53_BLA_p4_ratio|TOX21_p53_BLA_p5_ratio|TOX21_p53_BLA_p7_ratio	ToxCast invitrodb v4.3
DED000614	7430	LTEA_HepaRG_EZR	ToxCast invitrodb v4.3
DED000614	7494	LTEA_HepaRG_XBP1	ToxCast invitrodb v4.3
DED000614	836	TOX21_CASP3_HEPG2	ToxCast invitrodb v4.3
DED000614	841	LTEA_HepaRG_CASP8	ToxCast invitrodb v4.3
DED000614	84634	TOX21_KISS1R_HEK293_Agonist|TOX21_KISS1R_HEK293_WT	ToxCast invitrodb v4.3
DED000614	847	LTEA_HepaRG_CAT	ToxCast invitrodb v4.3
DED000614	8714	LTEA_HepaRG_ABCC3	ToxCast invitrodb v4.3
DED000614	894	LTEA_HepaRG_CCND2	ToxCast invitrodb v4.3
DED000614	9429	LTEA_HepaRG_ABCG2	ToxCast invitrodb v4.3
DED000615	1555	LTEA_HepaRG_CYP2B6	ToxCast invitrodb v4.3
DED000615	2099	ACEA_ER_80hr|ATG_ERE_CIS|ATG_ERa_TRANS|ATG_hERa_XSP1|ATG_hERa_XSP2|OT_ER_ERaERa_0480|OT_ER_ERaERa_1440|OT_ER_ERaERb_0480|OT_ER_ERaERb_1440|OT_ERa_GFPERaERE_0120|OT_ERa_GFPERaERE_0480|TOX21_ERa_BLA_Agonist_ratio|TOX21_ERa_LUC_VM7_Agonist|TOX21_ERa_LUC_VM7_Agonist_10nM_ICI182780	ToxCast invitrodb v4.3
DED000615	2100	ATG_hERb_XSP1|OT_ER_ERaERb_0480|OT_ER_ERaERb_1440|OT_ER_ERbERb_0480|OT_ER_ERbERb_1440	ToxCast invitrodb v4.3
DED000615	367	UPITT_HCI_U2OS_AR_TIF2_Nucleoli_Agonist|UPITT_HCI_U2OS_AR_TIF2_Nucleoli_Cytoplasm_Ratio_Agonist	ToxCast invitrodb v4.3
DED000615	4780	ATG_NRF2_ARE_CIS	ToxCast invitrodb v4.3
DED000615	4929	OT_NURR1_NURR1RXRa_0480|OT_NURR1_NURR1RXRa_1440	ToxCast invitrodb v4.3
DED000615	5914	ATG_DR5_RAR_CIS	ToxCast invitrodb v4.3
DED000615	5915	ATG_DR5_RAR_CIS	ToxCast invitrodb v4.3
DED000615	5916	ATG_DR5_RAR_CIS	ToxCast invitrodb v4.3
DED000615	6256	OT_NURR1_NURR1RXRa_0480|OT_NURR1_NURR1RXRa_1440	ToxCast invitrodb v4.3
DED000615	6257	ATG_RXRb_TRANS	ToxCast invitrodb v4.3
DED000615	6714	OT_FXR_FXRSRC1_0480	ToxCast invitrodb v4.3
DED000615	7391	ATG_E_Box_CIS	ToxCast invitrodb v4.3
DED000615	7421	ATG_VDRE_CIS	ToxCast invitrodb v4.3
DED000615	8856	ATG_PXRE_CIS|ATG_PXR_TRANS	ToxCast invitrodb v4.3
DED000615	9971	OT_FXR_FXRSRC1_0480	ToxCast invitrodb v4.3
DED000616	1555	LTEA_HepaRG_CYP2B6	ToxCast invitrodb v4.3
DED000616	1557	LTEA_HepaRG_CYP2C19	ToxCast invitrodb v4.3
DED000616	1576	CLD_CYP3A4_24hr	ToxCast invitrodb v4.3
DED000616	1579	LTEA_HepaRG_CYP4A11	ToxCast invitrodb v4.3
DED000616	19016	ATG_mPPARg_XSP2	ToxCast invitrodb v4.3
DED000616	2099	ATG_ERa_TRANS|ATG_hERa_EcoTox2|ATG_hERa_XSP2	ToxCast invitrodb v4.3
DED000616	2100	ATG_hERb_XSP2	ToxCast invitrodb v4.3
DED000616	2168	LTEA_HepaRG_FABP1	ToxCast invitrodb v4.3
DED000616	284541	LTEA_HepaRG_CYP4A22	ToxCast invitrodb v4.3
DED000616	3158	CLD_HMGCS2_48hr	ToxCast invitrodb v4.3
DED000616	4780	TOX21_ARE_BLA_Agonist_ratio	ToxCast invitrodb v4.3
DED000616	51	LTEA_HepaRG_ACOX1	ToxCast invitrodb v4.3
DED000616	5166	LTEA_HepaRG_PDK4	ToxCast invitrodb v4.3
DED000616	5465	ATG_PPARa_TRANS|ATG_PPRE_CIS|ATG_hPPARa_EcoTox2|ERF_TW_NR_COA_hPPARA	ToxCast invitrodb v4.3
DED000616	5467	ATG_PPRE_CIS	ToxCast invitrodb v4.3
DED000616	5468	ATG_PPARg_TRANS|ATG_PPRE_CIS|ATG_hPPARg_EcoTox2|ATG_hPPARg_XSP2	ToxCast invitrodb v4.3
DED000616	6256	TOX21_RXR_BLA_Agonist_ratio	ToxCast invitrodb v4.3
DED000616	6257	ATG_RXRb_TRANS|ATG_hRXRb_EcoTox2	ToxCast invitrodb v4.3
DED000616	847	LTEA_HepaRG_CAT	ToxCast invitrodb v4.3
DED000616	8856	ATG_PXRE_CIS	ToxCast invitrodb v4.3
DED000617	2099	ATG_ERa_TRANS|TOX21_ERa_BLA_Agonist_ratio|TOX21_ERa_LUC_VM7_Agonist|TOX21_ERa_LUC_VM7_Agonist_10nM_ICI182780	ToxCast invitrodb v4.3
DED000617	2100	TOX21_ERb_BLA_Agonist_ratio	ToxCast invitrodb v4.3
DED000617	4780	ATG_NRF2_ARE_CIS|TOX21_ARE_BLA_Agonist_ratio	ToxCast invitrodb v4.3
DED000617	5468	ATG_PPARg_TRANS	ToxCast invitrodb v4.3
DED000617	8856	TOX21_PXR_LUC_Agonist	ToxCast invitrodb v4.3
DED000617	9970	TOX21_CAR_LUC_Agonist	ToxCast invitrodb v4.3
DED000618	19016	ATG_mPPARg_XSP2	ToxCast invitrodb v4.3
DED000618	2798	TOX21_GNRHR_HEK293_Agonist	ToxCast invitrodb v4.3
DED000618	3014	TOX21_H2AX_HTRF_CHO_Agonist_ratio	ToxCast invitrodb v4.3
DED000618	3172	ATG_HNF4a_TRANS	ToxCast invitrodb v4.3
DED000618	3297	ATG_HSE_CIS	ToxCast invitrodb v4.3
DED000618	4520	ATG_MRE_CIS	ToxCast invitrodb v4.3
DED000618	4929	ATG_NURR1_TRANS	ToxCast invitrodb v4.3
DED000618	5468	ATG_PPARg_TRANS|ATG_hPPARg_EcoTox2|ATG_hPPARg_XSP2	ToxCast invitrodb v4.3
DED000618	5914	ATG_DR5_RAR_CIS	ToxCast invitrodb v4.3
DED000618	5915	ATG_DR5_RAR_CIS	ToxCast invitrodb v4.3
DED000618	5916	ATG_DR5_RAR_CIS	ToxCast invitrodb v4.3
DED000618	6256	ATG_RXRa_TRANS|TOX21_RXR_BLA_Agonist_ratio	ToxCast invitrodb v4.3
DED000618	6257	ATG_RXRb_TRANS|ATG_hRXRb_EcoTox2|ATG_rtRXRb_EcoTox2	ToxCast invitrodb v4.3
DED000618	6656	ATG_Sox_CIS	ToxCast invitrodb v4.3
DED000618	7157	ATG_p53_CIS	ToxCast invitrodb v4.3
DED000618	7201	TOX21_TRHR_HEK293_Agonist	ToxCast invitrodb v4.3
DED000618	7253	TOX21_TSHR_HTRF_Agonist_ratio	ToxCast invitrodb v4.3
DED000618	7421	ATG_VDRE_CIS	ToxCast invitrodb v4.3
DED000618	836	TOX21_CASP3_CHO	ToxCast invitrodb v4.3
DED000619	22926	TOX21_ESRE_BLA_Agonist_ratio	ToxCast invitrodb v4.3
DED000619	84634	TOX21_KISS1R_HEK293_Agonist	ToxCast invitrodb v4.3
DED000620	10062	ATG_DR4_LXR_CIS	ToxCast invitrodb v4.3
DED000620	1558	LTEA_HepaRG_CYP2C8	ToxCast invitrodb v4.3
DED000620	1576	LTEA_HepaRG_CYP3A4	ToxCast invitrodb v4.3
DED000620	1958	LTEA_HepaRG_EGR1	ToxCast invitrodb v4.3
DED000620	2099	ACEA_ER_80hr|ATG_ERE_CIS|ATG_ERa_TRANS|ATG_hERa_XSP1|ATG_hERa_XSP2|OT_ER_ERaERa_0480|OT_ER_ERaERa_1440|OT_ER_ERaERb_0480|OT_ERa_GFPERaERE_0120|OT_ERa_GFPERaERE_0480|TOX21_ERa_BLA_Agonist_ratio|TOX21_ERa_LUC_VM7_Agonist	ToxCast invitrodb v4.3
DED000620	2100	OT_ER_ERaERb_0480|OT_ER_ERbERb_0480|OT_ER_ERbERb_1440	ToxCast invitrodb v4.3
DED000620	54658	LTEA_HepaRG_UGT1A1	ToxCast invitrodb v4.3
DED000620	6257	ATG_RXRb_TRANS	ToxCast invitrodb v4.3
DED000620	7253	TOX21_TSHR_HTRF_Agonist_ratio	ToxCast invitrodb v4.3
DED000620	7376	ATG_DR4_LXR_CIS	ToxCast invitrodb v4.3
DED000620	8856	ATG_PXRE_CIS|ATG_PXR_TRANS|ATG_mPXR_XSP1|ATG_mPXR_XSP2	ToxCast invitrodb v4.3
DED000620	9970	TOX21_CAR_LUC_Agonist	ToxCast invitrodb v4.3
DED000620	9971	ATG_IR1_CIS	ToxCast invitrodb v4.3
DED000622	2099	TOX21_ERa_LUC_VM7_Agonist	ToxCast invitrodb v4.3
DED000622	367	TOX21_AR_BLA_Agonist_ratio|TOX21_AR_LUC_MDAKB2_Agonist	ToxCast invitrodb v4.3
DED000623	10018	LTEA_HepaRG_BCL2L11	ToxCast invitrodb v4.3
DED000623	1026	LTEA_HepaRG_CDKN1A	ToxCast invitrodb v4.3
DED000623	1051	ATG_C_EBP_CIS	ToxCast invitrodb v4.3
DED000623	1647	LTEA_HepaRG_GADD45A	ToxCast invitrodb v4.3
DED000623	19016	ATG_mPPARg_XSP1|ATG_mPPARg_XSP2	ToxCast invitrodb v4.3
DED000623	2099	TOX21_ERa_BLA_Agonist_ratio	ToxCast invitrodb v4.3
DED000623	2194	LTEA_HepaRG_FASN	ToxCast invitrodb v4.3
DED000623	22926	TOX21_ESRE_BLA_Agonist_ratio	ToxCast invitrodb v4.3
DED000623	2308	LTEA_HepaRG_FOXO1	ToxCast invitrodb v4.3
DED000623	2353	TOX21_AP1_BLA_Agonist_ratio	ToxCast invitrodb v4.3
DED000623	250	LTEA_HepaRG_ALPP	ToxCast invitrodb v4.3
DED000623	2798	TOX21_GNRHR_HEK293_Agonist	ToxCast invitrodb v4.3
DED000623	2908	TOX21_GR_BLA_Agonist_ratio	ToxCast invitrodb v4.3
DED000623	3014	TOX21_H2AX_HTRF_CHO_Agonist_ratio	ToxCast invitrodb v4.3
DED000623	3020	APR_HepG2_MitoticArrest_72hr	ToxCast invitrodb v4.3
DED000623	3297	TOX21_HSE_BLA_Agonist_ratio	ToxCast invitrodb v4.3
DED000623	3569	LTEA_HepaRG_IL6	ToxCast invitrodb v4.3
DED000623	367	TOX21_AR_BLA_Agonist_ratio|UPITT_HCI_U2OS_AR_TIF2_Nucleoli_Agonist|UPITT_HCI_U2OS_AR_TIF2_Nucleoli_Cytoplasm_Ratio_Agonist	ToxCast invitrodb v4.3
DED000623	3725	APR_HepG2_StressKinase_24hr|TOX21_AP1_BLA_Agonist_ratio	ToxCast invitrodb v4.3
DED000623	4790	TOX21_NFkB_BLA_agonist_ratio	ToxCast invitrodb v4.3
DED000623	4929	ATG_NURR1_TRANS	ToxCast invitrodb v4.3
DED000623	5243	LTEA_HepaRG_ABCB1	ToxCast invitrodb v4.3
DED000623	5465	ATG_PPRE_CIS	ToxCast invitrodb v4.3
DED000623	5467	ATG_PPRE_CIS|TOX21_PPARd_BLA_Agonist_ratio	ToxCast invitrodb v4.3
DED000623	5468	ATG_PPARg_TRANS|ATG_PPRE_CIS|ATG_hPPARg_XSP1|ATG_hPPARg_XSP2|TOX21_PPARg_BLA_Agonist_ratio	ToxCast invitrodb v4.3
DED000623	595	LTEA_HepaRG_CCND1	ToxCast invitrodb v4.3
DED000623	596	LTEA_HepaRG_BCL2	ToxCast invitrodb v4.3
DED000623	6256	TOX21_RXR_BLA_Agonist_ratio	ToxCast invitrodb v4.3
DED000623	6257	ATG_RXRb_TRANS	ToxCast invitrodb v4.3
DED000623	6714	OT_FXR_FXRSRC1_1440	ToxCast invitrodb v4.3
DED000623	7039	LTEA_HepaRG_TGFA	ToxCast invitrodb v4.3
DED000623	7067	ATG_hTRa_XSP1	ToxCast invitrodb v4.3
DED000623	7068	ATG_hTRb_XSP1	ToxCast invitrodb v4.3
DED000623	7132	LTEA_HepaRG_TNFRSF1A	ToxCast invitrodb v4.3
DED000623	7157	APR_HepG2_p53Act_72hr|TOX21_p53_BLA_p1_ratio|TOX21_p53_BLA_p2_ratio|TOX21_p53_BLA_p3_ratio|TOX21_p53_BLA_p4_ratio|TOX21_p53_BLA_p5_ratio|TOX21_p53_BLA_p7_ratio	ToxCast invitrodb v4.3
DED000623	7201	TOX21_TRHR_HEK293_Agonist	ToxCast invitrodb v4.3
DED000623	7253	TOX21_TSHR_HTRF_Agonist_ratio|TOX21_TSHR_wt_HTRF_Agonist_ratio	ToxCast invitrodb v4.3
DED000623	84634	TOX21_KISS1R_HEK293_Agonist|TOX21_KISS1R_HEK293_WT	ToxCast invitrodb v4.3
DED000623	8837	LTEA_HepaRG_CFLAR	ToxCast invitrodb v4.3
DED000623	9971	OT_FXR_FXRSRC1_1440|TOX21_FXR_BLA_Agonist_ratio	ToxCast invitrodb v4.3
DED000624	196	TOX21_AhR_LUC_Agonist	ToxCast invitrodb v4.3
DED000624	4780	TOX21_ARE_BLA_Agonist_ratio	ToxCast invitrodb v4.3
DED000624	9970	TOX21_CAR_LUC_Agonist	ToxCast invitrodb v4.3
DED000625	2099	ATG_ERE_CIS|ATG_ERa_TRANS	ToxCast invitrodb v4.3
DED000625	7157	LTEA_HepaRG_TP53	ToxCast invitrodb v4.3
DED000625	8856	ATG_PXR_TRANS	ToxCast invitrodb v4.3
DED000626	2099	TOX21_ERa_LUC_VM7_Agonist	ToxCast invitrodb v4.3
DED000626	2101	TOX21_ERR_LUC_Agonist	ToxCast invitrodb v4.3
DED000627	1543	CLD_CYP1A1_6hr	ToxCast invitrodb v4.3
DED000627	1551	LTEA_HepaRG_CYP3A7	ToxCast invitrodb v4.3
DED000627	1555	CLD_CYP2B6_24hr|CLD_CYP2B6_48hr|CLD_CYP2B6_6hr|LTEA_HepaRG_CYP2B6	ToxCast invitrodb v4.3
DED000627	1571	LTEA_HepaRG_CYP2E1	ToxCast invitrodb v4.3
DED000627	1576	CLD_CYP3A4_24hr|CLD_CYP3A4_48hr|LTEA_HepaRG_CYP3A4	ToxCast invitrodb v4.3
DED000627	1579	LTEA_HepaRG_CYP4A11	ToxCast invitrodb v4.3
DED000627	19016	ATG_mPPARg_XSP1|ATG_mPPARg_XSP2	ToxCast invitrodb v4.3
DED000627	2099	ATG_hERa_XSP2	ToxCast invitrodb v4.3
DED000627	4780	ATG_NRF2_ARE_CIS	ToxCast invitrodb v4.3
DED000627	5468	ATG_PPARg_TRANS|ATG_hPPARg_XSP1|ATG_hPPARg_XSP2|OT_PPARg_PPARgSRC1_0480	ToxCast invitrodb v4.3
DED000627	64321	CCTE_Deisenroth_DEVTOX-GLR_Endo_SOX17|CCTE_Deisenroth_DEVTOX-GLR_Pluri_SOX17	ToxCast invitrodb v4.3
DED000627	6657	CCTE_Deisenroth_DEVTOX-GLR_Pluri_SOX2	ToxCast invitrodb v4.3
DED000627	6714	OT_PPARg_PPARgSRC1_0480	ToxCast invitrodb v4.3
DED000627	6862	CCTE_Deisenroth_DEVTOX-GLR_Endo_BRA|CCTE_Deisenroth_DEVTOX-GLR_Pluri_BRA	ToxCast invitrodb v4.3
DED000627	8856	ATG_PXRE_CIS|ATG_mPXR_XSP1|ATG_mPXR_XSP2|TOX21_PXR_LUC_Agonist	ToxCast invitrodb v4.3
DED000632	22926	TOX21_ESRE_BLA_Agonist_ratio	ToxCast invitrodb v4.3
DED000632	2353	TOX21_AP1_BLA_Agonist_ratio	ToxCast invitrodb v4.3
DED000632	3297	TOX21_HSE_BLA_Agonist_ratio	ToxCast invitrodb v4.3
DED000632	3725	TOX21_AP1_BLA_Agonist_ratio	ToxCast invitrodb v4.3
DED000632	7157	TOX21_p53_BLA_p1_ratio|TOX21_p53_BLA_p2_ratio|TOX21_p53_BLA_p4_ratio|TOX21_p53_BLA_p5_ratio	ToxCast invitrodb v4.3
DED000632	79915	TOX21_ELG1_LUC_Agonist	ToxCast invitrodb v4.3
DED000632	8856	TOX21_PXR_LUC_Agonist	ToxCast invitrodb v4.3
DED000633	2099	ACEA_ER_80hr|ATG_ERE_CIS|ATG_ERa_TRANS|CEETOX_H295R_ESTRONE|OT_ER_ERaERb_1440|OT_ERa_GFPERaERE_0480|TOX21_ERa_BLA_Agonist_ratio|TOX21_ERa_LUC_VM7_Agonist|TOX21_ERa_LUC_VM7_Agonist_10nM_ICI182780	ToxCast invitrodb v4.3
DED000633	2100	CEETOX_H295R_ESTRONE|OT_ER_ERaERb_1440|OT_ER_ERbERb_0480|OT_ER_ERbERb_1440|TOX21_ERb_BLA_Agonist_ratio	ToxCast invitrodb v4.3
DED000633	367	ACEA_AR_agonist_80hr|ATG_AR_TRANS|ATG_hAR_XSP1|ATG_hAR_XSP2|CEETOX_H295R_TESTO|OT_AR_ARELUC_AG_1440|OT_AR_ARSRC1_0480|OT_AR_ARSRC1_0960|TOX21_AR_BLA_Agonist_ratio|TOX21_AR_LUC_MDAKB2_Agonist|TOX21_AR_LUC_MDAKB2_Agonist_3uM_Nilutamide|UPITT_HCI_U2OS_AR_TIF2_Nucleoli_Agonist|UPITT_HCI_U2OS_AR_TIF2_Nucleoli_Cytoplasm_Ratio_Agonist	ToxCast invitrodb v4.3
DED000633	4780	TOX21_ARE_BLA_Agonist_ratio	ToxCast invitrodb v4.3
DED000633	5241	CEETOX_H295R_PROG|TOX21_PR_BLA_Agonist_ratio|TOX21_PR_BLA_Followup_Agonist_ratio|TOX21_PR_LUC_Followup_Agonist	ToxCast invitrodb v4.3
DED000633	54658	LTEA_HepaRG_UGT1A1	ToxCast invitrodb v4.3
DED000633	6714	OT_AR_ARSRC1_0480|OT_AR_ARSRC1_0960	ToxCast invitrodb v4.3
DED000633	6720	ATG_SREBP_CIS	ToxCast invitrodb v4.3
DED000633	6822	LTEA_HepaRG_SULT2A1	ToxCast invitrodb v4.3
DED000633	7068	ATG_hTRb_XSP2	ToxCast invitrodb v4.3
DED000633	7494	ATG_Xbp1_CIS	ToxCast invitrodb v4.3
DED000634	1544	LTEA_HepaRG_CYP1A2	ToxCast invitrodb v4.3
DED000634	2099	TOX21_ERa_LUC_VM7_Agonist	ToxCast invitrodb v4.3
DED000634	4780	TOX21_ARE_KS_LUC_Agonist	ToxCast invitrodb v4.3
DED000636	2099	TOX21_ERa_LUC_VM7_Agonist	ToxCast invitrodb v4.3
DED000637	2101	ATG_ERRa_TRANS	ToxCast invitrodb v4.3
DED000637	4929	ATG_NURR1_TRANS	ToxCast invitrodb v4.3
DED000637	5465	ATG_PPRE_CIS	ToxCast invitrodb v4.3
DED000637	5467	ATG_PPRE_CIS	ToxCast invitrodb v4.3
DED000637	5468	ATG_PPRE_CIS	ToxCast invitrodb v4.3
DED000637	6256	ATG_RXRa_TRANS	ToxCast invitrodb v4.3
DED000637	6257	ATG_RXRb_TRANS	ToxCast invitrodb v4.3
DED000637	6714	OT_FXR_FXRSRC1_0480	ToxCast invitrodb v4.3
DED000637	6862	CCTE_Deisenroth_DEVTOX-GLR_Endo_BRA	ToxCast invitrodb v4.3
DED000637	8856	ATG_PXRE_CIS	ToxCast invitrodb v4.3
DED000637	9971	OT_FXR_FXRSRC1_0480	ToxCast invitrodb v4.3
DED000638	4780	TOX21_ARE_KS_LUC_Agonist	ToxCast invitrodb v4.3
DED000639	1543	CLD_CYP1A1_24hr|CLD_CYP1A1_48hr|CLD_CYP1A1_6hr|LTEA_HepaRG_CYP1A1	ToxCast invitrodb v4.3
DED000639	1544	CLD_CYP1A2_24hr|CLD_CYP1A2_48hr|CLD_CYP1A2_6hr|LTEA_HepaRG_CYP1A2	ToxCast invitrodb v4.3
DED000639	1555	CLD_CYP2B6_24hr|CLD_CYP2B6_48hr|CLD_CYP2B6_6hr	ToxCast invitrodb v4.3
DED000639	1576	CLD_CYP3A4_24hr|CLD_CYP3A4_48hr|CLD_CYP3A4_6hr	ToxCast invitrodb v4.3
DED000639	19016	ATG_mPPARg_XSP1	ToxCast invitrodb v4.3
DED000639	2099	CEETOX_H295R_ESTRONE	ToxCast invitrodb v4.3
DED000639	2100	ATG_hERb_XSP1|CEETOX_H295R_ESTRONE	ToxCast invitrodb v4.3
DED000639	367	CEETOX_H295R_TESTO	ToxCast invitrodb v4.3
DED000639	5914	ATG_RARa_TRANS	ToxCast invitrodb v4.3
DED000639	596	LTEA_HepaRG_BCL2	ToxCast invitrodb v4.3
DED000639	7157	LTEA_HepaRG_TP53	ToxCast invitrodb v4.3
DED000639	8856	ATG_mPXR_XSP1|ATG_mPXR_XSP2	ToxCast invitrodb v4.3
DED000641	1543	CLD_CYP1A1_24hr|CLD_CYP1A1_6hr	ToxCast invitrodb v4.3
DED000641	1544	CLD_CYP1A2_24hr|CLD_CYP1A2_48hr|CLD_CYP1A2_6hr	ToxCast invitrodb v4.3
DED000641	1555	CLD_CYP2B6_24hr|CLD_CYP2B6_6hr	ToxCast invitrodb v4.3
DED000641	1576	LTEA_HepaRG_CYP3A4	ToxCast invitrodb v4.3
DED000641	19016	ATG_mPPARg_XSP1	ToxCast invitrodb v4.3
DED000641	2099	ATG_hERa_XSP2	ToxCast invitrodb v4.3
DED000641	2908	CEETOX_H295R_DOC	ToxCast invitrodb v4.3
DED000641	367	OT_AR_ARELUC_AG_1440	ToxCast invitrodb v4.3
DED000641	4306	CEETOX_H295R_DOC	ToxCast invitrodb v4.3
DED000641	7157	TOX21_p53_BLA_ms_rat_ratio	ToxCast invitrodb v4.3
DED000641	8856	ATG_PXR_TRANS	ToxCast invitrodb v4.3
DED000643	10062	ATG_LXRa_TRANS	ToxCast invitrodb v4.3
DED000643	2099	ATG_hERa_XSP2|CEETOX_H295R_ESTRADIOL|OT_ER_ERaERa_1440	ToxCast invitrodb v4.3
DED000643	2100	CEETOX_H295R_ESTRADIOL	ToxCast invitrodb v4.3
DED000643	4780	ATG_NRF2_ARE_CIS|TOX21_ARE_BLA_Agonist_ratio	ToxCast invitrodb v4.3
DED000643	6714	OT_FXR_FXRSRC1_1440	ToxCast invitrodb v4.3
DED000643	8856	ATG_PXR_TRANS|ATG_mPXR_XSP1|ATG_mPXR_XSP2|TOX21_PXR_LUC_Agonist	ToxCast invitrodb v4.3
DED000643	9971	OT_FXR_FXRSRC1_1440	ToxCast invitrodb v4.3
DED000645	2099	ACEA_ER_80hr|ATG_ERE_CIS|ATG_ERa_TRANS|CCTE_Deisenroth_AIME_384WELL_LUC_Active|CCTE_Deisenroth_AIME_384WELL_LUC_Inactive|OT_ER_ERaERa_0480|OT_ER_ERaERa_1440|OT_ER_ERaERb_0480|OT_ER_ERaERb_1440|OT_ERa_GFPERaERE_0120|OT_ERa_GFPERaERE_0480|TOX21_ERa_LUC_VM7_Agonist|TOX21_ERa_LUC_VM7_Agonist_10nM_ICI182780	ToxCast invitrodb v4.3
DED000645	2100	OT_ER_ERaERb_0480|OT_ER_ERaERb_1440|OT_ER_ERbERb_0480|OT_ER_ERbERb_1440	ToxCast invitrodb v4.3
DED000645	3091	ATG_HIF1a_CIS	ToxCast invitrodb v4.3
DED000645	4520	ATG_MRE_CIS	ToxCast invitrodb v4.3
DED000645	4780	ATG_NRF2_ARE_CIS|TOX21_ARE_BLA_Agonist_ratio	ToxCast invitrodb v4.3
DED000645	5451	ATG_Oct_MLP_CIS	ToxCast invitrodb v4.3
DED000645	6257	ATG_RXRb_TRANS	ToxCast invitrodb v4.3
DED000645	6714	OT_FXR_FXRSRC1_0480	ToxCast invitrodb v4.3
DED000645	7421	ATG_VDRE_CIS	ToxCast invitrodb v4.3
DED000645	8856	ATG_PXRE_CIS|ATG_PXR_TRANS|TOX21_PXR_LUC_Agonist	ToxCast invitrodb v4.3
DED000645	9970	ATG_PBREM_CIS|TOX21_CAR_LUC_Agonist	ToxCast invitrodb v4.3
DED000645	9971	OT_FXR_FXRSRC1_0480	ToxCast invitrodb v4.3
DED000646	2099	ATG_ERE_CIS|ATG_ERa_TRANS|ERF_TW_NR_COA_hESR1	ToxCast invitrodb v4.3
DED000646	4780	ATG_NRF2_ARE_CIS	ToxCast invitrodb v4.3
DED000646	5468	ATG_PPARg_TRANS	ToxCast invitrodb v4.3
DED000646	6257	ATG_RXRb_TRANS	ToxCast invitrodb v4.3
DED000647	2353	ATG_AP_1_CIS	ToxCast invitrodb v4.3
DED000647	3297	ATG_HSE_CIS	ToxCast invitrodb v4.3
DED000647	3725	ATG_AP_1_CIS	ToxCast invitrodb v4.3
DED000647	4086	ATG_BRE_CIS	ToxCast invitrodb v4.3
DED000647	4780	ATG_NRF2_ARE_CIS	ToxCast invitrodb v4.3
DED000647	4790	ATG_NF_kB_CIS	ToxCast invitrodb v4.3
DED000647	6095	ATG_RORE_CIS	ToxCast invitrodb v4.3
DED000647	6096	ATG_RORE_CIS	ToxCast invitrodb v4.3
DED000647	6097	ATG_RORE_CIS	ToxCast invitrodb v4.3
DED000647	6256	TOX21_RXR_BLA_Agonist_ratio	ToxCast invitrodb v4.3
DED000647	6257	ATG_RXRb_TRANS	ToxCast invitrodb v4.3
DED000647	7157	ATG_p53_CIS	ToxCast invitrodb v4.3
DED000647	7421	ATG_VDRE_CIS	ToxCast invitrodb v4.3
DED000647	9971	ATG_FXR_TRANS	ToxCast invitrodb v4.3
DED000649	10488	ATG_CRE_CIS	ToxCast invitrodb v4.3
DED000649	1958	ATG_EGR_CIS	ToxCast invitrodb v4.3
DED000649	2099	OT_ERa_GFPERaERE_0120	ToxCast invitrodb v4.3
DED000649	2101	TOX21_PGC_ERR_LUC_Agonist	ToxCast invitrodb v4.3
DED000649	3170	ATG_FoxA2_CIS	ToxCast invitrodb v4.3
DED000649	3175	ATG_HNF6_CIS	ToxCast invitrodb v4.3
DED000649	3659	ATG_ISRE_CIS	ToxCast invitrodb v4.3
DED000649	4774	ATG_NFI_CIS	ToxCast invitrodb v4.3
DED000649	4780	ERF_US_NR_hNFE2L2	ToxCast invitrodb v4.3
DED000649	6667	ATG_Sp1_CIS	ToxCast invitrodb v4.3
DED000649	6720	ATG_SREBP_CIS	ToxCast invitrodb v4.3
DED000649	7391	ATG_E_Box_CIS	ToxCast invitrodb v4.3
DED000649	7421	ATG_VDRE_CIS|ATG_VDR_TRANS	ToxCast invitrodb v4.3
DED000649	7494	ATG_Xbp1_CIS	ToxCast invitrodb v4.3
DED000649	8856	ATG_PXRE_CIS	ToxCast invitrodb v4.3
DED000649	9970	ATG_PBREM_CIS	ToxCast invitrodb v4.3
DED000650	10062	ATG_DR4_LXR_CIS	ToxCast invitrodb v4.3
DED000650	10488	ATG_CRE_CIS	ToxCast invitrodb v4.3
DED000650	1958	ATG_EGR_CIS	ToxCast invitrodb v4.3
DED000650	196	ATG_Ahr_CIS	ToxCast invitrodb v4.3
DED000650	2099	ACEA_ER_80hr|ATG_ERE_CIS|ATG_ERa_TRANS|ATG_hERa_XSP1|ATG_hERa_XSP2|OT_ER_ERaERa_0480|OT_ER_ERaERa_1440|OT_ER_ERaERb_0480|OT_ER_ERaERb_1440|OT_ERa_GFPERaERE_0120|OT_ERa_GFPERaERE_0480|TOX21_ERa_BLA_Agonist_ratio|TOX21_ERa_LUC_VM7_Agonist|TOX21_ERa_LUC_VM7_Agonist_10nM_ICI182780	ToxCast invitrodb v4.3
DED000650	2100	ATG_hERb_XSP1|ATG_hERb_XSP2|OT_ER_ERaERb_0480|OT_ER_ERaERb_1440|OT_ER_ERbERb_0480|OT_ER_ERbERb_1440	ToxCast invitrodb v4.3
DED000650	2113	ATG_Ets_CIS	ToxCast invitrodb v4.3
DED000650	2353	TOX21_AP1_BLA_Agonist_ratio	ToxCast invitrodb v4.3
DED000650	24408	NVS_LGIC_rGluNMDA_Agonist	ToxCast invitrodb v4.3
DED000650	3659	ATG_ISRE_CIS	ToxCast invitrodb v4.3
DED000650	3725	TOX21_AP1_BLA_Agonist_ratio	ToxCast invitrodb v4.3
DED000650	4780	TOX21_ARE_BLA_Agonist_ratio	ToxCast invitrodb v4.3
DED000650	4929	ATG_NURR1_TRANS	ToxCast invitrodb v4.3
DED000650	51176	ATG_TCF_b_cat_CIS	ToxCast invitrodb v4.3
DED000650	5465	ATG_PPRE_CIS	ToxCast invitrodb v4.3
DED000650	5467	ATG_PPRE_CIS	ToxCast invitrodb v4.3
DED000650	5468	ATG_PPRE_CIS	ToxCast invitrodb v4.3
DED000650	6257	ATG_RXRb_TRANS	ToxCast invitrodb v4.3
DED000650	6714	OT_FXR_FXRSRC1_0480|OT_FXR_FXRSRC1_1440	ToxCast invitrodb v4.3
DED000650	6932	ATG_TCF_b_cat_CIS	ToxCast invitrodb v4.3
DED000650	6934	ATG_TCF_b_cat_CIS	ToxCast invitrodb v4.3
DED000650	7376	ATG_DR4_LXR_CIS	ToxCast invitrodb v4.3
DED000650	7421	ATG_VDRE_CIS	ToxCast invitrodb v4.3
DED000650	83439	ATG_TCF_b_cat_CIS	ToxCast invitrodb v4.3
DED000650	8856	ATG_PXRE_CIS|ATG_PXR_TRANS	ToxCast invitrodb v4.3
DED000650	9970	TOX21_CAR_LUC_Agonist	ToxCast invitrodb v4.3
DED000650	9971	ATG_IR1_CIS|OT_FXR_FXRSRC1_0480|OT_FXR_FXRSRC1_1440	ToxCast invitrodb v4.3
DED000651	10062	ATG_DR4_LXR_CIS	ToxCast invitrodb v4.3
DED000651	10488	ATG_CRE_CIS	ToxCast invitrodb v4.3
DED000651	1551	LTEA_HepaRG_CYP3A7	ToxCast invitrodb v4.3
DED000651	1555	CLD_CYP2B6_48hr	ToxCast invitrodb v4.3
DED000651	1591	LTEA_HepaRG_CYP24A1	ToxCast invitrodb v4.3
DED000651	1869	ATG_E2F_CIS	ToxCast invitrodb v4.3
DED000651	19016	ATG_mPPARg_XSP2	ToxCast invitrodb v4.3
DED000651	196	ATG_Ahr_CIS	ToxCast invitrodb v4.3
DED000651	3014	APR_HepG2_P-H2AX_72hr	ToxCast invitrodb v4.3
DED000651	3020	APR_HepG2_MitoticArrest_72hr	ToxCast invitrodb v4.3
DED000651	3175	ATG_HNF6_CIS	ToxCast invitrodb v4.3
DED000651	3297	ATG_HSE_CIS	ToxCast invitrodb v4.3
DED000651	4086	ATG_BRE_CIS	ToxCast invitrodb v4.3
DED000651	4520	ATG_MRE_CIS	ToxCast invitrodb v4.3
DED000651	47	LTEA_HepaRG_ACLY	ToxCast invitrodb v4.3
DED000651	5080	ATG_Pax6_CIS	ToxCast invitrodb v4.3
DED000651	5465	ATG_PPRE_CIS	ToxCast invitrodb v4.3
DED000651	5467	ATG_PPRE_CIS	ToxCast invitrodb v4.3
DED000651	5468	ATG_PPARg_TRANS|ATG_PPRE_CIS|ATG_hPPARg_XSP2	ToxCast invitrodb v4.3
DED000651	5914	ATG_RARa_TRANS	ToxCast invitrodb v4.3
DED000651	6257	ATG_RXRb_TRANS	ToxCast invitrodb v4.3
DED000651	6390	LTEA_HepaRG_SDHB	ToxCast invitrodb v4.3
DED000651	7376	ATG_DR4_LXR_CIS	ToxCast invitrodb v4.3
DED000651	8856	ATG_PXRE_CIS|ATG_PXR_TRANS	ToxCast invitrodb v4.3
DED000651	9429	LTEA_HepaRG_ABCG2	ToxCast invitrodb v4.3
DED000652	2099	TOX21_ERa_BLA_Agonist_ratio|TOX21_ERa_LUC_VM7_Agonist	ToxCast invitrodb v4.3
DED000652	2353	TOX21_AP1_BLA_Agonist_ratio	ToxCast invitrodb v4.3
DED000652	367	TOX21_AR_LUC_MDAKB2_Agonist_3uM_Nilutamide	ToxCast invitrodb v4.3
DED000652	3725	TOX21_AP1_BLA_Agonist_ratio	ToxCast invitrodb v4.3
DED000652	4780	TOX21_ARE_BLA_Agonist_ratio	ToxCast invitrodb v4.3
DED000652	5241	TOX21_PR_BLA_Agonist_ratio	ToxCast invitrodb v4.3
DED000652	7157	TOX21_p53_BLA_p7_ratio	ToxCast invitrodb v4.3
DED000652	9970	TOX21_CAR_LUC_Agonist	ToxCast invitrodb v4.3
DED000654	1544	LTEA_HepaRG_CYP1A2	ToxCast invitrodb v4.3
DED000654	1558	LTEA_HepaRG_CYP2C8	ToxCast invitrodb v4.3
DED000654	1576	LTEA_HepaRG_CYP3A4	ToxCast invitrodb v4.3
DED000654	2168	LTEA_HepaRG_FABP1	ToxCast invitrodb v4.3
DED000654	2194	LTEA_HepaRG_FASN	ToxCast invitrodb v4.3
DED000654	367	CEETOX_H295R_TESTO	ToxCast invitrodb v4.3
DED000654	47	LTEA_HepaRG_ACLY	ToxCast invitrodb v4.3
DED000654	5243	LTEA_HepaRG_ABCB1	ToxCast invitrodb v4.3
DED000654	54658	LTEA_HepaRG_UGT1A1	ToxCast invitrodb v4.3
DED000654	7069	LTEA_HepaRG_THRSP	ToxCast invitrodb v4.3
DED000654	8856	ATG_PXR_TRANS|ATG_mPXR_XSP2|TOX21_PXR_LUC_Agonist	ToxCast invitrodb v4.3
DED000655	1543	LTEA_HepaRG_CYP1A1	ToxCast invitrodb v4.3
DED000655	2099	ATG_ERa_TRANS	ToxCast invitrodb v4.3
DED000655	2908	CEETOX_H295R_CORTIC	ToxCast invitrodb v4.3
DED000655	4306	CEETOX_H295R_CORTIC	ToxCast invitrodb v4.3
DED000656	2099	TOX21_ERa_LUC_VM7_Agonist	ToxCast invitrodb v4.3
DED000656	4780	TOX21_ARE_KS_LUC_Agonist	ToxCast invitrodb v4.3
DED000657	10018	LTEA_HepaRG_BCL2L11	ToxCast invitrodb v4.3
DED000657	116519	LTEA_HepaRG_APOA5	ToxCast invitrodb v4.3
DED000657	1555	LTEA_HepaRG_CYP2B6	ToxCast invitrodb v4.3
DED000657	1558	LTEA_HepaRG_CYP2C8	ToxCast invitrodb v4.3
DED000657	1576	LTEA_HepaRG_CYP3A4	ToxCast invitrodb v4.3
DED000657	1579	LTEA_HepaRG_CYP4A11	ToxCast invitrodb v4.3
DED000657	1647	LTEA_HepaRG_GADD45A	ToxCast invitrodb v4.3
DED000657	1728	LTEA_HepaRG_NQO1	ToxCast invitrodb v4.3
DED000657	174	LTEA_HepaRG_AFP	ToxCast invitrodb v4.3
DED000657	1950	LTEA_HepaRG_EGF	ToxCast invitrodb v4.3
DED000657	2099	OT_ER_ERaERa_0480|OT_ER_ERaERa_1440|OT_ER_ERaERb_0480|OT_ER_ERaERb_1440|OT_ERa_GFPERaERE_0120|OT_ERa_GFPERaERE_0480	ToxCast invitrodb v4.3
DED000657	2100	OT_ER_ERaERb_0480|OT_ER_ERaERb_1440|OT_ER_ERbERb_0480|OT_ER_ERbERb_1440	ToxCast invitrodb v4.3
DED000657	2308	LTEA_HepaRG_FOXO1	ToxCast invitrodb v4.3
DED000657	2730	LTEA_HepaRG_GCLM	ToxCast invitrodb v4.3
DED000657	2939	LTEA_HepaRG_GSTA2	ToxCast invitrodb v4.3
DED000657	3158	LTEA_HepaRG_HMGCS2	ToxCast invitrodb v4.3
DED000657	367	OT_AR_ARELUC_AG_1440	ToxCast invitrodb v4.3
DED000657	54578	LTEA_HepaRG_UGT1A6	ToxCast invitrodb v4.3
DED000657	596	LTEA_HepaRG_BCL2	ToxCast invitrodb v4.3
DED000657	637	LTEA_HepaRG_BID	ToxCast invitrodb v4.3
DED000657	6714	OT_FXR_FXRSRC1_0480|OT_FXR_FXRSRC1_1440	ToxCast invitrodb v4.3
DED000657	7132	LTEA_HepaRG_TNFRSF1A	ToxCast invitrodb v4.3
DED000657	7157	LTEA_HepaRG_TP53	ToxCast invitrodb v4.3
DED000657	7421	ATG_VDRE_CIS	ToxCast invitrodb v4.3
DED000657	7494	LTEA_HepaRG_XBP1	ToxCast invitrodb v4.3
DED000657	8714	LTEA_HepaRG_ABCC3	ToxCast invitrodb v4.3
DED000657	8856	ATG_PXRE_CIS|ATG_PXR_TRANS	ToxCast invitrodb v4.3
DED000657	894	LTEA_HepaRG_CCND2	ToxCast invitrodb v4.3
DED000657	9971	OT_FXR_FXRSRC1_0480|OT_FXR_FXRSRC1_1440	ToxCast invitrodb v4.3
DED000661	2099	TOX21_ERa_BLA_Agonist_ratio|TOX21_ERa_LUC_VM7_Agonist	ToxCast invitrodb v4.3
DED000661	367	TOX21_AR_BLA_Agonist_ratio|TOX21_AR_LUC_MDAKB2_Agonist	ToxCast invitrodb v4.3
DED000662	2099	TOX21_ERa_LUC_VM7_Agonist|TOX21_ERa_LUC_VM7_Agonist_10nM_ICI182780	ToxCast invitrodb v4.3
DED000662	4780	TOX21_ARE_BLA_Agonist_ratio	ToxCast invitrodb v4.3
DED000662	8856	TOX21_PXR_LUC_Agonist	ToxCast invitrodb v4.3
DED000665	10062	ATG_DR4_LXR_CIS	ToxCast invitrodb v4.3
DED000665	2099	ACEA_ER_80hr|ATG_ERE_CIS|ATG_ERa_TRANS|ATG_hERa_XSP1|ATG_hERa_XSP2|ERF_TW_NR_COA_hESR1|ERF_US_NR_hESR1|OT_ER_ERaERa_0480|OT_ER_ERaERa_1440|OT_ER_ERaERb_0480|OT_ER_ERaERb_1440|OT_ERa_GFPERaERE_0120|OT_ERa_GFPERaERE_0480|TOX21_ERa_BLA_Agonist_ratio|TOX21_ERa_LUC_VM7_Agonist|TOX21_ERa_LUC_VM7_Agonist_10nM_ICI182780	ToxCast invitrodb v4.3
DED000665	2100	ATG_hERb_XSP1|ATG_hERb_XSP2|OT_ER_ERaERb_0480|OT_ER_ERaERb_1440|OT_ER_ERbERb_0480|OT_ER_ERbERb_1440|TOX21_ERb_BLA_Agonist_ratio	ToxCast invitrodb v4.3
DED000665	2353	ATG_AP_1_CIS	ToxCast invitrodb v4.3
DED000665	3725	ATG_AP_1_CIS	ToxCast invitrodb v4.3
DED000665	4520	ATG_MRE_CIS	ToxCast invitrodb v4.3
DED000665	4780	ATG_NRF2_ARE_CIS|TOX21_ARE_BLA_Agonist_ratio	ToxCast invitrodb v4.3
DED000665	5080	ATG_Pax6_CIS	ToxCast invitrodb v4.3
DED000665	51176	ATG_TCF_b_cat_CIS	ToxCast invitrodb v4.3
DED000665	5451	ATG_Oct_MLP_CIS	ToxCast invitrodb v4.3
DED000665	6257	ATG_RXRb_TRANS	ToxCast invitrodb v4.3
DED000665	64321	CCTE_Deisenroth_DEVTOX-GLR_Endo_SOX17|CCTE_Deisenroth_DEVTOX-GLR_Meso_SOX17|CCTE_Deisenroth_DEVTOX-GLR_Pluri_SOX17	ToxCast invitrodb v4.3
DED000665	6656	ATG_Sox_CIS	ToxCast invitrodb v4.3
DED000665	6657	CCTE_Deisenroth_DEVTOX-GLR_Endo_SOX2|CCTE_Deisenroth_DEVTOX-GLR_Meso_SOX2|CCTE_Deisenroth_DEVTOX-GLR_Pluri_SOX2|CCTE_Deisenroth_DEVTOX-GLR_legacy_Sox2	ToxCast invitrodb v4.3
DED000665	6862	CCTE_Deisenroth_DEVTOX-GLR_Endo_BRA|CCTE_Deisenroth_DEVTOX-GLR_Pluri_BRA|CCTE_Deisenroth_DEVTOX-GLR_legacy_Bra	ToxCast invitrodb v4.3
DED000665	6932	ATG_TCF_b_cat_CIS	ToxCast invitrodb v4.3
DED000665	6934	ATG_TCF_b_cat_CIS	ToxCast invitrodb v4.3
DED000665	7068	ATG_hTRb_XSP1	ToxCast invitrodb v4.3
DED000665	7157	TOX21_p53_BLA_p1_ratio|TOX21_p53_BLA_p2_ratio|TOX21_p53_BLA_p3_ratio|TOX21_p53_BLA_p4_ratio|TOX21_p53_BLA_p5_ratio|TOX21_p53_BLA_p7_ratio	ToxCast invitrodb v4.3
DED000665	7376	ATG_DR4_LXR_CIS	ToxCast invitrodb v4.3
DED000665	7494	ATG_Xbp1_CIS	ToxCast invitrodb v4.3
DED000665	83439	ATG_TCF_b_cat_CIS	ToxCast invitrodb v4.3
DED000665	8856	ATG_PXRE_CIS|ATG_PXR_TRANS	ToxCast invitrodb v4.3
DED000665	9971	ATG_IR1_CIS	ToxCast invitrodb v4.3
DED000666	196	TOX21_AhR_LUC_Agonist	ToxCast invitrodb v4.3
DED000666	2908	CEETOX_H295R_CORTISOL	ToxCast invitrodb v4.3
DED000666	2939	LTEA_HepaRG_GSTA2	ToxCast invitrodb v4.3
DED000666	3091	ATG_HIF1a_CIS	ToxCast invitrodb v4.3
DED000666	367	CEETOX_H295R_TESTO	ToxCast invitrodb v4.3
DED000666	4306	CEETOX_H295R_CORTISOL	ToxCast invitrodb v4.3
DED000666	4780	TOX21_ARE_BLA_Agonist_ratio	ToxCast invitrodb v4.3
DED000666	51176	ATG_TCF_b_cat_CIS	ToxCast invitrodb v4.3
DED000666	5241	CEETOX_H295R_OHPREG|CEETOX_H295R_OHPROG	ToxCast invitrodb v4.3
DED000666	5451	ATG_Oct_MLP_CIS	ToxCast invitrodb v4.3
DED000666	6095	ATG_RORE_CIS	ToxCast invitrodb v4.3
DED000666	6096	ATG_RORE_CIS	ToxCast invitrodb v4.3
DED000666	6097	ATG_RORE_CIS	ToxCast invitrodb v4.3
DED000666	6720	ATG_SREBP_CIS	ToxCast invitrodb v4.3
DED000666	6862	CCTE_Deisenroth_DEVTOX-GLR_Endo_BRA	ToxCast invitrodb v4.3
DED000666	6932	ATG_TCF_b_cat_CIS	ToxCast invitrodb v4.3
DED000666	6934	ATG_TCF_b_cat_CIS	ToxCast invitrodb v4.3
DED000666	7421	ATG_VDRE_CIS	ToxCast invitrodb v4.3
DED000666	83439	ATG_TCF_b_cat_CIS	ToxCast invitrodb v4.3
DED000667	8856	ATG_PXRE_CIS|ATG_PXR_TRANS	ToxCast invitrodb v4.3
DED000668	2099	ATG_ERa_TRANS|TOX21_ERa_BLA_Agonist_ratio|TOX21_ERa_LUC_VM7_Agonist|TOX21_ERa_LUC_VM7_Agonist_10nM_ICI182780	ToxCast invitrodb v4.3
DED000668	2100	TOX21_ERb_BLA_Agonist_ratio	ToxCast invitrodb v4.3
DED000669	1958	ATG_EGR_CIS	ToxCast invitrodb v4.3
DED000669	2099	ATG_ERa_TRANS	ToxCast invitrodb v4.3
DED000669	2353	TOX21_AP1_BLA_Agonist_ratio	ToxCast invitrodb v4.3
DED000669	3297	ATG_HSE_CIS	ToxCast invitrodb v4.3
DED000669	3725	TOX21_AP1_BLA_Agonist_ratio	ToxCast invitrodb v4.3
DED000669	4780	ATG_NRF2_ARE_CIS	ToxCast invitrodb v4.3
DED000669	4790	ATG_NF_kB_CIS	ToxCast invitrodb v4.3
DED000669	5080	ATG_Pax6_CIS	ToxCast invitrodb v4.3
DED000669	5451	ATG_Oct_MLP_CIS	ToxCast invitrodb v4.3
DED000669	6720	ATG_SREBP_CIS	ToxCast invitrodb v4.3
DED000669	7157	ATG_p53_CIS	ToxCast invitrodb v4.3
DED000669	8856	ATG_PXRE_CIS|ATG_PXR_TRANS|TOX21_PXR_LUC_Agonist	ToxCast invitrodb v4.3
DED000669	9971	ATG_FXR_TRANS|ATG_IR1_CIS	ToxCast invitrodb v4.3
DED000670	196	ATG_Ahr_CIS	ToxCast invitrodb v4.3
DED000670	2099	ACEA_ER_80hr|ATG_ERa_TRANS|TOX21_ERa_LUC_VM7_Agonist	ToxCast invitrodb v4.3
DED000670	8856	TOX21_PXR_LUC_Agonist	ToxCast invitrodb v4.3
DED000671	10062	ATG_DR4_LXR_CIS	ToxCast invitrodb v4.3
DED000671	2099	ACEA_ER_80hr|ATG_ERE_CIS|ATG_ERa_TRANS|ATG_hERa_XSP2|OT_ER_ERaERa_0480|OT_ER_ERaERb_0480|OT_ER_ERaERb_1440|OT_ERa_GFPERaERE_0120|OT_ERa_GFPERaERE_0480	ToxCast invitrodb v4.3
DED000671	2100	ATG_hERb_XSP2|OT_ER_ERaERb_0480|OT_ER_ERaERb_1440|OT_ER_ERbERb_0480|OT_ER_ERbERb_1440	ToxCast invitrodb v4.3
DED000671	2101	TOX21_PGC_ERR_LUC_Agonist	ToxCast invitrodb v4.3
DED000671	2908	CEETOX_H295R_DOC	ToxCast invitrodb v4.3
DED000671	4306	CEETOX_H295R_DOC	ToxCast invitrodb v4.3
DED000671	4780	TOX21_ARE_KS_LUC_Agonist	ToxCast invitrodb v4.3
DED000671	5914	TOX21_RAR_LUC_Agonist	ToxCast invitrodb v4.3
DED000671	7067	ATG_hTRa_XSP2	ToxCast invitrodb v4.3
DED000671	7068	ATG_hTRb_XSP2	ToxCast invitrodb v4.3
DED000671	7376	ATG_DR4_LXR_CIS	ToxCast invitrodb v4.3
DED000672	10062	ATG_DR4_LXR_CIS	ToxCast invitrodb v4.3
DED000672	196	TOX21_AhR_LUC_Agonist	ToxCast invitrodb v4.3
DED000672	2099	ACEA_ER_80hr|ATG_ERE_CIS|ATG_ERa_TRANS|ATG_hERa_XSP2|CCTE_Deisenroth_AIME_96WELL_LUC_Active|CCTE_Deisenroth_AIME_96WELL_LUC_Inactive|OT_ER_ERaERa_0480|OT_ER_ERaERa_1440|OT_ER_ERaERb_0480|OT_ER_ERaERb_1440|OT_ERa_GFPERaERE_0120|OT_ERa_GFPERaERE_0480|TOX21_ERa_LUC_VM7_Agonist|TOX21_ERa_LUC_VM7_Agonist_10nM_ICI182780	ToxCast invitrodb v4.3
DED000672	2100	ATG_hERb_XSP2|OT_ER_ERaERb_0480|OT_ER_ERaERb_1440|OT_ER_ERbERb_0480|OT_ER_ERbERb_1440|TOX21_ERb_BLA_Agonist_ratio	ToxCast invitrodb v4.3
DED000672	2101	TOX21_PGC_ERR_LUC_Agonist	ToxCast invitrodb v4.3
DED000672	2908	CEETOX_H295R_DOC	ToxCast invitrodb v4.3
DED000672	3014	TOX21_H2AX_HTRF_CHO_Agonist_ratio	ToxCast invitrodb v4.3
DED000672	4306	CEETOX_H295R_DOC	ToxCast invitrodb v4.3
DED000672	4520	ATG_MRE_CIS	ToxCast invitrodb v4.3
DED000672	4780	TOX21_ARE_KS_LUC_Agonist	ToxCast invitrodb v4.3
DED000672	5465	ATG_PPARa_TRANS	ToxCast invitrodb v4.3
DED000672	5914	TOX21_RAR_LUC_Agonist	ToxCast invitrodb v4.3
DED000672	7376	ATG_DR4_LXR_CIS	ToxCast invitrodb v4.3
DED000673	1958	ATG_EGR_CIS	ToxCast invitrodb v4.3
DED000673	2099	ACEA_ER_80hr|ATG_ERE_CIS|ATG_ERa_TRANS|ATG_hERa_XSP2|OT_ER_ERaERa_0480|OT_ER_ERaERa_1440|OT_ER_ERaERb_0480|OT_ER_ERaERb_1440|OT_ERa_GFPERaERE_0120|OT_ERa_GFPERaERE_0480|TOX21_ERa_BLA_Agonist_ratio|TOX21_ERa_LUC_VM7_Agonist|TOX21_ERa_LUC_VM7_Agonist_10nM_ICI182780	ToxCast invitrodb v4.3
DED000673	2100	ATG_hERb_XSP2|OT_ER_ERaERb_0480|OT_ER_ERaERb_1440|OT_ER_ERbERb_0480|OT_ER_ERbERb_1440	ToxCast invitrodb v4.3
DED000673	2113	ATG_Ets_CIS	ToxCast invitrodb v4.3
DED000673	3297	TOX21_HSE_BLA_Agonist_ratio	ToxCast invitrodb v4.3
DED000673	4780	TOX21_ARE_BLA_Agonist_ratio	ToxCast invitrodb v4.3
DED000673	5914	ATG_DR5_RAR_CIS	ToxCast invitrodb v4.3
DED000673	5915	ATG_DR5_RAR_CIS	ToxCast invitrodb v4.3
DED000673	5916	ATG_DR5_RAR_CIS	ToxCast invitrodb v4.3
DED000673	6257	ATG_RXRb_TRANS	ToxCast invitrodb v4.3
DED000673	7157	TOX21_p53_BLA_p2_ratio|TOX21_p53_BLA_p3_ratio|TOX21_p53_BLA_p4_ratio	ToxCast invitrodb v4.3
DED000673	7421	ATG_VDRE_CIS	ToxCast invitrodb v4.3
DED000673	8856	ATG_PXR_TRANS|TOX21_PXR_LUC_Agonist	ToxCast invitrodb v4.3
DED000673	9970	ATG_PBREM_CIS	ToxCast invitrodb v4.3
DED000674	10062	ATG_DR4_LXR_CIS	ToxCast invitrodb v4.3
DED000674	19016	ATG_mPPARg_XSP2	ToxCast invitrodb v4.3
DED000674	2099	ACEA_ER_80hr|ATG_ERa_TRANS|ATG_hERa_XSP2|CEETOX_H295R_ESTRADIOL|CEETOX_H295R_ESTRONE|OT_ER_ERaERb_0480	ToxCast invitrodb v4.3
DED000674	2100	ATG_hERb_XSP2|CEETOX_H295R_ESTRADIOL|CEETOX_H295R_ESTRONE|OT_ER_ERaERb_0480|OT_ER_ERbERb_0480|OT_ER_ERbERb_1440	ToxCast invitrodb v4.3
DED000674	2101	TOX21_ERR_LUC_Agonist|TOX21_PGC_ERR_LUC_Agonist	ToxCast invitrodb v4.3
DED000674	2908	CEETOX_H295R_DOC	ToxCast invitrodb v4.3
DED000674	367	ACEA_AR_agonist_80hr|CEETOX_H295R_TESTO	ToxCast invitrodb v4.3
DED000674	4306	CEETOX_H295R_DOC	ToxCast invitrodb v4.3
DED000674	4780	TOX21_ARE_KS_LUC_Agonist	ToxCast invitrodb v4.3
DED000674	5465	ATG_PPRE_CIS	ToxCast invitrodb v4.3
DED000674	5467	ATG_PPRE_CIS	ToxCast invitrodb v4.3
DED000674	5468	ATG_PPARg_TRANS|ATG_PPRE_CIS|ATG_hPPARg_XSP2|TOX21_PPARg_BLA_Agonist_ratio	ToxCast invitrodb v4.3
DED000674	5914	TOX21_RAR_LUC_Agonist	ToxCast invitrodb v4.3
DED000674	7067	ATG_hTRa_XSP2	ToxCast invitrodb v4.3
DED000674	7376	ATG_DR4_LXR_CIS	ToxCast invitrodb v4.3
DED000674	8856	ATG_mPXR_XSP2	ToxCast invitrodb v4.3
DED000674	9971	ATG_IR1_CIS	ToxCast invitrodb v4.3
DED000675	1051	ATG_C_EBP_CIS	ToxCast invitrodb v4.3
DED000675	2099	ACEA_ER_80hr|ATG_ERE_CIS|ATG_ERa_TRANS|ATG_hERa_XSP2|CCTE_Deisenroth_AIME_96WELL_LUC_Active|CCTE_Deisenroth_AIME_96WELL_LUC_Inactive|OT_ER_ERaERb_0480|OT_ER_ERaERb_1440|TOX21_ERa_BLA_Agonist_ratio|TOX21_ERa_LUC_VM7_Agonist|TOX21_ERa_LUC_VM7_Agonist_10nM_ICI182780	ToxCast invitrodb v4.3
DED000675	2100	ATG_hERb_XSP2|OT_ER_ERaERb_0480|OT_ER_ERaERb_1440|OT_ER_ERbERb_0480|OT_ER_ERbERb_1440|TOX21_ERb_BLA_Agonist_ratio	ToxCast invitrodb v4.3
DED000675	4780	TOX21_ARE_KS_LUC_Agonist	ToxCast invitrodb v4.3
DED000675	5914	NVS_NR_hRARa_Agonist|TOX21_RAR_LUC_Agonist	ToxCast invitrodb v4.3
DED000675	9971	ATG_IR1_CIS	ToxCast invitrodb v4.3
DED000685	10018	LTEA_HepaRG_BCL2L11	ToxCast invitrodb v4.3
DED000685	1026	LTEA_HepaRG_CDKN1A	ToxCast invitrodb v4.3
DED000685	10599	LTEA_HepaRG_SLCO1B1	ToxCast invitrodb v4.3
DED000685	1244	LTEA_HepaRG_ABCC2	ToxCast invitrodb v4.3
DED000685	1559	LTEA_HepaRG_CYP2C9	ToxCast invitrodb v4.3
DED000685	1581	LTEA_HepaRG_CYP7A1	ToxCast invitrodb v4.3
DED000685	1647	LTEA_HepaRG_GADD45A	ToxCast invitrodb v4.3
DED000685	1950	LTEA_HepaRG_EGF	ToxCast invitrodb v4.3
DED000685	2168	LTEA_HepaRG_FABP1	ToxCast invitrodb v4.3
DED000685	2309	LTEA_HepaRG_FOXO3	ToxCast invitrodb v4.3
DED000685	2729	LTEA_HepaRG_GCLC	ToxCast invitrodb v4.3
DED000685	3479	LTEA_HepaRG_IGF1	ToxCast invitrodb v4.3
DED000685	3570	LTEA_HepaRG_IL6R	ToxCast invitrodb v4.3
DED000685	4023	LTEA_HepaRG_LPL	ToxCast invitrodb v4.3
DED000685	406906	LTEA_HepaRG_MIR122	ToxCast invitrodb v4.3
DED000685	4780	LTEA_HepaRG_NFE2L2	ToxCast invitrodb v4.3
DED000685	4790	LTEA_HepaRG_NFKB1	ToxCast invitrodb v4.3
DED000685	5166	LTEA_HepaRG_PDK4	ToxCast invitrodb v4.3
DED000685	6390	LTEA_HepaRG_SDHB	ToxCast invitrodb v4.3
DED000685	7069	LTEA_HepaRG_THRSP	ToxCast invitrodb v4.3
DED000685	7132	LTEA_HepaRG_TNFRSF1A	ToxCast invitrodb v4.3
DED000685	7494	LTEA_HepaRG_XBP1	ToxCast invitrodb v4.3
DED000685	8837	LTEA_HepaRG_CFLAR	ToxCast invitrodb v4.3
DED000685	8856	ATG_PXR_TRANS	ToxCast invitrodb v4.3
DED000685	9429	LTEA_HepaRG_ABCG2	ToxCast invitrodb v4.3
DED000688	1958	ATG_EGR_CIS	ToxCast invitrodb v4.3
DED000688	2099	ATG_ERE_CIS|CEETOX_H295R_ESTRONE	ToxCast invitrodb v4.3
DED000688	2100	CEETOX_H295R_ESTRONE	ToxCast invitrodb v4.3
DED000688	2908	CEETOX_H295R_11DCORT	ToxCast invitrodb v4.3
DED000688	3014	TOX21_H2AX_HTRF_CHO_Agonist_ratio	ToxCast invitrodb v4.3
DED000688	3297	TOX21_HSE_BLA_Agonist_ratio	ToxCast invitrodb v4.3
DED000688	4306	CEETOX_H295R_11DCORT	ToxCast invitrodb v4.3
DED000688	47	LTEA_HepaRG_ACLY	ToxCast invitrodb v4.3
DED000688	4780	ATG_NRF2_ARE_CIS|TOX21_ARE_BLA_Agonist_ratio	ToxCast invitrodb v4.3
DED000688	5241	CEETOX_H295R_PROG	ToxCast invitrodb v4.3
DED000688	6720	ATG_SREBP_CIS	ToxCast invitrodb v4.3
DED000688	7421	ATG_VDRE_CIS	ToxCast invitrodb v4.3
DED000688	8856	ATG_PXR_TRANS	ToxCast invitrodb v4.3
DED000690	10488	ATG_CRE_CIS	ToxCast invitrodb v4.3
DED000690	1543	LTEA_HepaRG_CYP1A1	ToxCast invitrodb v4.3
DED000690	19016	ATG_mPPARg_XSP2	ToxCast invitrodb v4.3
DED000690	2099	OT_ERa_GFPERaERE_0120|OT_ERa_GFPERaERE_0480	ToxCast invitrodb v4.3
DED000690	2353	ATG_AP_1_CIS	ToxCast invitrodb v4.3
DED000690	2623	ATG_GATA_CIS	ToxCast invitrodb v4.3
DED000690	3014	APR_HepG2_P-H2AX_72hr|TOX21_H2AX_HTRF_CHO_Agonist_ratio	ToxCast invitrodb v4.3
DED000690	3020	APR_HepG2_MitoticArrest_24hr|APR_HepG2_MitoticArrest_72hr	ToxCast invitrodb v4.3
DED000690	3091	ATG_HIF1a_CIS	ToxCast invitrodb v4.3
DED000690	3297	ATG_HSE_CIS|TOX21_HSE_BLA_Agonist_ratio	ToxCast invitrodb v4.3
DED000690	3659	ATG_ISRE_CIS	ToxCast invitrodb v4.3
DED000690	367	OT_AR_ARSRC1_0480|OT_AR_ARSRC1_0960|TOX21_AR_BLA_Agonist_ratio|UPITT_HCI_U2OS_AR_TIF2_Nucleoli_Agonist|UPITT_HCI_U2OS_AR_TIF2_Nucleoli_Cytoplasm_Ratio_Agonist	ToxCast invitrodb v4.3
DED000690	3725	APR_HepG2_StressKinase_24hr|ATG_AP_1_CIS	ToxCast invitrodb v4.3
DED000690	4086	ATG_BRE_CIS	ToxCast invitrodb v4.3
DED000690	51176	ATG_TCF_b_cat_CIS	ToxCast invitrodb v4.3
DED000690	5468	ATG_hPPARg_XSP2	ToxCast invitrodb v4.3
DED000690	6656	ATG_Sox_CIS	ToxCast invitrodb v4.3
DED000690	6667	ATG_Sp1_CIS	ToxCast invitrodb v4.3
DED000690	6714	OT_AR_ARSRC1_0480|OT_AR_ARSRC1_0960	ToxCast invitrodb v4.3
DED000690	6932	ATG_TCF_b_cat_CIS	ToxCast invitrodb v4.3
DED000690	6934	ATG_TCF_b_cat_CIS	ToxCast invitrodb v4.3
DED000690	7157	ATG_p53_CIS|TOX21_p53_BLA_ms_rat_ratio	ToxCast invitrodb v4.3
DED000690	7253	TOX21_TSHR_HTRF_Agonist_ratio	ToxCast invitrodb v4.3
DED000690	7391	ATG_E_Box_CIS	ToxCast invitrodb v4.3
DED000690	7846	APR_HepG2_MicrotubuleCSK_24hr|APR_HepG2_MicrotubuleCSK_72hr	ToxCast invitrodb v4.3
DED000690	79915	TOX21_ELG1_LUC_Agonist	ToxCast invitrodb v4.3
DED000690	83439	ATG_TCF_b_cat_CIS	ToxCast invitrodb v4.3
DED000690	836	TOX21_CASP3_HEPG2	ToxCast invitrodb v4.3
DED000690	84634	TOX21_KISS1R_HEK293_WT	ToxCast invitrodb v4.3
DED000690	8856	ATG_PXR_TRANS	ToxCast invitrodb v4.3
DED000690	9970	ATG_PBREM_CIS	ToxCast invitrodb v4.3
DED000691	1555	LTEA_HepaRG_CYP2B6	ToxCast invitrodb v4.3
DED000694	1543	LTEA_HepaRG_CYP1A1	ToxCast invitrodb v4.3
DED000694	2099	TOX21_ERa_LUC_VM7_Agonist	ToxCast invitrodb v4.3
DED000694	6256	TOX21_RXR_BLA_Agonist_ratio	ToxCast invitrodb v4.3
DED000698	2099	ACEA_ER_80hr|ATG_ERE_CIS|OT_ER_ERaERa_0480|OT_ER_ERaERb_0480|TOX21_ERa_LUC_VM7_Agonist	ToxCast invitrodb v4.3
DED000698	2100	OT_ER_ERaERb_0480|OT_ER_ERbERb_0480|OT_ER_ERbERb_1440	ToxCast invitrodb v4.3
DED000698	2101	TOX21_ERR_LUC_Agonist|TOX21_PGC_ERR_LUC_Agonist	ToxCast invitrodb v4.3
DED000698	4780	TOX21_ARE_KS_LUC_Agonist	ToxCast invitrodb v4.3
DED000698	5914	TOX21_RAR_LUC_Agonist	ToxCast invitrodb v4.3
DED000699	196	TOX21_AhR_LUC_Agonist	ToxCast invitrodb v4.3
DED000699	2099	ATG_ERa_TRANS|OT_ER_ERaERb_1440	ToxCast invitrodb v4.3
DED000699	2100	OT_ER_ERaERb_1440	ToxCast invitrodb v4.3
DED000699	2908	CEETOX_H295R_CORTIC	ToxCast invitrodb v4.3
DED000699	367	CEETOX_H295R_ANDR	ToxCast invitrodb v4.3
DED000699	4306	CEETOX_H295R_CORTIC	ToxCast invitrodb v4.3
DED000699	6714	OT_FXR_FXRSRC1_1440	ToxCast invitrodb v4.3
DED000699	9971	OT_FXR_FXRSRC1_1440	ToxCast invitrodb v4.3
DED000700	1543	LTEA_HepaRG_CYP1A1	ToxCast invitrodb v4.3
DED000700	196	ATG_Ahr_CIS|TOX21_AhR_LUC_Agonist	ToxCast invitrodb v4.3
DED000700	2099	TOX21_ERa_LUC_VM7_Agonist	ToxCast invitrodb v4.3
DED000700	2101	TOX21_ERR_LUC_Agonist|TOX21_PGC_ERR_LUC_Agonist	ToxCast invitrodb v4.3
DED000700	2194	LTEA_HepaRG_FASN	ToxCast invitrodb v4.3
DED000700	4780	TOX21_ARE_KS_LUC_Agonist	ToxCast invitrodb v4.3
DED000700	5166	LTEA_HepaRG_PDK4	ToxCast invitrodb v4.3
DED000700	54658	LTEA_HepaRG_UGT1A1	ToxCast invitrodb v4.3
DED000700	5914	TOX21_RAR_LUC_Agonist	ToxCast invitrodb v4.3
DED000700	9970	TOX21_CAR_LUC_Agonist	ToxCast invitrodb v4.3
DED000701	116519	LTEA_HepaRG_APOA5	ToxCast invitrodb v4.3
DED000701	581	LTEA_HepaRG_BAX	ToxCast invitrodb v4.3
DED000704	1544	LTEA_HepaRG_CYP1A2	ToxCast invitrodb v4.3
DED000704	196	TOX21_AhR_LUC_Agonist	ToxCast invitrodb v4.3
DED000704	2099	ATG_ERa_TRANS|CCTE_Deisenroth_AIME_384WELL_LUC_Active|CCTE_Deisenroth_AIME_384WELL_LUC_Inactive	ToxCast invitrodb v4.3
DED000704	2168	LTEA_HepaRG_FABP1	ToxCast invitrodb v4.3
DED000704	2908	CEETOX_H295R_CORTISOL	ToxCast invitrodb v4.3
DED000704	3014	TOX21_H2AX_HTRF_CHO_Agonist_ratio	ToxCast invitrodb v4.3
DED000704	4306	CEETOX_H295R_CORTISOL	ToxCast invitrodb v4.3
DED000704	54658	LTEA_HepaRG_UGT1A1	ToxCast invitrodb v4.3
DED000704	8856	TOX21_PXR_LUC_Agonist	ToxCast invitrodb v4.3
DED000704	9970	TOX21_CAR_LUC_Agonist	ToxCast invitrodb v4.3
DED000707	196	TOX21_AhR_LUC_Agonist	ToxCast invitrodb v4.3
DED000707	4929	OT_NURR1_NURR1RXRa_1440	ToxCast invitrodb v4.3
DED000707	6256	OT_NURR1_NURR1RXRa_1440	ToxCast invitrodb v4.3
DED000707	6714	OT_FXR_FXRSRC1_1440	ToxCast invitrodb v4.3
DED000707	9971	OT_FXR_FXRSRC1_1440	ToxCast invitrodb v4.3
DED000709	367	OT_AR_ARELUC_AG_1440	ToxCast invitrodb v4.3
DED000711	1555	LTEA_HepaRG_CYP2B6	ToxCast invitrodb v4.3
DED000711	1559	LTEA_HepaRG_CYP2C9	ToxCast invitrodb v4.3
DED000711	1571	LTEA_HepaRG_CYP2E1	ToxCast invitrodb v4.3
DED000711	174	LTEA_HepaRG_AFP	ToxCast invitrodb v4.3
DED000711	2099	OT_ER_ERaERa_1440	ToxCast invitrodb v4.3
DED000711	250	LTEA_HepaRG_ALPP	ToxCast invitrodb v4.3
DED000711	3091	LTEA_HepaRG_HIF1A	ToxCast invitrodb v4.3
DED000711	3158	LTEA_HepaRG_HMGCS2	ToxCast invitrodb v4.3
DED000711	3880	LTEA_HepaRG_KRT19	ToxCast invitrodb v4.3
DED000711	4780	TOX21_ARE_KS_LUC_Agonist	ToxCast invitrodb v4.3
DED000711	6256	TOX21_RXR_BLA_Agonist_ratio	ToxCast invitrodb v4.3
DED000711	6580	LTEA_HepaRG_SLC22A1	ToxCast invitrodb v4.3
DED000711	6822	LTEA_HepaRG_SULT2A1	ToxCast invitrodb v4.3
DED000711	8647	LTEA_HepaRG_ABCB11	ToxCast invitrodb v4.3
DED000713	1555	LTEA_HepaRG_CYP2B6	ToxCast invitrodb v4.3
DED000713	5241	CEETOX_H295R_OHPROG	ToxCast invitrodb v4.3
DED000713	7157	TOX21_p53_BLA_ms_rat_ratio	ToxCast invitrodb v4.3
DED000713	8856	TOX21_PXR_LUC_Agonist	ToxCast invitrodb v4.3
DED000713	9970	TOX21_CAR_LUC_Agonist	ToxCast invitrodb v4.3
DED000715	2308	LTEA_HepaRG_FOXO1	ToxCast invitrodb v4.3
DED000715	2353	TOX21_AP1_BLA_Agonist_ratio	ToxCast invitrodb v4.3
DED000715	3014	APR_HepG2_P-H2AX_1hr	ToxCast invitrodb v4.3
DED000715	367	UPITT_HCI_U2OS_AR_TIF2_Nucleoli_Agonist	ToxCast invitrodb v4.3
DED000715	3725	TOX21_AP1_BLA_Agonist_ratio	ToxCast invitrodb v4.3
DED000715	4023	LTEA_HepaRG_LPL	ToxCast invitrodb v4.3
DED000715	7157	TOX21_p53_BLA_p1_ratio|TOX21_p53_BLA_p2_ratio|TOX21_p53_BLA_p3_ratio	ToxCast invitrodb v4.3
DED000716	367	OT_AR_ARSRC1_0960|UPITT_HCI_U2OS_AR_TIF2_Nucleoli_Agonist	ToxCast invitrodb v4.3
DED000716	6714	OT_AR_ARSRC1_0960	ToxCast invitrodb v4.3
DED000716	84634	TOX21_KISS1R_HEK293_Agonist	ToxCast invitrodb v4.3
DED000716	8856	TOX21_PXR_LUC_Agonist	ToxCast invitrodb v4.3
DED000717	4780	TOX21_ARE_BLA_Agonist_ratio|TOX21_ARE_KS_LUC_Agonist	ToxCast invitrodb v4.3
DED000717	8856	TOX21_PXR_LUC_Agonist	ToxCast invitrodb v4.3
DED000718	2099	ATG_ERa_TRANS	ToxCast invitrodb v4.3
DED000718	3170	ATG_FoxA2_CIS	ToxCast invitrodb v4.3
DED000718	4790	ATG_NF_kB_CIS	ToxCast invitrodb v4.3
DED000718	5080	ATG_Pax6_CIS	ToxCast invitrodb v4.3
DED000718	6257	ATG_RXRb_TRANS	ToxCast invitrodb v4.3
DED000718	8856	TOX21_PXR_LUC_Agonist	ToxCast invitrodb v4.3
DED000722	1051	ATG_C_EBP_CIS	ToxCast invitrodb v4.3
DED000722	367	UPITT_HCI_U2OS_AR_TIF2_Nucleoli_Agonist|UPITT_HCI_U2OS_AR_TIF2_Nucleoli_Cytoplasm_Ratio_Agonist	ToxCast invitrodb v4.3
DED000722	4929	ATG_NURR1_TRANS	ToxCast invitrodb v4.3
DED000722	5465	ATG_PPRE_CIS	ToxCast invitrodb v4.3
DED000722	5467	ATG_PPRE_CIS	ToxCast invitrodb v4.3
DED000722	5468	ATG_PPARg_TRANS|ATG_PPRE_CIS	ToxCast invitrodb v4.3
DED000722	6256	ATG_RXRa_TRANS|TOX21_RXR_BLA_Agonist_ratio|TOX21_TR_RXR_BLA_Agonist_Followup_ratio	ToxCast invitrodb v4.3
DED000722	6257	ATG_RXRb_TRANS	ToxCast invitrodb v4.3
DED000722	6720	ATG_SREBP_CIS	ToxCast invitrodb v4.3
DED000722	7421	ATG_VDRE_CIS	ToxCast invitrodb v4.3
DED000722	836	TOX21_CASP3_HEPG2	ToxCast invitrodb v4.3
DED000722	9971	ATG_IR1_CIS	ToxCast invitrodb v4.3
DED000723	1544	CLD_CYP1A2_6hr	ToxCast invitrodb v4.3
DED000723	1551	LTEA_HepaRG_CYP3A7	ToxCast invitrodb v4.3
DED000723	1555	CLD_CYP2B6_48hr	ToxCast invitrodb v4.3
DED000723	1571	LTEA_HepaRG_CYP2E1	ToxCast invitrodb v4.3
DED000723	1576	CLD_CYP3A4_48hr|LTEA_HepaRG_CYP3A4	ToxCast invitrodb v4.3
DED000723	1579	LTEA_HepaRG_CYP4A11	ToxCast invitrodb v4.3
DED000723	2099	TOX21_ERa_BLA_Agonist_ratio	ToxCast invitrodb v4.3
DED000723	2100	OT_ER_ERbERb_1440	ToxCast invitrodb v4.3
DED000723	2168	LTEA_HepaRG_FABP1	ToxCast invitrodb v4.3
DED000723	2908	TOX21_GR_BLA_Agonist_ratio	ToxCast invitrodb v4.3
DED000723	3297	TOX21_HSE_BLA_Agonist_ratio	ToxCast invitrodb v4.3
DED000723	367	OT_AR_ARSRC1_0480|TOX21_AR_BLA_Agonist_ratio	ToxCast invitrodb v4.3
DED000723	4023	LTEA_HepaRG_LPL	ToxCast invitrodb v4.3
DED000723	4319	LTEA_HepaRG_MMP10	ToxCast invitrodb v4.3
DED000723	4609	LTEA_HepaRG_MYC	ToxCast invitrodb v4.3
DED000723	4780	ATG_NRF2_ARE_CIS	ToxCast invitrodb v4.3
DED000723	4929	OT_NURR1_NURR1RXRa_0480	ToxCast invitrodb v4.3
DED000723	5166	LTEA_HepaRG_PDK4	ToxCast invitrodb v4.3
DED000723	5451	ATG_Oct_MLP_CIS	ToxCast invitrodb v4.3
DED000723	5467	TOX21_PPARd_BLA_Agonist_ratio	ToxCast invitrodb v4.3
DED000723	581	LTEA_HepaRG_BAX	ToxCast invitrodb v4.3
DED000723	5914	NVS_NR_hRARa_Agonist	ToxCast invitrodb v4.3
DED000723	595	LTEA_HepaRG_CCND1	ToxCast invitrodb v4.3
DED000723	6256	OT_NURR1_NURR1RXRa_0480	ToxCast invitrodb v4.3
DED000723	6714	OT_AR_ARSRC1_0480	ToxCast invitrodb v4.3
DED000723	6822	CLD_SULT2A_6hr	ToxCast invitrodb v4.3
DED000723	7069	LTEA_HepaRG_THRSP	ToxCast invitrodb v4.3
DED000723	7157	TOX21_p53_BLA_p1_ratio|TOX21_p53_BLA_p3_ratio|TOX21_p53_BLA_p4_ratio|TOX21_p53_BLA_p5_ratio	ToxCast invitrodb v4.3
DED000723	79915	TOX21_ELG1_LUC_Agonist	ToxCast invitrodb v4.3
DED000723	8647	CLD_ABCB11_6hr	ToxCast invitrodb v4.3
DED000723	8837	LTEA_HepaRG_CFLAR	ToxCast invitrodb v4.3
DED000723	8856	ATG_PXRE_CIS|ATG_PXR_TRANS	ToxCast invitrodb v4.3
DED000723	9429	CLD_ABCG2_6hr	ToxCast invitrodb v4.3
DED000725	10018	LTEA_HepaRG_BCL2L11	ToxCast invitrodb v4.3
DED000725	10912	LTEA_HepaRG_GADD45G	ToxCast invitrodb v4.3
DED000725	1543	LTEA_HepaRG_CYP1A1	ToxCast invitrodb v4.3
DED000725	2099	TOX21_ERa_LUC_VM7_Agonist	ToxCast invitrodb v4.3
DED000725	250	LTEA_HepaRG_ALPP	ToxCast invitrodb v4.3
DED000725	3014	TOX21_H2AX_HTRF_CHO_Agonist_ratio	ToxCast invitrodb v4.3
DED000725	3091	TOX21_HRE_BLA_Agonist_ratio	ToxCast invitrodb v4.3
DED000725	355	LTEA_HepaRG_FAS	ToxCast invitrodb v4.3
DED000725	367	TOX21_AR_BLA_Agonist_ratio|UPITT_HCI_U2OS_AR_TIF2_Nucleoli_Agonist|UPITT_HCI_U2OS_AR_TIF2_Nucleoli_Cytoplasm_Ratio_Agonist	ToxCast invitrodb v4.3
DED000725	4616	LTEA_HepaRG_GADD45B	ToxCast invitrodb v4.3
DED000725	7069	LTEA_HepaRG_THRSP	ToxCast invitrodb v4.3
DED000725	7157	TOX21_p53_BLA_p1_ratio|TOX21_p53_BLA_p3_ratio|TOX21_p53_BLA_p4_ratio	ToxCast invitrodb v4.3
DED000725	7253	CCTE_Deisenroth_TSHR_2D_Antag_TG_PROT	ToxCast invitrodb v4.3
DED000725	836	TOX21_CASP3_CHO	ToxCast invitrodb v4.3
DED000725	8647	LTEA_HepaRG_ABCB11	ToxCast invitrodb v4.3
DED000728	3014	TOX21_H2AX_HTRF_CHO_Agonist_ratio	ToxCast invitrodb v4.3
DED000728	7157	TOX21_p53_BLA_p1_ratio|TOX21_p53_BLA_p2_ratio|TOX21_p53_BLA_p3_ratio	ToxCast invitrodb v4.3
DED000731	1051	ATG_C_EBP_CIS	ToxCast invitrodb v4.3
DED000731	116519	LTEA_HepaRG_APOA5	ToxCast invitrodb v4.3
DED000731	1543	CLD_CYP1A1_48hr	ToxCast invitrodb v4.3
DED000731	1555	CLD_CYP2B6_6hr	ToxCast invitrodb v4.3
DED000731	1571	LTEA_HepaRG_CYP2E1	ToxCast invitrodb v4.3
DED000731	1581	LTEA_HepaRG_CYP7A1	ToxCast invitrodb v4.3
DED000731	19016	ATG_mPPARg_XSP2	ToxCast invitrodb v4.3
DED000731	196	TOX21_AhR_LUC_Agonist	ToxCast invitrodb v4.3
DED000731	2099	ATG_ERa_TRANS	ToxCast invitrodb v4.3
DED000731	2100	ATG_hERb_XSP1	ToxCast invitrodb v4.3
DED000731	2353	TOX21_AP1_BLA_Agonist_ratio	ToxCast invitrodb v4.3
DED000731	3091	ATG_HIF1a_CIS	ToxCast invitrodb v4.3
DED000731	3479	LTEA_HepaRG_IGF1	ToxCast invitrodb v4.3
DED000731	3725	TOX21_AP1_BLA_Agonist_ratio	ToxCast invitrodb v4.3
DED000731	4780	ATG_NRF2_ARE_CIS|TOX21_ARE_BLA_Agonist_ratio	ToxCast invitrodb v4.3
DED000731	51	LTEA_HepaRG_ACOX1	ToxCast invitrodb v4.3
DED000731	5468	ATG_PPARg_TRANS|ATG_hPPARg_XSP1|ATG_hPPARg_XSP2	ToxCast invitrodb v4.3
DED000731	6714	OT_FXR_FXRSRC1_0480|OT_FXR_FXRSRC1_1440	ToxCast invitrodb v4.3
DED000731	6720	ATG_SREBP_CIS	ToxCast invitrodb v4.3
DED000731	6822	CLD_SULT2A_48hr	ToxCast invitrodb v4.3
DED000731	7253	TOX21_TSHR_HTRF_Agonist_ratio	ToxCast invitrodb v4.3
DED000731	8856	ATG_PXR_TRANS|ATG_mPXR_XSP1|TOX21_PXR_LUC_Agonist	ToxCast invitrodb v4.3
DED000731	9970	ATG_PBREM_CIS|TOX21_CAR_LUC_Agonist	ToxCast invitrodb v4.3
DED000731	9971	OT_FXR_FXRSRC1_0480|OT_FXR_FXRSRC1_1440	ToxCast invitrodb v4.3
DED000733	196	TOX21_AhR_LUC_Agonist	ToxCast invitrodb v4.3
DED000733	2099	TOX21_ERa_LUC_VM7_Agonist	ToxCast invitrodb v4.3
DED000733	4780	TOX21_ARE_KS_LUC_Agonist	ToxCast invitrodb v4.3
DED000733	7157	TOX21_p53_BLA_ms_human_ratio|TOX21_p53_BLA_ms_rat_ratio	ToxCast invitrodb v4.3
DED000733	8856	TOX21_PXR_LUC_Agonist	ToxCast invitrodb v4.3
DED000733	9970	TOX21_CAR_LUC_Agonist	ToxCast invitrodb v4.3
DED000736	1543	CLD_CYP1A1_6hr	ToxCast invitrodb v4.3
DED000736	1544	CLD_CYP1A2_48hr	ToxCast invitrodb v4.3
DED000736	1555	CLD_CYP2B6_24hr|CLD_CYP2B6_48hr|CLD_CYP2B6_6hr	ToxCast invitrodb v4.3
DED000736	1576	CLD_CYP3A4_24hr	ToxCast invitrodb v4.3
DED000736	174	LTEA_HepaRG_AFP	ToxCast invitrodb v4.3
DED000736	2308	LTEA_HepaRG_FOXO1	ToxCast invitrodb v4.3
DED000736	284541	LTEA_HepaRG_CYP4A22	ToxCast invitrodb v4.3
DED000736	3158	CLD_HMGCS2_48hr	ToxCast invitrodb v4.3
DED000736	4023	LTEA_HepaRG_LPL	ToxCast invitrodb v4.3
DED000736	5166	LTEA_HepaRG_PDK4	ToxCast invitrodb v4.3
DED000736	5465	ATG_PPARa_TRANS|ATG_PPRE_CIS	ToxCast invitrodb v4.3
DED000736	54658	CLD_UGT1A1_48hr	ToxCast invitrodb v4.3
DED000736	5467	ATG_PPRE_CIS	ToxCast invitrodb v4.3
DED000736	5468	ATG_PPARg_TRANS|ATG_PPRE_CIS	ToxCast invitrodb v4.3
DED000736	6580	LTEA_HepaRG_SLC22A1	ToxCast invitrodb v4.3
DED000736	6714	OT_FXR_FXRSRC1_0480	ToxCast invitrodb v4.3
DED000736	8647	LTEA_HepaRG_ABCB11	ToxCast invitrodb v4.3
DED000736	9971	OT_FXR_FXRSRC1_0480	ToxCast invitrodb v4.3
DED000738	2908	CEETOX_H295R_DOC	ToxCast invitrodb v4.3
DED000738	4306	CEETOX_H295R_DOC	ToxCast invitrodb v4.3
DED000738	5241	CEETOX_H295R_OHPROG	ToxCast invitrodb v4.3
DED000738	5914	ATG_DR5_RAR_CIS	ToxCast invitrodb v4.3
DED000738	5915	ATG_DR5_RAR_CIS	ToxCast invitrodb v4.3
DED000738	5916	ATG_DR5_RAR_CIS	ToxCast invitrodb v4.3
DED000739	4780	ATG_NRF2_ARE_CIS	ToxCast invitrodb v4.3
DED000739	8856	ATG_PXR_TRANS	ToxCast invitrodb v4.3
DED000741	1543	CLD_CYP1A1_24hr|CLD_CYP1A1_48hr	ToxCast invitrodb v4.3
DED000741	1544	CLD_CYP1A2_24hr|CLD_CYP1A2_48hr	ToxCast invitrodb v4.3
DED000741	1555	CLD_CYP2B6_24hr|CLD_CYP2B6_48hr	ToxCast invitrodb v4.3
DED000741	1576	CLD_CYP3A4_24hr|CLD_CYP3A4_48hr	ToxCast invitrodb v4.3
DED000741	5243	CLD_ABCB1_24hr|CLD_ABCB1_48hr	ToxCast invitrodb v4.3
DED000741	5914	ATG_RARa_TRANS	ToxCast invitrodb v4.3
DED000741	6714	OT_FXR_FXRSRC1_0480	ToxCast invitrodb v4.3
DED000741	9971	OT_FXR_FXRSRC1_0480	ToxCast invitrodb v4.3
DED000742	10488	ATG_CRE_CIS	ToxCast invitrodb v4.3
DED000742	2308	ATG_FoxO_CIS	ToxCast invitrodb v4.3
DED000742	2309	ATG_FoxO_CIS	ToxCast invitrodb v4.3
DED000742	2353	TOX21_AP1_BLA_Agonist_ratio	ToxCast invitrodb v4.3
DED000742	3091	ATG_HIF1a_CIS	ToxCast invitrodb v4.3
DED000742	3725	TOX21_AP1_BLA_Agonist_ratio	ToxCast invitrodb v4.3
DED000742	4780	TOX21_ARE_KS_LUC_Agonist	ToxCast invitrodb v4.3
DED000742	5451	ATG_Oct_MLP_CIS	ToxCast invitrodb v4.3
DED000742	7157	TOX21_p53_BLA_p2_ratio|TOX21_p53_BLA_p3_ratio	ToxCast invitrodb v4.3
DED000742	7421	ATG_VDRE_CIS	ToxCast invitrodb v4.3
DED000742	8856	ATG_PXRE_CIS|ATG_PXR_TRANS|TOX21_PXR_LUC_Agonist	ToxCast invitrodb v4.3
DED000744	2099	ACEA_ER_80hr|ATG_ERE_CIS|ATG_ERa_TRANS	ToxCast invitrodb v4.3
DED000744	9970	ATG_CAR_TRANS	ToxCast invitrodb v4.3
DED000747	2099	TOX21_ERa_LUC_VM7_Agonist|TOX21_ERa_LUC_VM7_Agonist_10nM_ICI182780	ToxCast invitrodb v4.3
DED000747	4780	TOX21_ARE_BLA_Agonist_ratio	ToxCast invitrodb v4.3
DED000748	10018	LTEA_HepaRG_BCL2L11	ToxCast invitrodb v4.3
DED000748	116519	LTEA_HepaRG_APOA5	ToxCast invitrodb v4.3
DED000748	1950	LTEA_HepaRG_EGF	ToxCast invitrodb v4.3
DED000748	2308	LTEA_HepaRG_FOXO1	ToxCast invitrodb v4.3
DED000748	250	LTEA_HepaRG_ALPP	ToxCast invitrodb v4.3
DED000748	3082	LTEA_HepaRG_HGF	ToxCast invitrodb v4.3
DED000748	3479	LTEA_HepaRG_IGF1	ToxCast invitrodb v4.3
DED000748	3484	LTEA_HepaRG_IGFBP1	ToxCast invitrodb v4.3
DED000748	367	OT_AR_ARSRC1_0480|OT_AR_ARSRC1_0960	ToxCast invitrodb v4.3
DED000748	3990	LTEA_HepaRG_LIPC	ToxCast invitrodb v4.3
DED000748	637	LTEA_HepaRG_BID	ToxCast invitrodb v4.3
DED000748	6714	OT_AR_ARSRC1_0480|OT_AR_ARSRC1_0960	ToxCast invitrodb v4.3
DED000748	7157	LTEA_HepaRG_TP53	ToxCast invitrodb v4.3
DED000748	841	LTEA_HepaRG_CASP8	ToxCast invitrodb v4.3
DED000748	8856	ATG_PXRE_CIS	ToxCast invitrodb v4.3
DED000748	894	LTEA_HepaRG_CCND2	ToxCast invitrodb v4.3
DED000750	1555	CLD_CYP2B6_24hr|CLD_CYP2B6_48hr|CLD_CYP2B6_6hr|LTEA_HepaRG_CYP2B6	ToxCast invitrodb v4.3
DED000750	1576	CLD_CYP3A4_24hr|CLD_CYP3A4_48hr	ToxCast invitrodb v4.3
DED000750	4780	ATG_NRF2_ARE_CIS	ToxCast invitrodb v4.3
DED000750	54658	CLD_UGT1A1_48hr	ToxCast invitrodb v4.3
DED000750	6714	OT_FXR_FXRSRC1_1440	ToxCast invitrodb v4.3
DED000750	9971	OT_FXR_FXRSRC1_1440	ToxCast invitrodb v4.3
DED000751	2099	TOX21_ERa_LUC_VM7_Agonist	ToxCast invitrodb v4.3
DED000751	8856	TOX21_PXR_LUC_Agonist	ToxCast invitrodb v4.3
DED000754	5468	ATG_PPARg_TRANS	ToxCast invitrodb v4.3
DED000754	8856	ATG_PXR_TRANS	ToxCast invitrodb v4.3
DED000763	1551	LTEA_HepaRG_CYP3A7	ToxCast invitrodb v4.3
DED000763	1558	LTEA_HepaRG_CYP2C8	ToxCast invitrodb v4.3
DED000763	1576	LTEA_HepaRG_CYP3A4	ToxCast invitrodb v4.3
DED000763	5241	TOX21_PR_BLA_Agonist_ratio	ToxCast invitrodb v4.3
DED000763	54658	LTEA_HepaRG_UGT1A1	ToxCast invitrodb v4.3
DED000766	3297	TOX21_HSE_BLA_Agonist_ratio	ToxCast invitrodb v4.3
DED000766	4780	TOX21_ARE_BLA_Agonist_ratio	ToxCast invitrodb v4.3
DED000768	2099	TOX21_ERa_BLA_Agonist_ratio|TOX21_ERa_LUC_VM7_Agonist|TOX21_ERa_LUC_VM7_Agonist_10nM_ICI182780	ToxCast invitrodb v4.3
DED000768	2100	TOX21_ERb_BLA_Agonist_ratio	ToxCast invitrodb v4.3
DED000768	7157	TOX21_p53_BLA_p1_ratio|TOX21_p53_BLA_p3_ratio|TOX21_p53_BLA_p4_ratio|TOX21_p53_BLA_p7_ratio	ToxCast invitrodb v4.3
DED000771	196	TOX21_AhR_LUC_Agonist	ToxCast invitrodb v4.3
DED000771	6256	TOX21_RXR_BLA_Agonist_ratio	ToxCast invitrodb v4.3
DED000771	8856	TOX21_PXR_LUC_Agonist	ToxCast invitrodb v4.3
DED000774	1244	LTEA_HepaRG_ABCC2	ToxCast invitrodb v4.3
DED000774	132	LTEA_HepaRG_ADK	ToxCast invitrodb v4.3
DED000774	1543	CLD_CYP1A1_24hr|CLD_CYP1A1_6hr	ToxCast invitrodb v4.3
DED000774	1544	CLD_CYP1A2_24hr	ToxCast invitrodb v4.3
DED000774	1555	CLD_CYP2B6_24hr|CLD_CYP2B6_6hr|LTEA_HepaRG_CYP2B6	ToxCast invitrodb v4.3
DED000774	1576	CLD_CYP3A4_24hr|CLD_CYP3A4_6hr	ToxCast invitrodb v4.3
DED000774	1647	LTEA_HepaRG_GADD45A	ToxCast invitrodb v4.3
DED000774	1958	LTEA_HepaRG_EGR1	ToxCast invitrodb v4.3
DED000774	2099	OT_ERa_GFPERaERE_0480|TOX21_ERa_BLA_Agonist_ratio	ToxCast invitrodb v4.3
DED000774	22926	TOX21_ESRE_BLA_Agonist_ratio	ToxCast invitrodb v4.3
DED000774	23089	LTEA_HepaRG_PEG10	ToxCast invitrodb v4.3
DED000774	2353	TOX21_AP1_BLA_Agonist_ratio	ToxCast invitrodb v4.3
DED000774	2798	TOX21_GNRHR_HEK293_Agonist	ToxCast invitrodb v4.3
DED000774	2908	TOX21_GR_BLA_Agonist_ratio	ToxCast invitrodb v4.3
DED000774	3091	TOX21_HRE_BLA_Agonist_ratio	ToxCast invitrodb v4.3
DED000774	3158	CLD_HMGCS2_6hr	ToxCast invitrodb v4.3
DED000774	3297	TOX21_HSE_BLA_Agonist_ratio	ToxCast invitrodb v4.3
DED000774	3570	LTEA_HepaRG_IL6R	ToxCast invitrodb v4.3
DED000774	367	OT_AR_ARSRC1_0960|TOX21_AR_BLA_Agonist_ratio	ToxCast invitrodb v4.3
DED000774	3725	TOX21_AP1_BLA_Agonist_ratio	ToxCast invitrodb v4.3
DED000774	3880	LTEA_HepaRG_KRT19	ToxCast invitrodb v4.3
DED000774	4780	ATG_NRF2_ARE_CIS	ToxCast invitrodb v4.3
DED000774	4790	TOX21_NFkB_BLA_agonist_ratio	ToxCast invitrodb v4.3
DED000774	4929	ATG_NURR1_TRANS	ToxCast invitrodb v4.3
DED000774	5465	ATG_PPRE_CIS	ToxCast invitrodb v4.3
DED000774	5467	ATG_PPRE_CIS|TOX21_PPARd_BLA_Agonist_ratio	ToxCast invitrodb v4.3
DED000774	5468	ATG_PPARg_TRANS|ATG_PPRE_CIS|TOX21_PPARg_BLA_Agonist_ratio	ToxCast invitrodb v4.3
DED000774	595	LTEA_HepaRG_CCND1	ToxCast invitrodb v4.3
DED000774	6257	ATG_RXRb_TRANS	ToxCast invitrodb v4.3
DED000774	6714	OT_AR_ARSRC1_0960	ToxCast invitrodb v4.3
DED000774	6822	CLD_SULT2A_24hr|CLD_SULT2A_6hr	ToxCast invitrodb v4.3
DED000774	7157	TOX21_p53_BLA_p1_ratio|TOX21_p53_BLA_p2_ratio|TOX21_p53_BLA_p3_ratio|TOX21_p53_BLA_p4_ratio|TOX21_p53_BLA_p5_ratio|TOX21_p53_BLA_p7_ratio	ToxCast invitrodb v4.3
DED000774	7201	TOX21_TRHR_HEK293_Agonist	ToxCast invitrodb v4.3
DED000774	836	TOX21_CASP3_CHO|TOX21_CASP3_HEPG2	ToxCast invitrodb v4.3
DED000774	841	LTEA_HepaRG_CASP8	ToxCast invitrodb v4.3
DED000774	84634	TOX21_KISS1R_HEK293_Agonist|TOX21_KISS1R_HEK293_WT	ToxCast invitrodb v4.3
DED000774	8647	CLD_ABCB11_24hr|CLD_ABCB11_6hr	ToxCast invitrodb v4.3
DED000774	8837	LTEA_HepaRG_CFLAR	ToxCast invitrodb v4.3
DED000774	9429	CLD_ABCG2_24hr	ToxCast invitrodb v4.3
DED000774	9971	ATG_IR1_CIS|TOX21_FXR_BLA_Agonist_ratio	ToxCast invitrodb v4.3
DED000776	1543	CLD_CYP1A1_24hr|CLD_CYP1A1_48hr	ToxCast invitrodb v4.3
DED000776	1544	CLD_CYP1A2_24hr|CLD_CYP1A2_48hr	ToxCast invitrodb v4.3
DED000776	1551	LTEA_HepaRG_CYP3A7	ToxCast invitrodb v4.3
DED000776	1555	CLD_CYP2B6_24hr|CLD_CYP2B6_48hr|CLD_CYP2B6_6hr	ToxCast invitrodb v4.3
DED000776	1557	LTEA_HepaRG_CYP2C19	ToxCast invitrodb v4.3
DED000776	1558	LTEA_HepaRG_CYP2C8	ToxCast invitrodb v4.3
DED000776	1571	LTEA_HepaRG_CYP2E1	ToxCast invitrodb v4.3
DED000776	1576	CLD_CYP3A4_48hr|LTEA_HepaRG_CYP3A4	ToxCast invitrodb v4.3
DED000776	1579	LTEA_HepaRG_CYP4A11	ToxCast invitrodb v4.3
DED000776	2099	ATG_hERa_XSP1|ATG_hERa_XSP2	ToxCast invitrodb v4.3
DED000776	2100	ATG_hERb_XSP1	ToxCast invitrodb v4.3
DED000776	2168	LTEA_HepaRG_FABP1	ToxCast invitrodb v4.3
DED000776	284541	LTEA_HepaRG_CYP4A22	ToxCast invitrodb v4.3
DED000776	2908	CEETOX_H295R_DOC	ToxCast invitrodb v4.3
DED000776	3479	LTEA_HepaRG_IGF1	ToxCast invitrodb v4.3
DED000776	367	OT_AR_ARSRC1_0480|OT_AR_ARSRC1_0960|TOX21_AR_LUC_MDAKB2_Agonist|TOX21_AR_LUC_MDAKB2_Agonist_3uM_Nilutamide|UPITT_HCI_U2OS_AR_TIF2_Nucleoli_Agonist|UPITT_HCI_U2OS_AR_TIF2_Nucleoli_Cytoplasm_Ratio_Agonist	ToxCast invitrodb v4.3
DED000776	4306	CEETOX_H295R_DOC	ToxCast invitrodb v4.3
DED000776	47	LTEA_HepaRG_ACLY	ToxCast invitrodb v4.3
DED000776	5241	CEETOX_H295R_PROG	ToxCast invitrodb v4.3
DED000776	5243	LTEA_HepaRG_ABCB1	ToxCast invitrodb v4.3
DED000776	6714	OT_AR_ARSRC1_0480|OT_AR_ARSRC1_0960	ToxCast invitrodb v4.3
DED000776	8856	ATG_PXR_TRANS|ATG_mPXR_XSP1|ATG_mPXR_XSP2|TOX21_PXR_LUC_Agonist	ToxCast invitrodb v4.3
DED000780	250	LTEA_HepaRG_ALPP	ToxCast invitrodb v4.3
DED000780	4023	LTEA_HepaRG_LPL	ToxCast invitrodb v4.3
DED000780	8856	ATG_PXRE_CIS	ToxCast invitrodb v4.3
DED000785	10018	LTEA_HepaRG_BCL2L11	ToxCast invitrodb v4.3
DED000785	10912	LTEA_HepaRG_GADD45G	ToxCast invitrodb v4.3
DED000785	116519	LTEA_HepaRG_APOA5	ToxCast invitrodb v4.3
DED000785	132	LTEA_HepaRG_ADK	ToxCast invitrodb v4.3
DED000785	1544	LTEA_HepaRG_CYP1A2	ToxCast invitrodb v4.3
DED000785	1555	LTEA_HepaRG_CYP2B6	ToxCast invitrodb v4.3
DED000785	1557	LTEA_HepaRG_CYP2C19	ToxCast invitrodb v4.3
DED000785	1558	LTEA_HepaRG_CYP2C8	ToxCast invitrodb v4.3
DED000785	1571	LTEA_HepaRG_CYP2E1	ToxCast invitrodb v4.3
DED000785	1577	LTEA_HepaRG_CYP3A5	ToxCast invitrodb v4.3
DED000785	1647	LTEA_HepaRG_GADD45A	ToxCast invitrodb v4.3
DED000785	174	LTEA_HepaRG_AFP	ToxCast invitrodb v4.3
DED000785	1958	ATG_EGR_CIS	ToxCast invitrodb v4.3
DED000785	2099	OT_ERa_GFPERaERE_0120|OT_ERa_GFPERaERE_0480|TOX21_ERa_BLA_Agonist_ratio	ToxCast invitrodb v4.3
DED000785	2168	LTEA_HepaRG_FABP1	ToxCast invitrodb v4.3
DED000785	2308	LTEA_HepaRG_FOXO1	ToxCast invitrodb v4.3
DED000785	2328	LTEA_HepaRG_FMO3	ToxCast invitrodb v4.3
DED000785	2353	TOX21_AP1_BLA_Agonist_ratio	ToxCast invitrodb v4.3
DED000785	2729	LTEA_HepaRG_GCLC	ToxCast invitrodb v4.3
DED000785	2730	LTEA_HepaRG_GCLM	ToxCast invitrodb v4.3
DED000785	2798	TOX21_GNRHR_HEK293_Agonist	ToxCast invitrodb v4.3
DED000785	284541	LTEA_HepaRG_CYP4A22	ToxCast invitrodb v4.3
DED000785	2908	TOX21_GR_BLA_Agonist_ratio	ToxCast invitrodb v4.3
DED000785	2939	LTEA_HepaRG_GSTA2	ToxCast invitrodb v4.3
DED000785	3158	LTEA_HepaRG_HMGCS2	ToxCast invitrodb v4.3
DED000785	3297	TOX21_HSE_BLA_Agonist_ratio	ToxCast invitrodb v4.3
DED000785	3303	LTEA_HepaRG_HSPA1A	ToxCast invitrodb v4.3
DED000785	3484	LTEA_HepaRG_IGFBP1	ToxCast invitrodb v4.3
DED000785	367	TOX21_AR_BLA_Agonist_ratio	ToxCast invitrodb v4.3
DED000785	3725	APR_HepG2_StressKinase_24hr|LTEA_HepaRG_JUN|TOX21_AP1_BLA_Agonist_ratio	ToxCast invitrodb v4.3
DED000785	3880	LTEA_HepaRG_KRT19	ToxCast invitrodb v4.3
DED000785	4023	LTEA_HepaRG_LPL	ToxCast invitrodb v4.3
DED000785	4314	LTEA_HepaRG_MMP3	ToxCast invitrodb v4.3
DED000785	4319	LTEA_HepaRG_MMP10	ToxCast invitrodb v4.3
DED000785	4929	OT_NURR1_NURR1RXRa_1440	ToxCast invitrodb v4.3
DED000785	51	LTEA_HepaRG_ACOX1	ToxCast invitrodb v4.3
DED000785	5243	LTEA_HepaRG_ABCB1	ToxCast invitrodb v4.3
DED000785	54578	LTEA_HepaRG_UGT1A6	ToxCast invitrodb v4.3
DED000785	5467	TOX21_PPARd_BLA_Agonist_ratio	ToxCast invitrodb v4.3
DED000785	572	LTEA_HepaRG_BAD	ToxCast invitrodb v4.3
DED000785	5728	LTEA_HepaRG_PTEN	ToxCast invitrodb v4.3
DED000785	6256	OT_NURR1_NURR1RXRa_1440	ToxCast invitrodb v4.3
DED000785	6257	ATG_RXRb_TRANS	ToxCast invitrodb v4.3
DED000785	6714	OT_FXR_FXRSRC1_1440	ToxCast invitrodb v4.3
DED000785	6774	LTEA_HepaRG_STAT3	ToxCast invitrodb v4.3
DED000785	6822	LTEA_HepaRG_SULT2A1	ToxCast invitrodb v4.3
DED000785	7039	LTEA_HepaRG_TGFA	ToxCast invitrodb v4.3
DED000785	7132	LTEA_HepaRG_TNFRSF1A	ToxCast invitrodb v4.3
DED000785	7157	LTEA_HepaRG_TP53|TOX21_p53_BLA_ms_human_ratio|TOX21_p53_BLA_p2_ratio|TOX21_p53_BLA_p4_ratio|TOX21_p53_BLA_p5_ratio|TOX21_p53_BLA_p7_ratio	ToxCast invitrodb v4.3
DED000785	7201	TOX21_TRHR_HEK293_Agonist	ToxCast invitrodb v4.3
DED000785	7253	TOX21_TSHR_HTRF_Agonist_ratio|TOX21_TSHR_wt_HTRF_Agonist_ratio	ToxCast invitrodb v4.3
DED000785	7494	LTEA_HepaRG_XBP1	ToxCast invitrodb v4.3
DED000785	836	LTEA_HepaRG_CASP3	ToxCast invitrodb v4.3
DED000785	841	LTEA_HepaRG_CASP8	ToxCast invitrodb v4.3
DED000785	84634	TOX21_KISS1R_HEK293_Agonist|TOX21_KISS1R_HEK293_WT	ToxCast invitrodb v4.3
DED000785	847	LTEA_HepaRG_CAT	ToxCast invitrodb v4.3
DED000785	8714	LTEA_HepaRG_ABCC3	ToxCast invitrodb v4.3
DED000785	8837	LTEA_HepaRG_CFLAR	ToxCast invitrodb v4.3
DED000785	9971	OT_FXR_FXRSRC1_1440|TOX21_FXR_BLA_Agonist_ratio	ToxCast invitrodb v4.3
DED000794	2099	ATG_ERa_TRANS	ToxCast invitrodb v4.3
DED000794	2101	TOX21_PGC_ERR_LUC_Agonist	ToxCast invitrodb v4.3
DED000795	4780	TOX21_ARE_BLA_Agonist_ratio	ToxCast invitrodb v4.3
DED000796	1555	LTEA_HepaRG_CYP2B6	ToxCast invitrodb v4.3
DED000799	4609	ATG_Myc_CIS	ToxCast invitrodb v4.3
DED000799	4780	TOX21_ARE_BLA_Agonist_ratio	ToxCast invitrodb v4.3
DED000799	7494	ATG_Xbp1_CIS	ToxCast invitrodb v4.3
DED000800	1551	LTEA_HepaRG_CYP3A7	ToxCast invitrodb v4.3
DED000800	1555	LTEA_HepaRG_CYP2B6	ToxCast invitrodb v4.3
DED000800	1571	LTEA_HepaRG_CYP2E1	ToxCast invitrodb v4.3
DED000800	9429	LTEA_HepaRG_ABCG2	ToxCast invitrodb v4.3
DED000803	4780	TOX21_ARE_BLA_Agonist_ratio	ToxCast invitrodb v4.3
DED000804	79915	TOX21_ELG1_LUC_Agonist	ToxCast invitrodb v4.3
DED000805	1244	LTEA_HepaRG_ABCC2	ToxCast invitrodb v4.3
DED000805	1555	LTEA_HepaRG_CYP2B6	ToxCast invitrodb v4.3
DED000805	1557	LTEA_HepaRG_CYP2C19	ToxCast invitrodb v4.3
DED000805	1571	LTEA_HepaRG_CYP2E1	ToxCast invitrodb v4.3
DED000805	1576	LTEA_HepaRG_CYP3A4	ToxCast invitrodb v4.3
DED000805	2099	ACEA_ER_80hr	ToxCast invitrodb v4.3
DED000805	2908	TOX21_GR_BLA_Agonist_ratio	ToxCast invitrodb v4.3
DED000805	367	ACEA_AR_agonist_80hr|TOX21_AR_BLA_Agonist_ratio|TOX21_AR_LUC_MDAKB2_Agonist	ToxCast invitrodb v4.3
DED000805	54658	LTEA_HepaRG_UGT1A1	ToxCast invitrodb v4.3
DED000805	64321	CCTE_Deisenroth_DEVTOX-GLR_Endo_SOX17|CCTE_Deisenroth_DEVTOX-GLR_Pluri_SOX17|CCTE_Deisenroth_DEVTOX-GLR_legacy_Sox17	ToxCast invitrodb v4.3
DED000805	6657	CCTE_Deisenroth_DEVTOX-GLR_Endo_SOX2|CCTE_Deisenroth_DEVTOX-GLR_Pluri_SOX2	ToxCast invitrodb v4.3
DED000805	6714	OT_FXR_FXRSRC1_1440	ToxCast invitrodb v4.3
DED000805	6862	CCTE_Deisenroth_DEVTOX-GLR_Pluri_BRA|CCTE_Deisenroth_DEVTOX-GLR_legacy_Bra	ToxCast invitrodb v4.3
DED000805	8856	TOX21_PXR_LUC_Agonist	ToxCast invitrodb v4.3
DED000805	9971	OT_FXR_FXRSRC1_1440	ToxCast invitrodb v4.3
DED000806	2798	TOX21_GNRHR_HEK293_Agonist	ToxCast invitrodb v4.3
DED000806	3297	TOX21_HSE_BLA_Agonist_ratio	ToxCast invitrodb v4.3
DED000806	7157	TOX21_p53_BLA_p1_ratio|TOX21_p53_BLA_p3_ratio	ToxCast invitrodb v4.3
DED000807	1543	LTEA_HepaRG_CYP1A1	ToxCast invitrodb v4.3
DED000807	2099	TOX21_ERa_LUC_VM7_Agonist	ToxCast invitrodb v4.3
DED000807	5166	LTEA_HepaRG_PDK4	ToxCast invitrodb v4.3
DED000807	5465	ATG_PPARa_TRANS	ToxCast invitrodb v4.3
DED000809	2099	ATG_ERa_TRANS|OT_ER_ERaERb_0480	ToxCast invitrodb v4.3
DED000809	2100	OT_ER_ERaERb_0480	ToxCast invitrodb v4.3
DED000810	1544	LTEA_HepaRG_CYP1A2	ToxCast invitrodb v4.3
DED000810	1571	LTEA_HepaRG_CYP2E1	ToxCast invitrodb v4.3
DED000810	1579	LTEA_HepaRG_CYP4A11	ToxCast invitrodb v4.3
DED000810	1958	LTEA_HepaRG_EGR1	ToxCast invitrodb v4.3
DED000810	2099	ATG_ERa_TRANS	ToxCast invitrodb v4.3
DED000810	2328	LTEA_HepaRG_FMO3	ToxCast invitrodb v4.3
DED000810	284541	LTEA_HepaRG_CYP4A22	ToxCast invitrodb v4.3
DED000810	3014	TOX21_H2AX_HTRF_CHO_Agonist_ratio	ToxCast invitrodb v4.3
DED000810	3158	LTEA_HepaRG_HMGCS2	ToxCast invitrodb v4.3
DED000810	4023	LTEA_HepaRG_LPL	ToxCast invitrodb v4.3
DED000810	4780	TOX21_ARE_BLA_Agonist_ratio	ToxCast invitrodb v4.3
DED000810	5524	LTEA_HepaRG_PPP2R4	ToxCast invitrodb v4.3
DED000810	6256	TOX21_RXR_BLA_Agonist_ratio	ToxCast invitrodb v4.3
DED000810	64321	CCTE_Deisenroth_DEVTOX-GLR_Ecto_SOX17|CCTE_Deisenroth_DEVTOX-GLR_Meso_SOX17	ToxCast invitrodb v4.3
DED000810	6657	CCTE_Deisenroth_DEVTOX-GLR_Endo_SOX2|CCTE_Deisenroth_DEVTOX-GLR_Meso_SOX2|CCTE_Deisenroth_DEVTOX-GLR_legacy_Sox2	ToxCast invitrodb v4.3
DED000810	6720	ATG_SREBP_CIS	ToxCast invitrodb v4.3
DED000810	6862	CCTE_Deisenroth_DEVTOX-GLR_Endo_BRA|CCTE_Deisenroth_DEVTOX-GLR_legacy_Bra	ToxCast invitrodb v4.3
DED000810	847	LTEA_HepaRG_CAT	ToxCast invitrodb v4.3
DED000810	8647	LTEA_HepaRG_ABCB11	ToxCast invitrodb v4.3
DED000810	8856	TOX21_PXR_LUC_Agonist	ToxCast invitrodb v4.3
DED000812	8856	TOX21_PXR_LUC_Agonist	ToxCast invitrodb v4.3
DED000813	3014	TOX21_H2AX_HTRF_CHO_Agonist_ratio	ToxCast invitrodb v4.3
DED000815	8856	ATG_mPXR_XSP1	ToxCast invitrodb v4.3
DED000816	7157	TOX21_p53_BLA_ms_rat_ratio	ToxCast invitrodb v4.3
DED000817	10062	ATG_DR4_LXR_CIS|ATG_LXRa_TRANS	ToxCast invitrodb v4.3
DED000817	2099	ATG_ERa_TRANS	ToxCast invitrodb v4.3
DED000817	367	ACEA_AR_agonist_80hr	ToxCast invitrodb v4.3
DED000817	4780	TOX21_ARE_KS_LUC_Agonist	ToxCast invitrodb v4.3
DED000817	5468	ATG_PPARg_TRANS	ToxCast invitrodb v4.3
DED000817	6257	ATG_RXRb_TRANS	ToxCast invitrodb v4.3
DED000817	7376	ATG_DR4_LXR_CIS|ATG_LXRb_TRANS	ToxCast invitrodb v4.3
DED000817	7421	ATG_VDRE_CIS	ToxCast invitrodb v4.3
DED000817	8856	ATG_PXRE_CIS|ATG_PXR_TRANS	ToxCast invitrodb v4.3
DED000817	9970	TOX21_CAR_LUC_Agonist	ToxCast invitrodb v4.3
DED000817	9971	ATG_IR1_CIS	ToxCast invitrodb v4.3
DED000819	367	TOX21_AR_LUC_MDAKB2_Agonist	ToxCast invitrodb v4.3
DED000820	2099	ATG_ERa_TRANS|OT_ER_ERaERb_0480|OT_ER_ERaERb_1440	ToxCast invitrodb v4.3
DED000820	2100	OT_ER_ERaERb_0480|OT_ER_ERaERb_1440|OT_ER_ERbERb_0480|OT_ER_ERbERb_1440	ToxCast invitrodb v4.3
DED000820	6714	OT_FXR_FXRSRC1_1440	ToxCast invitrodb v4.3
DED000820	8856	ATG_PXRE_CIS	ToxCast invitrodb v4.3
DED000820	9971	OT_FXR_FXRSRC1_1440	ToxCast invitrodb v4.3
DED000822	4780	TOX21_ARE_KS_LUC_Agonist	ToxCast invitrodb v4.3
DED000823	8856	ATG_PXR_TRANS	ToxCast invitrodb v4.3
DED000824	4086	ATG_BRE_CIS	ToxCast invitrodb v4.3
DED000824	7157	TOX21_p53_BLA_ms_human_ratio|TOX21_p53_BLA_ms_rat_ratio	ToxCast invitrodb v4.3
DED000824	8856	ATG_PXRE_CIS|ATG_PXR_TRANS	ToxCast invitrodb v4.3
DED000824	9970	ATG_PBREM_CIS	ToxCast invitrodb v4.3
DED000825	1543	LTEA_HepaRG_CYP1A1	ToxCast invitrodb v4.3
DED000825	1555	LTEA_HepaRG_CYP2B6	ToxCast invitrodb v4.3
DED000825	1571	LTEA_HepaRG_CYP2E1	ToxCast invitrodb v4.3
DED000825	1576	LTEA_HepaRG_CYP3A4	ToxCast invitrodb v4.3
DED000825	1579	LTEA_HepaRG_CYP4A11	ToxCast invitrodb v4.3
DED000825	2099	TOX21_ERa_LUC_VM7_Agonist_10nM_ICI182780	ToxCast invitrodb v4.3
DED000825	2168	LTEA_HepaRG_FABP1	ToxCast invitrodb v4.3
DED000825	2908	CEETOX_H295R_11DCORT	ToxCast invitrodb v4.3
DED000825	4306	CEETOX_H295R_11DCORT	ToxCast invitrodb v4.3
DED000825	4780	TOX21_ARE_BLA_Agonist_ratio	ToxCast invitrodb v4.3
DED000825	4929	OT_NURR1_NURR1RXRa_0480	ToxCast invitrodb v4.3
DED000825	5243	LTEA_HepaRG_ABCB1	ToxCast invitrodb v4.3
DED000825	5465	ATG_PPARa_TRANS|ATG_hPPARa_EcoTox2	ToxCast invitrodb v4.3
DED000825	5468	ATG_PPARg_TRANS|ATG_hPPARg_EcoTox2	ToxCast invitrodb v4.3
DED000825	6256	ATG_RXRa_TRANS|OT_NURR1_NURR1RXRa_0480|TOX21_RXR_BLA_Agonist_ratio	ToxCast invitrodb v4.3
DED000825	6257	ATG_RXRb_TRANS|ATG_hRXRb_EcoTox2	ToxCast invitrodb v4.3
DED000825	8856	ATG_PXR_TRANS|TOX21_PXR_LUC_Agonist	ToxCast invitrodb v4.3
DED000826	7157	TOX21_p53_BLA_p1_ratio	ToxCast invitrodb v4.3
DED000827	196	TOX21_AhR_LUC_Agonist	ToxCast invitrodb v4.3
DED000827	2353	TOX21_AP1_BLA_Agonist_ratio	ToxCast invitrodb v4.3
DED000827	3725	TOX21_AP1_BLA_Agonist_ratio	ToxCast invitrodb v4.3
DED000827	4780	TOX21_ARE_BLA_Agonist_ratio	ToxCast invitrodb v4.3
DED000827	8856	TOX21_PXR_LUC_Agonist	ToxCast invitrodb v4.3
DED000827	9970	TOX21_CAR_LUC_Agonist	ToxCast invitrodb v4.3
DED000830	2099	ACEA_ER_80hr|ATG_ERa_TRANS|ATG_hERa_XSP2|CCTE_Deisenroth_AIME_96WELL_LUC_Active|CCTE_Deisenroth_AIME_96WELL_LUC_Inactive|OT_ER_ERaERa_0480|OT_ER_ERaERb_0480|OT_ERa_GFPERaERE_0120|OT_ERa_GFPERaERE_0480|TOX21_ERa_BLA_Agonist_ratio|TOX21_ERa_LUC_VM7_Agonist|TOX21_ERa_LUC_VM7_Agonist_10nM_ICI182780	ToxCast invitrodb v4.3
DED000830	2100	ATG_hERb_XSP2|OT_ER_ERaERb_0480|OT_ER_ERbERb_0480|OT_ER_ERbERb_1440|TOX21_ERb_BLA_Agonist_ratio	ToxCast invitrodb v4.3
DED000830	4929	OT_NURR1_NURR1RXRa_1440	ToxCast invitrodb v4.3
DED000830	5241	TOX21_PR_BLA_Agonist_ratio	ToxCast invitrodb v4.3
DED000830	6256	OT_NURR1_NURR1RXRa_1440	ToxCast invitrodb v4.3
DED000830	7040	ATG_TGFb_CIS	ToxCast invitrodb v4.3
DED000830	7068	ATG_hTRb_XSP2	ToxCast invitrodb v4.3
DED000830	7421	ATG_VDRE_CIS	ToxCast invitrodb v4.3
DED000830	8856	ATG_PXR_TRANS|ATG_mPXR_XSP2	ToxCast invitrodb v4.3
DED000831	4780	TOX21_ARE_BLA_Agonist_ratio	ToxCast invitrodb v4.3
DED000833	2099	ATG_ERa_TRANS|TOX21_ERa_LUC_VM7_Agonist	ToxCast invitrodb v4.3
DED000833	5451	ATG_Oct_MLP_CIS	ToxCast invitrodb v4.3
DED000833	7157	TOX21_p53_BLA_ms_human_ratio|TOX21_p53_BLA_ms_rat_ratio	ToxCast invitrodb v4.3
DED000833	7421	ATG_VDRE_CIS	ToxCast invitrodb v4.3
DED000833	8856	ATG_PXR_TRANS	ToxCast invitrodb v4.3
DED000834	2099	ATG_ERa_TRANS|TOX21_ERa_LUC_VM7_Agonist|TOX21_ERa_LUC_VM7_Agonist_10nM_ICI182780	ToxCast invitrodb v4.3
DED000834	2908	CEETOX_H295R_11DCORT|CEETOX_H295R_CORTISOL	ToxCast invitrodb v4.3
DED000834	4306	CEETOX_H295R_11DCORT|CEETOX_H295R_CORTISOL	ToxCast invitrodb v4.3
DED000834	4780	ATG_NRF2_ARE_CIS	ToxCast invitrodb v4.3
DED000834	5468	ATG_PPARg_TRANS	ToxCast invitrodb v4.3
DED000834	8856	ATG_PXR_TRANS	ToxCast invitrodb v4.3
DED000835	10488	ATG_CRE_CIS	ToxCast invitrodb v4.3
DED000835	1051	ATG_C_EBP_CIS	ToxCast invitrodb v4.3
DED000835	10599	LTEA_HepaRG_SLCO1B1	ToxCast invitrodb v4.3
DED000835	1244	LTEA_HepaRG_ABCC2	ToxCast invitrodb v4.3
DED000835	1551	LTEA_HepaRG_CYP3A7	ToxCast invitrodb v4.3
DED000835	1555	LTEA_HepaRG_CYP2B6	ToxCast invitrodb v4.3
DED000835	1950	LTEA_HepaRG_EGF	ToxCast invitrodb v4.3
DED000835	1958	LTEA_HepaRG_EGR1	ToxCast invitrodb v4.3
DED000835	2099	ACEA_ER_80hr	ToxCast invitrodb v4.3
DED000835	2194	LTEA_HepaRG_FASN	ToxCast invitrodb v4.3
DED000835	2353	ATG_AP_1_CIS	ToxCast invitrodb v4.3
DED000835	250	LTEA_HepaRG_ALPP	ToxCast invitrodb v4.3
DED000835	2947	LTEA_HepaRG_GSTM3	ToxCast invitrodb v4.3
DED000835	3082	LTEA_HepaRG_HGF	ToxCast invitrodb v4.3
DED000835	3091	LTEA_HepaRG_HIF1A	ToxCast invitrodb v4.3
DED000835	3303	LTEA_HepaRG_HSPA1A	ToxCast invitrodb v4.3
DED000835	355	LTEA_HepaRG_FAS	ToxCast invitrodb v4.3
DED000835	367	OT_AR_ARSRC1_0960	ToxCast invitrodb v4.3
DED000835	3725	ATG_AP_1_CIS	ToxCast invitrodb v4.3
DED000835	4086	ATG_BRE_CIS	ToxCast invitrodb v4.3
DED000835	4314	LTEA_HepaRG_MMP3	ToxCast invitrodb v4.3
DED000835	4319	LTEA_HepaRG_MMP10	ToxCast invitrodb v4.3
DED000835	4616	LTEA_HepaRG_GADD45B	ToxCast invitrodb v4.3
DED000835	4780	LTEA_HepaRG_NFE2L2|TOX21_ARE_BLA_Agonist_ratio|TOX21_ARE_KS_LUC_Agonist	ToxCast invitrodb v4.3
DED000835	4790	ATG_NF_kB_CIS	ToxCast invitrodb v4.3
DED000835	4929	OT_NURR1_NURR1RXRa_0480|OT_NURR1_NURR1RXRa_1440	ToxCast invitrodb v4.3
DED000835	51	LTEA_HepaRG_ACOX1	ToxCast invitrodb v4.3
DED000835	5451	ATG_Oct_MLP_CIS	ToxCast invitrodb v4.3
DED000835	6256	OT_NURR1_NURR1RXRa_0480|OT_NURR1_NURR1RXRa_1440	ToxCast invitrodb v4.3
DED000835	6390	LTEA_HepaRG_SDHB	ToxCast invitrodb v4.3
DED000835	6714	OT_AR_ARSRC1_0960|OT_FXR_FXRSRC1_0480|OT_FXR_FXRSRC1_1440	ToxCast invitrodb v4.3
DED000835	6716	CCTE_Deisenroth_5AR_NBTE_ratio	ToxCast invitrodb v4.3
DED000835	6822	LTEA_HepaRG_SULT2A1	ToxCast invitrodb v4.3
DED000835	7067	ATG_THRa1_TRANS	ToxCast invitrodb v4.3
DED000835	7076	LTEA_HepaRG_TIMP1	ToxCast invitrodb v4.3
DED000835	7157	APR_HepG2_p53Act_24hr|ATG_p53_CIS|TOX21_p53_BLA_p1_ratio|TOX21_p53_BLA_p2_ratio|TOX21_p53_BLA_p3_ratio|TOX21_p53_BLA_p4_ratio|TOX21_p53_BLA_p5_ratio|TOX21_p53_BLA_p7_ratio	ToxCast invitrodb v4.3
DED000835	7253	TOX21_TSHR_HTRF_Agonist_ratio	ToxCast invitrodb v4.3
DED000835	7421	ATG_VDRE_CIS	ToxCast invitrodb v4.3
DED000835	8856	TOX21_PXR_LUC_Agonist	ToxCast invitrodb v4.3
DED000835	9429	CLD_ABCG2_48hr	ToxCast invitrodb v4.3
DED000835	9971	OT_FXR_FXRSRC1_0480|OT_FXR_FXRSRC1_1440	ToxCast invitrodb v4.3
DED000836	7253	TOX21_TSHR_HTRF_Agonist_ratio	ToxCast invitrodb v4.3
DED000838	8856	ATG_PXRE_CIS	ToxCast invitrodb v4.3
DED000840	3014	TOX21_H2AX_HTRF_CHO_Agonist_ratio	ToxCast invitrodb v4.3
DED000840	367	TOX21_AR_LUC_MDAKB2_Agonist|TOX21_AR_LUC_MDAKB2_Agonist_3uM_Nilutamide	ToxCast invitrodb v4.3
DED000840	5241	TOX21_PR_BLA_Agonist_ratio	ToxCast invitrodb v4.3
DED000843	10599	LTEA_HepaRG_SLCO1B1	ToxCast invitrodb v4.3
DED000843	1555	LTEA_HepaRG_CYP2B6	ToxCast invitrodb v4.3
DED000843	1647	LTEA_HepaRG_GADD45A	ToxCast invitrodb v4.3
DED000843	2099	TOX21_ERa_LUC_VM7_Agonist	ToxCast invitrodb v4.3
DED000843	6257	ATG_RXRb_TRANS	ToxCast invitrodb v4.3
DED000843	637	LTEA_HepaRG_BID	ToxCast invitrodb v4.3
DED000843	7039	LTEA_HepaRG_TGFA	ToxCast invitrodb v4.3
DED000843	8856	ATG_PXR_TRANS	ToxCast invitrodb v4.3
DED000844	4780	ATG_NRF2_ARE_CIS	ToxCast invitrodb v4.3
DED000846	10062	ATG_LXRa_TRANS	ToxCast invitrodb v4.3
DED000846	1544	LTEA_HepaRG_CYP1A2	ToxCast invitrodb v4.3
DED000846	3775	LTEA_HepaRG_KCNK1	ToxCast invitrodb v4.3
DED000846	4790	LTEA_HepaRG_NFKB1	ToxCast invitrodb v4.3
DED000846	4929	ATG_NURR1_TRANS	ToxCast invitrodb v4.3
DED000846	596	LTEA_HepaRG_BCL2	ToxCast invitrodb v4.3
DED000846	6256	ATG_RXRa_TRANS	ToxCast invitrodb v4.3
DED000846	6257	ATG_RXRb_TRANS	ToxCast invitrodb v4.3
DED000846	7067	ATG_THRa1_TRANS	ToxCast invitrodb v4.3
DED000846	7253	TOX21_TSHR_HTRF_Agonist_ratio	ToxCast invitrodb v4.3
DED000846	7376	ATG_LXRb_TRANS	ToxCast invitrodb v4.3
DED000846	8856	ATG_PXR_TRANS	ToxCast invitrodb v4.3
DED000846	894	LTEA_HepaRG_CCND2	ToxCast invitrodb v4.3
DED000846	9970	ATG_CAR_TRANS	ToxCast invitrodb v4.3
DED000847	2099	ATG_ERa_TRANS	ToxCast invitrodb v4.3
DED000847	6257	ATG_RXRb_TRANS	ToxCast invitrodb v4.3
DED000848	196	TOX21_AhR_LUC_Agonist	ToxCast invitrodb v4.3
DED000848	22926	TOX21_ESRE_BLA_Agonist_ratio	ToxCast invitrodb v4.3
DED000848	2353	TOX21_AP1_BLA_Agonist_ratio	ToxCast invitrodb v4.3
DED000848	2908	TOX21_GR_BLA_Agonist_ratio	ToxCast invitrodb v4.3
DED000848	3014	TOX21_H2AX_HTRF_CHO_Agonist_ratio	ToxCast invitrodb v4.3
DED000848	3297	TOX21_HSE_BLA_Agonist_ratio	ToxCast invitrodb v4.3
DED000848	3725	TOX21_AP1_BLA_Agonist_ratio	ToxCast invitrodb v4.3
DED000848	4780	ATG_NRF2_ARE_CIS	ToxCast invitrodb v4.3
DED000848	7157	TOX21_p53_BLA_p1_ratio|TOX21_p53_BLA_p3_ratio|TOX21_p53_BLA_p5_ratio	ToxCast invitrodb v4.3
DED000849	7421	ATG_VDRE_CIS	ToxCast invitrodb v4.3
DED000849	8856	ATG_PXRE_CIS|ATG_PXR_TRANS	ToxCast invitrodb v4.3
DED000850	2099	ACEA_ER_80hr|CCTE_Deisenroth_AIME_96WELL_LUC_Inactive	ToxCast invitrodb v4.3
DED000850	3091	ATG_HIF1a_CIS	ToxCast invitrodb v4.3
DED000850	5468	ATG_PPARg_TRANS	ToxCast invitrodb v4.3
DED000850	8856	ATG_PXRE_CIS	ToxCast invitrodb v4.3
DED000853	1958	ATG_EGR_CIS	ToxCast invitrodb v4.3
DED000853	4780	TOX21_ARE_KS_LUC_Agonist	ToxCast invitrodb v4.3
DED000853	5080	ATG_Pax6_CIS	ToxCast invitrodb v4.3
DED000853	7157	TOX21_p53_BLA_p1_ratio|TOX21_p53_BLA_p3_ratio	ToxCast invitrodb v4.3
DED000854	10062	ATG_DR4_LXR_CIS	ToxCast invitrodb v4.3
DED000854	1869	ATG_E2F_CIS	ToxCast invitrodb v4.3
DED000854	2735	ATG_GLI_CIS	ToxCast invitrodb v4.3
DED000854	3175	ATG_HNF6_CIS	ToxCast invitrodb v4.3
DED000854	4899	ATG_NRF1_CIS	ToxCast invitrodb v4.3
DED000854	5914	ATG_DR5_RAR_CIS	ToxCast invitrodb v4.3
DED000854	5915	ATG_DR5_RAR_CIS	ToxCast invitrodb v4.3
DED000854	5916	ATG_DR5_RAR_CIS	ToxCast invitrodb v4.3
DED000854	6656	ATG_Sox_CIS	ToxCast invitrodb v4.3
DED000854	6667	ATG_Sp1_CIS	ToxCast invitrodb v4.3
DED000854	7376	ATG_DR4_LXR_CIS	ToxCast invitrodb v4.3
DED000854	8856	ATG_PXRE_CIS|ATG_PXR_TRANS|TOX21_PXR_LUC_Agonist	ToxCast invitrodb v4.3
DED000854	9970	ATG_PBREM_CIS	ToxCast invitrodb v4.3
DED000854	9971	ATG_IR1_CIS	ToxCast invitrodb v4.3
DED000855	10062	ATG_DR4_LXR_CIS|ATG_LXRa_TRANS	ToxCast invitrodb v4.3
DED000855	19016	ATG_mPPARg_XSP2	ToxCast invitrodb v4.3
DED000855	2099	ATG_ERa_TRANS|ATG_hERa_XSP2|OT_ER_ERaERa_0480|OT_ER_ERaERb_0480|OT_ER_ERaERb_1440|OT_ERa_GFPERaERE_0120	ToxCast invitrodb v4.3
DED000855	2100	OT_ER_ERaERb_0480|OT_ER_ERaERb_1440	ToxCast invitrodb v4.3
DED000855	2353	ATG_AP_1_CIS	ToxCast invitrodb v4.3
DED000855	3725	ATG_AP_1_CIS	ToxCast invitrodb v4.3
DED000855	5465	ATG_PPRE_CIS	ToxCast invitrodb v4.3
DED000855	5467	ATG_PPRE_CIS	ToxCast invitrodb v4.3
DED000855	5468	ATG_PPRE_CIS|ATG_hPPARg_XSP2	ToxCast invitrodb v4.3
DED000855	7376	ATG_DR4_LXR_CIS	ToxCast invitrodb v4.3
DED000855	7421	ATG_VDRE_CIS	ToxCast invitrodb v4.3
DED000855	8856	ATG_PXRE_CIS|ATG_mPXR_XSP2	ToxCast invitrodb v4.3
DED000855	9971	ATG_IR1_CIS	ToxCast invitrodb v4.3
DED000858	1051	ATG_C_EBP_CIS	ToxCast invitrodb v4.3
DED000858	2113	ATG_Ets_CIS	ToxCast invitrodb v4.3
DED000858	3172	ATG_HNF4a_TRANS	ToxCast invitrodb v4.3
DED000858	51176	ATG_TCF_b_cat_CIS	ToxCast invitrodb v4.3
DED000858	6932	ATG_TCF_b_cat_CIS	ToxCast invitrodb v4.3
DED000858	6934	ATG_TCF_b_cat_CIS	ToxCast invitrodb v4.3
DED000858	7157	TOX21_p53_BLA_p2_ratio	ToxCast invitrodb v4.3
DED000858	83439	ATG_TCF_b_cat_CIS	ToxCast invitrodb v4.3
DED000858	8856	TOX21_PXR_LUC_Agonist	ToxCast invitrodb v4.3
DED000860	10062	ATG_DR4_LXR_CIS	ToxCast invitrodb v4.3
DED000860	2099	OT_ER_ERaERa_1440	ToxCast invitrodb v4.3
DED000860	2100	OT_ER_ERbERb_1440	ToxCast invitrodb v4.3
DED000860	7376	ATG_DR4_LXR_CIS	ToxCast invitrodb v4.3
DED000861	2099	ATG_ERE_CIS|ATG_ERa_TRANS	ToxCast invitrodb v4.3
DED000861	5468	ATG_PPARg_TRANS	ToxCast invitrodb v4.3
DED000861	7421	ATG_VDRE_CIS	ToxCast invitrodb v4.3
DED000861	8856	ATG_PXR_TRANS|TOX21_PXR_LUC_Agonist	ToxCast invitrodb v4.3
DED000861	9970	TOX21_CAR_LUC_Agonist	ToxCast invitrodb v4.3
DED000864	7157	TOX21_p53_BLA_p3_ratio	ToxCast invitrodb v4.3
DED000865	2099	OT_ERa_GFPERaERE_0480	ToxCast invitrodb v4.3
DED000867	367	TOX21_AR_BLA_Agonist_ratio	ToxCast invitrodb v4.3
DED000867	4780	TOX21_ARE_BLA_Agonist_ratio	ToxCast invitrodb v4.3
DED000868	2099	ATG_ERa_TRANS	ToxCast invitrodb v4.3
DED000868	3091	ATG_HIF1a_CIS	ToxCast invitrodb v4.3
DED000868	4602	ATG_Myb_CIS	ToxCast invitrodb v4.3
DED000868	4609	ATG_Myc_CIS	ToxCast invitrodb v4.3
DED000868	4774	ATG_NFI_CIS	ToxCast invitrodb v4.3
DED000868	4780	TOX21_ARE_KS_LUC_Agonist	ToxCast invitrodb v4.3
DED000868	4929	OT_NURR1_NURR1RXRa_1440	ToxCast invitrodb v4.3
DED000868	5080	ATG_Pax6_CIS	ToxCast invitrodb v4.3
DED000868	5451	ATG_Oct_MLP_CIS	ToxCast invitrodb v4.3
DED000868	5468	ATG_PPARg_TRANS	ToxCast invitrodb v4.3
DED000868	6256	OT_NURR1_NURR1RXRa_1440	ToxCast invitrodb v4.3
DED000868	6667	ATG_Sp1_CIS	ToxCast invitrodb v4.3
DED000868	6714	OT_FXR_FXRSRC1_0480	ToxCast invitrodb v4.3
DED000868	7494	ATG_Xbp1_CIS	ToxCast invitrodb v4.3
DED000868	8856	ATG_PXRE_CIS|ATG_PXR_TRANS	ToxCast invitrodb v4.3
DED000868	9971	OT_FXR_FXRSRC1_0480	ToxCast invitrodb v4.3
DED000869	4780	TOX21_ARE_BLA_Agonist_ratio	ToxCast invitrodb v4.3
DED000874	8856	TOX21_PXR_LUC_Agonist	ToxCast invitrodb v4.3
DED000876	2099	ACEA_ER_80hr|ATG_ERE_CIS|ATG_ERa_TRANS|ATG_hERa_XSP2|OT_ER_ERaERa_0480|OT_ER_ERaERb_0480|OT_ER_ERaERb_1440|OT_ERa_GFPERaERE_0120|OT_ERa_GFPERaERE_0480|TOX21_ERa_LUC_VM7_Agonist	ToxCast invitrodb v4.3
DED000876	2100	ATG_hERb_XSP2|OT_ER_ERaERb_0480|OT_ER_ERaERb_1440|OT_ER_ERbERb_0480|OT_ER_ERbERb_1440	ToxCast invitrodb v4.3
DED000876	8856	ATG_mPXR_XSP2	ToxCast invitrodb v4.3
DED000878	5468	ATG_PPARg_TRANS	ToxCast invitrodb v4.3
DED000878	8856	ATG_PXR_TRANS	ToxCast invitrodb v4.3
DED000878	9970	TOX21_CAR_LUC_Agonist	ToxCast invitrodb v4.3
DED000880	6256	TOX21_RXR_BLA_Agonist_ratio	ToxCast invitrodb v4.3
DED000881	196	ATG_Ahr_CIS	ToxCast invitrodb v4.3
DED000881	3014	APR_HepG2_P-H2AX_72hr	ToxCast invitrodb v4.3
DED000881	6257	ATG_RXRb_TRANS	ToxCast invitrodb v4.3
DED000881	8856	ATG_PXRE_CIS	ToxCast invitrodb v4.3
DED000884	1555	LTEA_HepaRG_CYP2B6	ToxCast invitrodb v4.3
DED000884	367	OT_AR_ARELUC_AG_1440	ToxCast invitrodb v4.3
DED000884	4780	TOX21_ARE_KS_LUC_Agonist	ToxCast invitrodb v4.3
DED000886	4780	TOX21_ARE_KS_LUC_Agonist	ToxCast invitrodb v4.3
DED000886	6469	TOX21_SHH_3T3_GLI3_LUC_Agonist	ToxCast invitrodb v4.3
DED000886	8856	TOX21_PXR_LUC_Agonist	ToxCast invitrodb v4.3
DED000892	4780	TOX21_ARE_BLA_Agonist_ratio	ToxCast invitrodb v4.3
DED000893	6256	TOX21_RXR_BLA_Agonist_ratio	ToxCast invitrodb v4.3
DED000895	2101	TOX21_ERR_LUC_Agonist	ToxCast invitrodb v4.3
DED000895	4780	TOX21_ARE_KS_LUC_Agonist	ToxCast invitrodb v4.3
DED000895	54658	LTEA_HepaRG_UGT1A1	ToxCast invitrodb v4.3
DED000895	5914	TOX21_RAR_LUC_Agonist	ToxCast invitrodb v4.3
DED000895	9970	TOX21_CAR_LUC_Agonist	ToxCast invitrodb v4.3
DED000900	196	TOX21_AhR_LUC_Agonist	ToxCast invitrodb v4.3
DED000900	8856	TOX21_PXR_LUC_Agonist	ToxCast invitrodb v4.3
DED000902	1555	CLD_CYP2B6_48hr|CLD_CYP2B6_6hr	ToxCast invitrodb v4.3
DED000902	1557	LTEA_HepaRG_CYP2C19	ToxCast invitrodb v4.3
DED000902	54658	LTEA_HepaRG_UGT1A1	ToxCast invitrodb v4.3
DED000906	10912	LTEA_HepaRG_GADD45G	ToxCast invitrodb v4.3
DED000906	1543	CLD_CYP1A1_24hr|CLD_CYP1A1_6hr	ToxCast invitrodb v4.3
DED000906	1544	CLD_CYP1A2_24hr|CLD_CYP1A2_48hr	ToxCast invitrodb v4.3
DED000906	1555	CLD_CYP2B6_24hr|CLD_CYP2B6_48hr|CLD_CYP2B6_6hr	ToxCast invitrodb v4.3
DED000906	1576	CLD_CYP3A4_24hr|CLD_CYP3A4_48hr	ToxCast invitrodb v4.3
DED000906	2099	ATG_ERE_CIS	ToxCast invitrodb v4.3
DED000906	4780	TOX21_ARE_BLA_Agonist_ratio	ToxCast invitrodb v4.3
DED000906	5243	LTEA_HepaRG_ABCB1	ToxCast invitrodb v4.3
DED000906	8856	ATG_PXRE_CIS|TOX21_PXR_LUC_Agonist	ToxCast invitrodb v4.3
DED000907	132	LTEA_HepaRG_ADK	ToxCast invitrodb v4.3
DED000907	1559	LTEA_HepaRG_CYP2C9	ToxCast invitrodb v4.3
DED000907	2328	LTEA_HepaRG_FMO3	ToxCast invitrodb v4.3
DED000907	3091	ATG_HIF1a_CIS	ToxCast invitrodb v4.3
DED000907	51	LTEA_HepaRG_ACOX1	ToxCast invitrodb v4.3
DED000907	5166	LTEA_HepaRG_PDK4	ToxCast invitrodb v4.3
DED000907	5465	ATG_PPARa_TRANS	ToxCast invitrodb v4.3
DED000907	84634	TOX21_KISS1R_HEK293_Agonist	ToxCast invitrodb v4.3
DED000907	9429	LTEA_HepaRG_ABCG2	ToxCast invitrodb v4.3
DED000910	2099	ATG_ERa_TRANS|ERF_TW_NR_COA_hESR1	ToxCast invitrodb v4.3
DED000910	284541	LTEA_HepaRG_CYP4A22	ToxCast invitrodb v4.3
DED000910	3014	APR_HepG2_P-H2AX_72hr	ToxCast invitrodb v4.3
DED000910	3158	LTEA_HepaRG_HMGCS2	ToxCast invitrodb v4.3
DED000910	3725	APR_HepG2_StressKinase_72hr	ToxCast invitrodb v4.3
DED000910	4780	ATG_NRF2_ARE_CIS|TOX21_ARE_BLA_Agonist_ratio	ToxCast invitrodb v4.3
DED000910	5465	ATG_PPARa_TRANS|ATG_PPRE_CIS|ERF_TW_NR_COA_hPPARA	ToxCast invitrodb v4.3
DED000910	5467	ATG_PPRE_CIS	ToxCast invitrodb v4.3
DED000910	5468	ATG_PPARg_TRANS|ATG_PPRE_CIS	ToxCast invitrodb v4.3
DED000910	6257	ATG_RXRb_TRANS	ToxCast invitrodb v4.3
DED000910	7157	APR_HepG2_p53Act_72hr	ToxCast invitrodb v4.3
DED000910	8856	ATG_PXRE_CIS	ToxCast invitrodb v4.3
DED000911	1051	ATG_C_EBP_CIS	ToxCast invitrodb v4.3
DED000911	2099	ATG_ERE_CIS|ATG_ERa_TRANS	ToxCast invitrodb v4.3
DED000911	2353	ATG_AP_1_CIS	ToxCast invitrodb v4.3
DED000911	3725	ATG_AP_1_CIS	ToxCast invitrodb v4.3
DED000911	4086	ATG_BRE_CIS	ToxCast invitrodb v4.3
DED000911	4602	ATG_Myb_CIS	ToxCast invitrodb v4.3
DED000911	4780	ATG_NRF2_ARE_CIS	ToxCast invitrodb v4.3
DED000911	5465	ATG_PPARa_TRANS|ATG_PPRE_CIS	ToxCast invitrodb v4.3
DED000911	5467	ATG_PPRE_CIS	ToxCast invitrodb v4.3
DED000911	5468	ATG_PPARg_TRANS|ATG_PPRE_CIS	ToxCast invitrodb v4.3
DED000911	6774	ATG_STAT3_CIS	ToxCast invitrodb v4.3
DED000911	7040	ATG_TGFb_CIS	ToxCast invitrodb v4.3
DED000911	8856	ATG_PXRE_CIS|ATG_PXR_TRANS	ToxCast invitrodb v4.3
DED000912	2353	ATG_AP_1_CIS	ToxCast invitrodb v4.3
DED000912	3725	ATG_AP_1_CIS	ToxCast invitrodb v4.3
DED000912	4780	ATG_NRF2_ARE_CIS	ToxCast invitrodb v4.3
DED000912	8856	ATG_PXRE_CIS	ToxCast invitrodb v4.3
DED000914	10062	ATG_DR4_LXR_CIS	ToxCast invitrodb v4.3
DED000914	2099	ATG_ERE_CIS|OT_ERa_GFPERaERE_0120	ToxCast invitrodb v4.3
DED000914	7376	ATG_DR4_LXR_CIS	ToxCast invitrodb v4.3
DED000914	7421	ATG_VDRE_CIS	ToxCast invitrodb v4.3
DED000915	10018	LTEA_HepaRG_BCL2L11	ToxCast invitrodb v4.3
DED000915	1026	LTEA_HepaRG_CDKN1A	ToxCast invitrodb v4.3
DED000915	116519	LTEA_HepaRG_APOA5	ToxCast invitrodb v4.3
DED000915	1244	LTEA_HepaRG_ABCC2	ToxCast invitrodb v4.3
DED000915	1544	LTEA_HepaRG_CYP1A2	ToxCast invitrodb v4.3
DED000915	1551	LTEA_HepaRG_CYP3A7	ToxCast invitrodb v4.3
DED000915	1581	LTEA_HepaRG_CYP7A1	ToxCast invitrodb v4.3
DED000915	2099	ATG_ERa_TRANS|TOX21_ERa_LUC_VM7_Agonist_10nM_ICI182780	ToxCast invitrodb v4.3
DED000915	2100	TOX21_ERb_BLA_Agonist_ratio	ToxCast invitrodb v4.3
DED000915	2168	LTEA_HepaRG_FABP1	ToxCast invitrodb v4.3
DED000915	23089	LTEA_HepaRG_PEG10	ToxCast invitrodb v4.3
DED000915	2328	LTEA_HepaRG_FMO3	ToxCast invitrodb v4.3
DED000915	2353	ATG_AP_1_CIS	ToxCast invitrodb v4.3
DED000915	2729	LTEA_HepaRG_GCLC	ToxCast invitrodb v4.3
DED000915	2730	LTEA_HepaRG_GCLM	ToxCast invitrodb v4.3
DED000915	2798	TOX21_GNRHR_HEK293_Agonist	ToxCast invitrodb v4.3
DED000915	3091	ATG_HIF1a_CIS	ToxCast invitrodb v4.3
DED000915	3158	LTEA_HepaRG_HMGCS2	ToxCast invitrodb v4.3
DED000915	3170	ATG_FoxA2_CIS	ToxCast invitrodb v4.3
DED000915	3725	ATG_AP_1_CIS	ToxCast invitrodb v4.3
DED000915	4780	ATG_NRF2_ARE_CIS	ToxCast invitrodb v4.3
DED000915	4790	ATG_NF_kB_CIS|LTEA_HepaRG_NFKB1	ToxCast invitrodb v4.3
DED000915	54658	LTEA_HepaRG_UGT1A1	ToxCast invitrodb v4.3
DED000915	6774	LTEA_HepaRG_STAT3	ToxCast invitrodb v4.3
DED000915	7430	LTEA_HepaRG_EZR	ToxCast invitrodb v4.3
DED000915	7494	LTEA_HepaRG_XBP1	ToxCast invitrodb v4.3
DED000915	8837	LTEA_HepaRG_CFLAR	ToxCast invitrodb v4.3
DED000915	8856	ATG_PXRE_CIS	ToxCast invitrodb v4.3
DED000915	9429	LTEA_HepaRG_ABCG2	ToxCast invitrodb v4.3
DED000917	1543	CLD_CYP1A1_48hr|CLD_CYP1A1_6hr	ToxCast invitrodb v4.3
DED000917	1551	LTEA_HepaRG_CYP3A7	ToxCast invitrodb v4.3
DED000917	1555	CLD_CYP2B6_24hr|CLD_CYP2B6_6hr	ToxCast invitrodb v4.3
DED000917	1576	CLD_CYP3A4_24hr|CLD_CYP3A4_48hr|LTEA_HepaRG_CYP3A4	ToxCast invitrodb v4.3
DED000917	2908	CEETOX_H295R_CORTISOL	ToxCast invitrodb v4.3
DED000917	4306	CEETOX_H295R_CORTISOL	ToxCast invitrodb v4.3
DED000917	5243	CLD_ABCB1_24hr	ToxCast invitrodb v4.3
DED000917	5451	ATG_Oct_MLP_CIS	ToxCast invitrodb v4.3
DED000921	5468	ERF_FR_NR_COA_hPPARG|ERF_TW_NR_COA_hPPARG|ERF_US_NR_hPPARG|TOX21_PPARg_BLA_Agonist_ratio	ToxCast invitrodb v4.3
DED000921	64321	CCTE_Deisenroth_DEVTOX-GLR_Endo_SOX17	ToxCast invitrodb v4.3
DED000921	6862	CCTE_Deisenroth_DEVTOX-GLR_Endo_BRA	ToxCast invitrodb v4.3
DED000921	7201	TOX21_TRHR_HEK293_Agonist	ToxCast invitrodb v4.3
DED000923	10912	LTEA_HepaRG_GADD45G	ToxCast invitrodb v4.3
DED000923	1543	CLD_CYP1A1_24hr|CLD_CYP1A1_48hr|CLD_CYP1A1_6hr|LTEA_HepaRG_CYP1A1	ToxCast invitrodb v4.3
DED000923	1544	CLD_CYP1A2_24hr|CLD_CYP1A2_48hr|CLD_CYP1A2_6hr	ToxCast invitrodb v4.3
DED000923	1555	CLD_CYP2B6_24hr|CLD_CYP2B6_48hr|CLD_CYP2B6_6hr	ToxCast invitrodb v4.3
DED000923	1576	CLD_CYP3A4_24hr|CLD_CYP3A4_48hr	ToxCast invitrodb v4.3
DED000923	47	LTEA_HepaRG_ACLY	ToxCast invitrodb v4.3
DED000923	7069	LTEA_HepaRG_THRSP	ToxCast invitrodb v4.3
DED000925	1051	ATG_C_EBP_CIS	ToxCast invitrodb v4.3
DED000925	2099	ATG_ERE_CIS	ToxCast invitrodb v4.3
DED000925	4929	ATG_NURR1_TRANS	ToxCast invitrodb v4.3
DED000925	5468	ATG_hPPARg_EcoTox2	ToxCast invitrodb v4.3
DED000925	5914	ATG_DR5_RAR_CIS	ToxCast invitrodb v4.3
DED000925	5915	ATG_DR5_RAR_CIS	ToxCast invitrodb v4.3
DED000925	5916	ATG_DR5_RAR_CIS|ATG_RARg_TRANS|ERF_TW_NR_COA_hRARG	ToxCast invitrodb v4.3
DED000925	6256	ATG_RXRa_TRANS|TOX21_RXR_BLA_Agonist_ratio|TOX21_TR_RXR_BLA_Agonist_Followup_ratio	ToxCast invitrodb v4.3
DED000925	6257	ATG_RXRb_TRANS|ATG_hRXRb_EcoTox2|ATG_rtRXRb_EcoTox2|ERF_TW_NR_COA_hRXRB	ToxCast invitrodb v4.3
DED000925	6862	CCTE_Deisenroth_DEVTOX-GLR_Endo_BRA	ToxCast invitrodb v4.3
DED000925	7067	TOX21_TR_LUC_GH3_Agonist_Followup	ToxCast invitrodb v4.3
DED000925	7068	TOX21_TR_LUC_GH3_Agonist_Followup	ToxCast invitrodb v4.3
DED000925	7421	ATG_VDRE_CIS	ToxCast invitrodb v4.3
DED000925	8856	ATG_PXRE_CIS	ToxCast invitrodb v4.3
DED000925	9971	ATG_IR1_CIS	ToxCast invitrodb v4.3
DED000926	2099	ATG_ERE_CIS|ATG_ERa_TRANS	ToxCast invitrodb v4.3
DED000926	4780	TOX21_ARE_BLA_Agonist_ratio	ToxCast invitrodb v4.3
DED000926	8856	ATG_PXRE_CIS|ATG_PXR_TRANS	ToxCast invitrodb v4.3
DED000927	10488	ATG_CRE_CIS	ToxCast invitrodb v4.3
DED000927	1543	CLD_CYP1A1_24hr|CLD_CYP1A1_48hr	ToxCast invitrodb v4.3
DED000927	1544	CLD_CYP1A2_24hr|CLD_CYP1A2_48hr	ToxCast invitrodb v4.3
DED000927	1555	CLD_CYP2B6_24hr|LTEA_HepaRG_CYP2B6	ToxCast invitrodb v4.3
DED000927	1576	CLD_CYP3A4_24hr	ToxCast invitrodb v4.3
DED000927	2099	ATG_ERE_CIS	ToxCast invitrodb v4.3
DED000927	2353	ATG_AP_1_CIS	ToxCast invitrodb v4.3
DED000927	2908	CEETOX_H295R_CORTISOL	ToxCast invitrodb v4.3
DED000927	367	OT_AR_ARELUC_AG_1440	ToxCast invitrodb v4.3
DED000927	3725	ATG_AP_1_CIS	ToxCast invitrodb v4.3
DED000927	4086	ATG_BRE_CIS	ToxCast invitrodb v4.3
DED000927	4306	CEETOX_H295R_CORTISOL	ToxCast invitrodb v4.3
DED000927	4520	ATG_MRE_CIS	ToxCast invitrodb v4.3
DED000927	4780	ATG_NRF2_ARE_CIS|TOX21_ARE_BLA_Agonist_ratio	ToxCast invitrodb v4.3
DED000927	5451	ATG_Oct_MLP_CIS	ToxCast invitrodb v4.3
DED000927	6095	ATG_RORE_CIS	ToxCast invitrodb v4.3
DED000927	6096	ATG_RORE_CIS	ToxCast invitrodb v4.3
DED000927	6097	ATG_RORE_CIS	ToxCast invitrodb v4.3
DED000927	7040	ATG_TGFb_CIS	ToxCast invitrodb v4.3
DED000927	7069	LTEA_HepaRG_THRSP	ToxCast invitrodb v4.3
DED000927	7421	ATG_VDRE_CIS	ToxCast invitrodb v4.3
DED000927	8647	LTEA_HepaRG_ABCB11	ToxCast invitrodb v4.3
DED000927	8856	ATG_PXRE_CIS	ToxCast invitrodb v4.3
DED000928	196	ATG_Ahr_CIS	ToxCast invitrodb v4.3
DED000928	2099	ATG_ERa_TRANS|ATG_hERa_XSP1	ToxCast invitrodb v4.3
DED000928	2100	OT_ER_ERbERb_0480	ToxCast invitrodb v4.3
DED000928	5241	CEETOX_H295R_PROG	ToxCast invitrodb v4.3
DED000928	6720	ATG_SREBP_CIS	ToxCast invitrodb v4.3
DED000928	7421	ATG_VDRE_CIS	ToxCast invitrodb v4.3
DED000928	8856	ATG_PXRE_CIS|ATG_PXR_TRANS|ATG_mPXR_XSP1|ATG_mPXR_XSP2|TOX21_PXR_LUC_Agonist	ToxCast invitrodb v4.3
DED000929	1543	CLD_CYP1A1_6hr	ToxCast invitrodb v4.3
DED000929	1544	CLD_CYP1A2_24hr|CLD_CYP1A2_48hr|CLD_CYP1A2_6hr	ToxCast invitrodb v4.3
DED000929	1555	CLD_CYP2B6_24hr|CLD_CYP2B6_48hr|CLD_CYP2B6_6hr	ToxCast invitrodb v4.3
DED000929	196	ATG_Ahr_CIS|ERF_US_NR_hAHR	ToxCast invitrodb v4.3
DED000929	2099	TOX21_ERa_LUC_VM7_Agonist	ToxCast invitrodb v4.3
DED000929	2101	TOX21_ERR_LUC_Agonist	ToxCast invitrodb v4.3
DED000929	5914	ATG_DR5_RAR_CIS	ToxCast invitrodb v4.3
DED000929	5915	ATG_DR5_RAR_CIS	ToxCast invitrodb v4.3
DED000929	5916	ATG_DR5_RAR_CIS	ToxCast invitrodb v4.3
DED000929	6256	TOX21_RXR_BLA_Agonist_ratio	ToxCast invitrodb v4.3
DED000929	6720	ATG_SREBP_CIS	ToxCast invitrodb v4.3
DED000931	2099	ACEA_ER_80hr	ToxCast invitrodb v4.3
DED000931	22926	TOX21_ESRE_BLA_Agonist_ratio	ToxCast invitrodb v4.3
DED000931	4780	TOX21_ARE_BLA_Agonist_ratio	ToxCast invitrodb v4.3
DED000932	1543	CLD_CYP1A1_24hr	ToxCast invitrodb v4.3
DED000932	1555	LTEA_HepaRG_CYP2B6	ToxCast invitrodb v4.3
DED000932	1571	LTEA_HepaRG_CYP2E1	ToxCast invitrodb v4.3
DED000932	19016	ATG_mPPARg_XSP1	ToxCast invitrodb v4.3
DED000932	1958	LTEA_HepaRG_EGR1	ToxCast invitrodb v4.3
DED000932	2099	ACEA_ER_80hr|ATG_ERa_TRANS	ToxCast invitrodb v4.3
DED000932	2353	ATG_AP_1_CIS	ToxCast invitrodb v4.3
DED000932	3091	ATG_HIF1a_CIS	ToxCast invitrodb v4.3
DED000932	367	OT_AR_ARSRC1_0960	ToxCast invitrodb v4.3
DED000932	3725	ATG_AP_1_CIS	ToxCast invitrodb v4.3
DED000932	406906	LTEA_HepaRG_MIR122	ToxCast invitrodb v4.3
DED000932	4086	ATG_BRE_CIS	ToxCast invitrodb v4.3
DED000932	4780	ATG_NRF2_ARE_CIS|LTEA_HepaRG_NFE2L2|TOX21_ARE_BLA_Agonist_ratio	ToxCast invitrodb v4.3
DED000932	4899	ATG_NRF1_CIS	ToxCast invitrodb v4.3
DED000932	54578	LTEA_HepaRG_UGT1A6	ToxCast invitrodb v4.3
DED000932	5468	ATG_hPPARg_XSP1|ATG_hPPARg_XSP2	ToxCast invitrodb v4.3
DED000932	5914	ATG_DR5_RAR_CIS	ToxCast invitrodb v4.3
DED000932	5915	ATG_DR5_RAR_CIS	ToxCast invitrodb v4.3
DED000932	5916	ATG_DR5_RAR_CIS	ToxCast invitrodb v4.3
DED000932	6714	OT_AR_ARSRC1_0960	ToxCast invitrodb v4.3
DED000932	6822	CLD_SULT2A_24hr|LTEA_HepaRG_SULT2A1	ToxCast invitrodb v4.3
DED000932	7067	ATG_hTRa_XSP1|ATG_hTRa_XSP2	ToxCast invitrodb v4.3
DED000932	7076	LTEA_HepaRG_TIMP1	ToxCast invitrodb v4.3
DED000932	7157	TOX21_p53_BLA_p2_ratio	ToxCast invitrodb v4.3
DED000932	7421	ATG_VDRE_CIS	ToxCast invitrodb v4.3
DED000932	7430	LTEA_HepaRG_EZR	ToxCast invitrodb v4.3
DED000932	7846	APR_HepG2_MicrotubuleCSK_72hr	ToxCast invitrodb v4.3
DED000932	8856	ATG_mPXR_XSP1|ATG_mPXR_XSP2	ToxCast invitrodb v4.3
DED000934	2099	ACEA_ER_80hr|ATG_ERa_TRANS|OT_ER_ERaERb_0480|OT_ER_ERaERb_1440|OT_ERa_GFPERaERE_0120|OT_ERa_GFPERaERE_0480	ToxCast invitrodb v4.3
DED000934	2100	OT_ER_ERaERb_0480|OT_ER_ERaERb_1440|OT_ER_ERbERb_0480|OT_ER_ERbERb_1440	ToxCast invitrodb v4.3
DED000934	250	LTEA_HepaRG_ALPP	ToxCast invitrodb v4.3
DED000934	3014	TOX21_H2AX_HTRF_CHO_Agonist_ratio	ToxCast invitrodb v4.3
DED000934	367	OT_AR_ARELUC_AG_1440|UPITT_HCI_U2OS_AR_TIF2_Nucleoli_Agonist|UPITT_HCI_U2OS_AR_TIF2_Nucleoli_Cytoplasm_Ratio_Agonist	ToxCast invitrodb v4.3
DED000934	5080	ATG_Pax6_CIS	ToxCast invitrodb v4.3
DED000934	6095	ATG_RORE_CIS	ToxCast invitrodb v4.3
DED000934	6096	ATG_RORE_CIS	ToxCast invitrodb v4.3
DED000934	6097	ATG_RORE_CIS	ToxCast invitrodb v4.3
DED000934	6720	ATG_SREBP_CIS	ToxCast invitrodb v4.3
DED000934	8856	ATG_PXRE_CIS|ATG_PXR_TRANS	ToxCast invitrodb v4.3
DED000934	9971	ATG_FXR_TRANS	ToxCast invitrodb v4.3
DED000937	1555	CLD_CYP2B6_48hr	ToxCast invitrodb v4.3
DED000937	8856	ATG_mPXR_XSP1|ATG_mPXR_XSP2	ToxCast invitrodb v4.3
DED000940	2099	CEETOX_H295R_ESTRADIOL|CEETOX_H295R_ESTRONE	ToxCast invitrodb v4.3
DED000940	2100	CEETOX_H295R_ESTRADIOL|CEETOX_H295R_ESTRONE	ToxCast invitrodb v4.3
DED000940	2908	CEETOX_H295R_11DCORT	ToxCast invitrodb v4.3
DED000940	4306	CEETOX_H295R_11DCORT	ToxCast invitrodb v4.3
DED000940	5241	CEETOX_H295R_OHPREG|CEETOX_H295R_PROG	ToxCast invitrodb v4.3
DED000940	8856	ATG_PXR_TRANS	ToxCast invitrodb v4.3
DED000941	196	ATG_Ahr_CIS	ToxCast invitrodb v4.3
DED000941	3014	TOX21_H2AX_HTRF_CHO_Agonist_ratio	ToxCast invitrodb v4.3
DED000941	4780	TOX21_ARE_BLA_Agonist_ratio	ToxCast invitrodb v4.3
DED000941	7157	TOX21_p53_BLA_p2_ratio|TOX21_p53_BLA_p4_ratio	ToxCast invitrodb v4.3
DED000941	8856	ATG_PXRE_CIS	ToxCast invitrodb v4.3
DED000944	2099	ATG_ERa_TRANS	ToxCast invitrodb v4.3
DED000944	5468	ATG_PPARg_TRANS	ToxCast invitrodb v4.3
DED000944	7157	TOX21_p53_BLA_ms_rat_ratio	ToxCast invitrodb v4.3
DED000944	8856	ATG_PXR_TRANS	ToxCast invitrodb v4.3
DED000946	7157	TOX21_p53_BLA_p1_ratio|TOX21_p53_BLA_p2_ratio|TOX21_p53_BLA_p3_ratio|TOX21_p53_BLA_p4_ratio|TOX21_p53_BLA_p5_ratio	ToxCast invitrodb v4.3
DED000951	1543	CLD_CYP1A1_24hr|CLD_CYP1A1_48hr|CLD_CYP1A1_6hr	ToxCast invitrodb v4.3
DED000951	1544	CLD_CYP1A2_24hr|CLD_CYP1A2_48hr|CLD_CYP1A2_6hr	ToxCast invitrodb v4.3
DED000951	1555	CLD_CYP2B6_24hr|CLD_CYP2B6_48hr|CLD_CYP2B6_6hr	ToxCast invitrodb v4.3
DED000951	1571	LTEA_HepaRG_CYP2E1	ToxCast invitrodb v4.3
DED000951	1576	CLD_CYP3A4_24hr|CLD_CYP3A4_48hr|CLD_CYP3A4_6hr	ToxCast invitrodb v4.3
DED000951	1581	LTEA_HepaRG_CYP7A1	ToxCast invitrodb v4.3
DED000951	174	LTEA_HepaRG_AFP	ToxCast invitrodb v4.3
DED000951	3158	LTEA_HepaRG_HMGCS2	ToxCast invitrodb v4.3
DED000951	5468	ATG_PPARg_TRANS	ToxCast invitrodb v4.3
DED000951	6667	ATG_Sp1_CIS	ToxCast invitrodb v4.3
DED000951	8647	LTEA_HepaRG_ABCB11	ToxCast invitrodb v4.3
DED000951	8856	TOX21_PXR_LUC_Agonist	ToxCast invitrodb v4.3
DED000964	2099	TOX21_ERa_LUC_VM7_Agonist	ToxCast invitrodb v4.3
DED000969	196	ATG_Ahr_CIS	ToxCast invitrodb v4.3
DED000969	2099	OT_ER_ERaERa_0480|OT_ER_ERaERa_1440|OT_ER_ERaERb_0480|OT_ER_ERaERb_1440|OT_ERa_GFPERaERE_0480	ToxCast invitrodb v4.3
DED000969	2100	OT_ER_ERaERb_0480|OT_ER_ERaERb_1440|OT_ER_ERbERb_0480|OT_ER_ERbERb_1440|TOX21_ERb_BLA_Agonist_ratio	ToxCast invitrodb v4.3
DED000969	367	CEETOX_H295R_ANDR	ToxCast invitrodb v4.3
DED000969	4780	TOX21_ARE_BLA_Agonist_ratio	ToxCast invitrodb v4.3
DED000969	5241	CEETOX_H295R_OHPREG	ToxCast invitrodb v4.3
DED000969	6714	OT_FXR_FXRSRC1_0480	ToxCast invitrodb v4.3
DED000969	8856	ATG_PXRE_CIS|TOX21_PXR_LUC_Agonist	ToxCast invitrodb v4.3
DED000969	9971	OT_FXR_FXRSRC1_0480	ToxCast invitrodb v4.3
DED000970	1544	LTEA_HepaRG_CYP1A2	ToxCast invitrodb v4.3
DED000972	1543	LTEA_HepaRG_CYP1A1	ToxCast invitrodb v4.3
DED000972	2353	TOX21_AP1_BLA_Agonist_ratio	ToxCast invitrodb v4.3
DED000972	3725	TOX21_AP1_BLA_Agonist_ratio	ToxCast invitrodb v4.3
DED000972	4780	TOX21_ARE_KS_LUC_Agonist	ToxCast invitrodb v4.3
DED000974	10062	ATG_LXRa_TRANS	ToxCast invitrodb v4.3
DED000974	2099	ACEA_ER_80hr|ATG_ERa_TRANS|ERF_TW_NR_COA_hESR1	ToxCast invitrodb v4.3
DED000979	7040	ATG_TGFb_CIS	ToxCast invitrodb v4.3
DED000981	116519	LTEA_HepaRG_APOA5	ToxCast invitrodb v4.3
DED000981	1555	CLD_CYP2B6_24hr|CLD_CYP2B6_48hr|CLD_CYP2B6_6hr	ToxCast invitrodb v4.3
DED000981	1576	CLD_CYP3A4_6hr	ToxCast invitrodb v4.3
DED000981	1581	LTEA_HepaRG_CYP7A1	ToxCast invitrodb v4.3
DED000981	196	ATG_Ahr_CIS	ToxCast invitrodb v4.3
DED000981	3297	ATG_HSE_CIS	ToxCast invitrodb v4.3
DED000981	4780	ATG_NRF2_ARE_CIS|TOX21_ARE_BLA_Agonist_ratio	ToxCast invitrodb v4.3
DED000981	5914	ATG_DR5_RAR_CIS	ToxCast invitrodb v4.3
DED000981	5915	ATG_DR5_RAR_CIS	ToxCast invitrodb v4.3
DED000981	5916	ATG_DR5_RAR_CIS	ToxCast invitrodb v4.3
DED000981	7069	LTEA_HepaRG_THRSP	ToxCast invitrodb v4.3
DED000981	7421	ATG_VDRE_CIS	ToxCast invitrodb v4.3
DED000981	8856	ATG_PXRE_CIS|ATG_PXR_TRANS|ATG_mPXR_XSP1|ATG_mPXR_XSP2|TOX21_PXR_LUC_Agonist	ToxCast invitrodb v4.3
DED000986	2099	ACEA_ER_80hr|ATG_ERE_CIS|ATG_ERa_TRANS|ERF_TW_NR_COA_hESR1	ToxCast invitrodb v4.3
DED000986	8856	ATG_PXRE_CIS	ToxCast invitrodb v4.3
DED000993	4780	TOX21_ARE_BLA_Agonist_ratio	ToxCast invitrodb v4.3
DED000997	1026	LTEA_HepaRG_CDKN1A	ToxCast invitrodb v4.3
DED000997	10488	ATG_CRE_CIS	ToxCast invitrodb v4.3
DED000997	1051	ATG_C_EBP_CIS	ToxCast invitrodb v4.3
DED000997	10599	LTEA_HepaRG_SLCO1B1	ToxCast invitrodb v4.3
DED000997	10912	LTEA_HepaRG_GADD45G	ToxCast invitrodb v4.3
DED000997	132	LTEA_HepaRG_ADK	ToxCast invitrodb v4.3
DED000997	1544	CLD_CYP1A2_24hr|CLD_CYP1A2_48hr	ToxCast invitrodb v4.3
DED000997	1551	LTEA_HepaRG_CYP3A7	ToxCast invitrodb v4.3
DED000997	1557	LTEA_HepaRG_CYP2C19	ToxCast invitrodb v4.3
DED000997	1558	LTEA_HepaRG_CYP2C8	ToxCast invitrodb v4.3
DED000997	1559	LTEA_HepaRG_CYP2C9	ToxCast invitrodb v4.3
DED000997	1581	LTEA_HepaRG_CYP7A1	ToxCast invitrodb v4.3
DED000997	1647	LTEA_HepaRG_GADD45A	ToxCast invitrodb v4.3
DED000997	1649	LTEA_HepaRG_DDIT3	ToxCast invitrodb v4.3
DED000997	1728	LTEA_HepaRG_NQO1	ToxCast invitrodb v4.3
DED000997	19016	ATG_mPPARg_XSP2	ToxCast invitrodb v4.3
DED000997	2168	LTEA_HepaRG_FABP1	ToxCast invitrodb v4.3
DED000997	2308	LTEA_HepaRG_FOXO1	ToxCast invitrodb v4.3
DED000997	2730	LTEA_HepaRG_GCLM	ToxCast invitrodb v4.3
DED000997	2939	CLD_GSTA2_48hr|LTEA_HepaRG_GSTA2	ToxCast invitrodb v4.3
DED000997	3091	LTEA_HepaRG_HIF1A	ToxCast invitrodb v4.3
DED000997	3158	LTEA_HepaRG_HMGCS2	ToxCast invitrodb v4.3
DED000997	3479	LTEA_HepaRG_IGF1	ToxCast invitrodb v4.3
DED000997	3484	LTEA_HepaRG_IGFBP1	ToxCast invitrodb v4.3
DED000997	355	LTEA_HepaRG_FAS	ToxCast invitrodb v4.3
DED000997	3775	LTEA_HepaRG_KCNK1	ToxCast invitrodb v4.3
DED000997	3990	LTEA_HepaRG_LIPC	ToxCast invitrodb v4.3
DED000997	4520	ATG_MRE_CIS	ToxCast invitrodb v4.3
DED000997	4780	ATG_NRF2_ARE_CIS|TOX21_ARE_BLA_Agonist_ratio	ToxCast invitrodb v4.3
DED000997	51	LTEA_HepaRG_ACOX1	ToxCast invitrodb v4.3
DED000997	5468	ATG_PPARg_TRANS|ATG_hPPARg_XSP1|ATG_hPPARg_XSP2	ToxCast invitrodb v4.3
DED000997	5728	LTEA_HepaRG_PTEN	ToxCast invitrodb v4.3
DED000997	5914	ATG_DR5_RAR_CIS	ToxCast invitrodb v4.3
DED000997	5915	ATG_DR5_RAR_CIS	ToxCast invitrodb v4.3
DED000997	5916	ATG_DR5_RAR_CIS	ToxCast invitrodb v4.3
DED000997	6095	ATG_RORE_CIS	ToxCast invitrodb v4.3
DED000997	6096	ATG_RORE_CIS	ToxCast invitrodb v4.3
DED000997	6097	ATG_RORE_CIS	ToxCast invitrodb v4.3
DED000997	637	LTEA_HepaRG_BID	ToxCast invitrodb v4.3
DED000997	6580	LTEA_HepaRG_SLC22A1	ToxCast invitrodb v4.3
DED000997	6714	OT_FXR_FXRSRC1_0480|OT_FXR_FXRSRC1_1440	ToxCast invitrodb v4.3
DED000997	6716	CCTE_Deisenroth_5AR_NBTE_ratio	ToxCast invitrodb v4.3
DED000997	7040	LTEA_HepaRG_TGFB1	ToxCast invitrodb v4.3
DED000997	7067	ATG_hTRa_XSP1	ToxCast invitrodb v4.3
DED000997	7132	LTEA_HepaRG_TNFRSF1A	ToxCast invitrodb v4.3
DED000997	7157	LTEA_HepaRG_TP53|TOX21_p53_BLA_p2_ratio|TOX21_p53_BLA_p3_ratio|TOX21_p53_BLA_p4_ratio|TOX21_p53_BLA_p5_ratio	ToxCast invitrodb v4.3
DED000997	841	LTEA_HepaRG_CASP8	ToxCast invitrodb v4.3
DED000997	847	LTEA_HepaRG_CAT	ToxCast invitrodb v4.3
DED000997	8647	CLD_ABCB11_48hr|LTEA_HepaRG_ABCB11	ToxCast invitrodb v4.3
DED000997	9970	ATG_PBREM_CIS	ToxCast invitrodb v4.3
DED000997	9971	OT_FXR_FXRSRC1_0480|OT_FXR_FXRSRC1_1440	ToxCast invitrodb v4.3
DED001000	2099	ATG_ERa_TRANS	ToxCast invitrodb v4.3
DED001000	4780	TOX21_ARE_KS_LUC_Agonist	ToxCast invitrodb v4.3
DED001001	196	ERF_US_NR_hAHR	ToxCast invitrodb v4.3
DED001007	2099	ATG_ERa_TRANS	ToxCast invitrodb v4.3
DED001015	5468	ATG_PPARg_TRANS	ToxCast invitrodb v4.3
DED001015	7253	TOX21_TSHR_HTRF_Agonist_ratio	ToxCast invitrodb v4.3
DED001015	8856	ATG_PXR_TRANS|TOX21_PXR_LUC_Agonist	ToxCast invitrodb v4.3
DED001015	9970	TOX21_CAR_LUC_Agonist	ToxCast invitrodb v4.3
DED001026	1576	LTEA_HepaRG_CYP3A4	ToxCast invitrodb v4.3
DED001026	6256	TOX21_RXR_BLA_Agonist_ratio	ToxCast invitrodb v4.3
DED001026	8856	ATG_PXRE_CIS|TOX21_PXR_LUC_Agonist	ToxCast invitrodb v4.3
DED001027	10912	LTEA_HepaRG_GADD45G	ToxCast invitrodb v4.3
DED001027	1543	LTEA_HepaRG_CYP1A1	ToxCast invitrodb v4.3
DED001027	1551	LTEA_HepaRG_CYP3A7	ToxCast invitrodb v4.3
DED001027	1555	LTEA_HepaRG_CYP2B6	ToxCast invitrodb v4.3
DED001027	1557	LTEA_HepaRG_CYP2C19	ToxCast invitrodb v4.3
DED001027	1559	LTEA_HepaRG_CYP2C9	ToxCast invitrodb v4.3
DED001027	1576	LTEA_HepaRG_CYP3A4	ToxCast invitrodb v4.3
DED001027	2099	ATG_ERE_CIS|ATG_hERa_EcoTox2	ToxCast invitrodb v4.3
DED001027	284541	LTEA_HepaRG_CYP4A22	ToxCast invitrodb v4.3
DED001027	3158	LTEA_HepaRG_HMGCS2	ToxCast invitrodb v4.3
DED001027	4780	ATG_NRF2_ARE_CIS	ToxCast invitrodb v4.3
DED001027	5465	ATG_PPARa_TRANS|ATG_PPRE_CIS|ATG_hPPARa_EcoTox2	ToxCast invitrodb v4.3
DED001027	54658	LTEA_HepaRG_UGT1A1	ToxCast invitrodb v4.3
DED001027	5467	ATG_PPRE_CIS	ToxCast invitrodb v4.3
DED001027	5468	ATG_PPARg_TRANS|ATG_PPRE_CIS|ATG_hPPARg_EcoTox2	ToxCast invitrodb v4.3
DED001027	5728	LTEA_HepaRG_PTEN	ToxCast invitrodb v4.3
DED001027	6256	TOX21_RXR_BLA_Agonist_ratio	ToxCast invitrodb v4.3
DED001029	5465	ATG_PPRE_CIS	ToxCast invitrodb v4.3
DED001029	5467	ATG_PPRE_CIS	ToxCast invitrodb v4.3
DED001029	5468	ATG_PPARg_TRANS|ATG_PPRE_CIS	ToxCast invitrodb v4.3
